<?xml version="1.0" encoding="utf-8"?>
<COLLADA xmlns="http://www.collada.org/2005/11/COLLADASchema" version="1.4.1">
<asset><contributor><authoring_tool>vats_rig_source_dae</authoring_tool></contributor><unit name="meter" meter="1"/><up_axis>Z_UP</up_axis></asset>
<library_effects><effect id="fx0"><profile_COMMON><technique sid="c"><lambert><diffuse><color>0.800 0.800 0.800 1</color></diffuse></lambert></technique></profile_COMMON></effect></library_effects>
<library_materials><material id="m0" name="George_Texture"><instance_effect url="#fx0"/></material></library_materials>
<library_geometries><geometry id="g"><mesh>
<source id="g-p"><float_array id="g-p-a" count="23265">0.8782 -0.5068 -0.0006 1.0737 -0.5076 -0.0006 1.0728 -0.7373 -0.0006 0.8774 -0.7366 -0.0006 1.0287 -0.1762 0.1104 0.9257 -0.1758 0.1104 0.8782 -0.5068 0.2158 1.0737 -0.5076 0.2158 1.0728 -0.7373 0.2158 0.8774 -0.7366 0.2158 0.9257 -0.1758 -0.0006 1.0287 -0.1762 -0.0006 0.8774 -0.7366 -0.0006 0.8774 -0.7366 0.2158 0.8782 -0.5068 0.2158 0.8782 -0.5068 -0.0006 1.0737 -0.5076 0.2158 1.0728 -0.7373 0.2158 1.0728 -0.7373 -0.0006 1.0737 -0.5076 -0.0006 1.0728 -0.7373 0.2158 0.8774 -0.7366 0.2158 0.8774 -0.7366 -0.0006 1.0728 -0.7373 -0.0006 0.9257 -0.1758 -0.0006 0.9257 -0.1758 0.1104 1.0287 -0.1762 0.1104 1.0287 -0.1762 -0.0006 0.9257 -0.1758 0.1104 0.9257 -0.1758 -0.0006 1.0287 -0.1762 -0.0006 1.0287 -0.1762 0.1104 -3.3372 0.3048 4.6003 -3.4727 0.3479 4.5386 -3.4431 0.4400 4.5387 -3.3072 0.3967 4.6003 -3.1490 0.2440 4.7154 -3.3176 0.2985 4.7154 -3.3176 0.2985 4.6092 -3.1490 0.2440 4.6092 -3.1490 0.2440 4.6092 -3.3176 0.2985 4.6092 -3.2874 0.3904 4.6092 -3.1189 0.3359 4.6092 -3.2874 0.3904 4.7154 -3.3176 0.2985 4.7154 -3.1490 0.2440 4.7154 -3.1189 0.3359 4.7154 -3.2874 0.3904 4.6092 -3.2874 0.3904 4.7154 -3.1189 0.3359 4.7154 -3.1189 0.3359 4.6092 -3.4640 0.4466 4.6431 -3.4935 0.3545 4.6430 -3.3607 0.3122 4.7065 -3.3307 0.4042 4.7065 -3.4935 0.3545 4.6430 -3.4727 0.3479 4.5386 -3.3372 0.3048 4.6003 -3.3607 0.3122 4.7065 -3.3072 0.3967 4.6003 -3.4431 0.4400 4.5387 -3.4640 0.4466 4.6431 -3.3307 0.4042 4.7065 -3.4853 0.4308 4.6130 -3.4640 0.4466 4.6431 -3.4431 0.4400 4.5387 -3.4729 0.4269 4.5512 -3.4727 0.3479 4.5386 -3.4893 0.3758 4.5511 -3.4729 0.4269 4.5512 -3.4431 0.4400 4.5387 -3.4853 0.4308 4.6130 -3.5016 0.3797 4.6129 -3.5016 0.3797 4.6129 -3.4893 0.3758 4.5511 -3.4727 0.3479 4.5386 -3.4935 0.3545 4.6430 -3.4893 0.3758 4.5511 -3.5016 0.3797 4.6129 -3.4853 0.4308 4.6130 -3.4729 0.4269 4.5512 -3.4344 0.0932 4.5979 -3.5877 0.0921 4.5315 -3.5882 0.1964 4.5315 -3.4343 0.1975 4.5979 -3.1765 0.0931 4.7221 -3.4121 0.0934 4.7221 -3.4121 0.0934 4.6075 -3.1765 0.0931 4.6075 -3.4121 0.0934 4.6075 -3.4120 0.1977 4.6075 -3.1764 0.1975 4.6075 -3.1765 0.0931 4.6075 -3.1764 0.1975 4.7221 -3.4120 0.1977 4.7221 -3.4121 0.0934 4.7221 -3.1765 0.0931 4.7221 -3.4120 0.1977 4.6075 -3.4120 0.1977 4.7221 -3.1764 0.1975 4.7221 -3.1764 0.1975 4.6075 -3.6118 0.1962 4.6441 -3.6112 0.0919 4.6441 -3.4610 0.0930 4.7125 -3.4610 0.1973 4.7125 -3.6112 0.0919 4.6441 -3.5877 0.0921 4.5315 -3.4344 0.0932 4.5979 -3.4610 0.0930 4.7125 -3.4343 0.1975 4.5979 -3.5882 0.1964 4.5315 -3.6118 0.1962 4.6441 -3.4610 0.1973 4.7125 -3.6283 0.1728 4.6116 -3.6118 0.1962 4.6441 -3.5882 0.1964 4.5315 -3.6144 0.1730 4.5450 -3.5877 0.0921 4.5315 -3.6141 0.1151 4.5449 -3.6144 0.1730 4.5450 -3.5882 0.1964 4.5315 -3.6283 0.1728 4.6116 -3.6280 0.1150 4.6116 -3.6280 0.1150 4.6116 -3.6141 0.1151 4.5449 -3.5877 0.0921 4.5315 -3.6112 0.0919 4.6441 -3.6144 0.1730 4.5450 -3.6141 0.1151 4.5449 -3.6280 0.1150 4.6116 -3.6283 0.1728 4.6116 -3.3211 -0.1101 4.6011 -3.4483 -0.1647 4.5411 -3.4852 -0.0781 4.5412 -3.3576 -0.0234 4.6011 -3.3027 -0.1022 4.7131 -3.3027 -0.1022 4.6098 -3.1068 -0.0201 4.6098 -3.1068 -0.0201 4.7131 -3.3027 -0.1022 4.6098 -3.3391 -0.0155 4.6098 -3.1431 0.0667 4.6098 -3.1068 -0.0201 4.6098 -3.1431 0.0667 4.7131 -3.3391 -0.0155 4.7131 -3.3027 -0.1022 4.7131 -3.1068 -0.0201 4.7131 -3.1431 0.0667 4.6098 -3.3391 -0.0155 4.6098 -3.3391 -0.0155 4.7131 -3.1431 0.0667 4.7131 -3.5047 -0.0865 4.6428 -3.4677 -0.1731 4.6427 -3.3432 -0.1196 4.7044 -3.3797 -0.0329 4.7044 -3.4677 -0.1731 4.6427 -3.4483 -0.1647 4.5411 -3.3211 -0.1101 4.6011 -3.3432 -0.1196 4.7044 -3.3576 -0.0234 4.6011 -3.4852 -0.0781 4.5412 -3.5047 -0.0865 4.6428 -3.3797 -0.0329 4.7044 -3.5103 -0.1118 4.6134 -3.5047 -0.0865 4.6428 -3.4852 -0.0781 4.5412 -3.4987 -0.1068 4.5533 -3.4483 -0.1647 4.5411 -3.4783 -0.1547 4.5533 -3.4987 -0.1068 4.5533 -3.4852 -0.0781 4.5412 -3.5103 -0.1118 4.6134 -3.4898 -0.1597 4.6134 -3.4898 -0.1597 4.6134 -3.4783 -0.1547 4.5533 -3.4483 -0.1647 4.5411 -3.4677 -0.1731 4.6427 -3.4783 -0.1547 4.5533 -3.4898 -0.1597 4.6134 -3.5103 -0.1118 4.6134 -3.4987 -0.1068 4.5533 -3.1122 -0.3080 4.5379 -3.1613 -0.2277 4.5380 -3.0430 -0.1550 4.5979 -2.9708 -0.2287 4.5978 -2.9537 -0.2182 4.7099 -2.9537 -0.2182 4.6065 -2.8512 -0.0049 4.6065 -2.8512 -0.0049 4.7099 -2.8512 -0.0049 4.6065 -2.9537 -0.2182 4.6065 -3.0259 -0.1445 4.6065 -2.9311 0.0448 4.6065 -3.0259 -0.1445 4.7099 -2.9537 -0.2182 4.7099 -2.8512 -0.0049 4.7099 -2.9311 0.0448 4.7099 -2.9311 0.0448 4.6065 -3.0259 -0.1445 4.6065 -3.0259 -0.1445 4.7099 -2.9311 0.0448 4.7099 -3.0635 -0.1676 4.7012 -3.1794 -0.2389 4.6395 -3.1302 -0.3191 4.6395 -2.9912 -0.2412 4.7012 -3.1302 -0.3191 4.6395 -3.1122 -0.3080 4.5379 -2.9708 -0.2287 4.5978 -2.9912 -0.2412 4.7012 -3.0430 -0.1550 4.5979 -3.1613 -0.2277 4.5380 -3.1794 -0.2389 4.6395 -3.0635 -0.1676 4.7012 -3.1812 -0.2646 4.6102 -3.1794 -0.2389 4.6395 -3.1613 -0.2277 4.5380 -3.1705 -0.2580 4.5501 -3.1122 -0.3080 4.5379 -3.1433 -0.3025 4.5501 -3.1705 -0.2580 4.5501 -3.1613 -0.2277 4.5380 -3.1812 -0.2646 4.6102 -3.1540 -0.3091 4.6102 -3.1302 -0.3191 4.6395 -3.1794 -0.2389 4.6395 -3.1540 -0.3091 4.6102 -3.1433 -0.3025 4.5501 -3.1122 -0.3080 4.5379 -3.1302 -0.3191 4.6395 -3.1433 -0.3025 4.5501 -3.1540 -0.3091 4.6102 -3.1812 -0.2646 4.6102 -3.1705 -0.2580 4.5501 3.3372 0.3048 4.6003 3.3072 0.3967 4.6003 3.4431 0.4400 4.5387 3.4727 0.3479 4.5386 3.1490 0.2440 4.7154 3.1490 0.2440 4.6092 3.3176 0.2985 4.6092 3.3176 0.2985 4.7154 3.1490 0.2440 4.6092 3.1189 0.3359 4.6092 3.2874 0.3904 4.6092 3.3176 0.2985 4.6092 3.1490 0.2440 4.7154 3.3176 0.2985 4.7154 3.2874 0.3904 4.7154 3.1189 0.3359 4.7154 3.1189 0.3359 4.7154 3.2874 0.3904 4.7154 3.2874 0.3904 4.6092 3.1189 0.3359 4.6092 3.3607 0.3122 4.7065 3.4935 0.3545 4.6430 3.4640 0.4466 4.6431 3.3307 0.4042 4.7065 3.3372 0.3048 4.6003 3.4727 0.3479 4.5386 3.4935 0.3545 4.6430 3.3607 0.3122 4.7065 3.3072 0.3967 4.6003 3.3307 0.4042 4.7065 3.4640 0.4466 4.6431 3.4431 0.4400 4.5387 3.4853 0.4308 4.6130 3.4729 0.4269 4.5512 3.4431 0.4400 4.5387 3.4640 0.4466 4.6431 3.4727 0.3479 4.5386 3.4431 0.4400 4.5387 3.4729 0.4269 4.5512 3.4893 0.3758 4.5511 3.5016 0.3797 4.6129 3.4853 0.4308 4.6130 3.4727 0.3479 4.5386 3.4893 0.3758 4.5511 3.5016 0.3797 4.6129 3.4935 0.3545 4.6430 3.4853 0.4308 4.6130 3.5016 0.3797 4.6129 3.4893 0.3758 4.5511 3.4729 0.4269 4.5512 3.4344 0.0932 4.5979 3.4343 0.1975 4.5979 3.5882 0.1964 4.5315 3.5877 0.0921 4.5315 3.1765 0.0931 4.7221 3.1765 0.0931 4.6075 3.4121 0.0934 4.6075 3.4121 0.0934 4.7221 3.1764 0.1975 4.6075 3.4120 0.1977 4.6075 3.4121 0.0934 4.6075 3.1765 0.0931 4.6075 3.1764 0.1975 4.7221 3.1765 0.0931 4.7221 3.4121 0.0934 4.7221 3.4120 0.1977 4.7221 3.1764 0.1975 4.7221 3.4120 0.1977 4.7221 3.4120 0.1977 4.6075 3.1764 0.1975 4.6075 3.4610 0.0930 4.7125 3.6112 0.0919 4.6441 3.6118 0.1962 4.6441 3.4610 0.1973 4.7125 3.4344 0.0932 4.5979 3.5877 0.0921 4.5315 3.6112 0.0919 4.6441 3.4610 0.0930 4.7125 3.4343 0.1975 4.5979 3.4610 0.1973 4.7125 3.6118 0.1962 4.6441 3.5882 0.1964 4.5315 3.6283 0.1728 4.6116 3.6144 0.1730 4.5450 3.5882 0.1964 4.5315 3.6118 0.1962 4.6441 3.5877 0.0921 4.5315 3.5882 0.1964 4.5315 3.6144 0.1730 4.5450 3.6141 0.1151 4.5449 3.6280 0.1150 4.6116 3.6283 0.1728 4.6116 3.5877 0.0921 4.5315 3.6141 0.1151 4.5449 3.6280 0.1150 4.6116 3.6112 0.0919 4.6441 3.6144 0.1730 4.5450 3.6283 0.1728 4.6116 3.6280 0.1150 4.6116 3.6141 0.1151 4.5449 3.3211 -0.1101 4.6011 3.3576 -0.0234 4.6011 3.4852 -0.0781 4.5412 3.4483 -0.1647 4.5411 3.1068 -0.0201 4.6098 3.3027 -0.1022 4.6098 3.3027 -0.1022 4.7131 3.1068 -0.0201 4.7131 3.1431 0.0667 4.6098 3.3391 -0.0155 4.6098 3.3027 -0.1022 4.6098 3.1068 -0.0201 4.6098 3.1431 0.0667 4.7131 3.1068 -0.0201 4.7131 3.3027 -0.1022 4.7131 3.3391 -0.0155 4.7131 3.1431 0.0667 4.6098 3.1431 0.0667 4.7131 3.3391 -0.0155 4.7131 3.3391 -0.0155 4.6098 3.3432 -0.1196 4.7044 3.4677 -0.1731 4.6427 3.5047 -0.0865 4.6428 3.3797 -0.0329 4.7044 3.3211 -0.1101 4.6011 3.4483 -0.1647 4.5411 3.4677 -0.1731 4.6427 3.3432 -0.1196 4.7044 3.3576 -0.0234 4.6011 3.3797 -0.0329 4.7044 3.5047 -0.0865 4.6428 3.4852 -0.0781 4.5412 3.5103 -0.1118 4.6134 3.4987 -0.1068 4.5533 3.4852 -0.0781 4.5412 3.5047 -0.0865 4.6428 3.4483 -0.1647 4.5411 3.4852 -0.0781 4.5412 3.4987 -0.1068 4.5533 3.4783 -0.1547 4.5533 3.4898 -0.1597 4.6134 3.5103 -0.1118 4.6134 3.4483 -0.1647 4.5411 3.4783 -0.1547 4.5533 3.4898 -0.1597 4.6134 3.4677 -0.1731 4.6427 3.5103 -0.1118 4.6134 3.4898 -0.1597 4.6134 3.4783 -0.1547 4.5533 3.4987 -0.1068 4.5533 3.0430 -0.1550 4.5979 3.1613 -0.2277 4.5380 3.1122 -0.3080 4.5379 2.9708 -0.2287 4.5978 2.8512 -0.0049 4.6065 2.9537 -0.2182 4.6065 2.9537 -0.2182 4.7099 2.8512 -0.0049 4.7099 2.8512 -0.0049 4.6065 2.9311 0.0448 4.6065 3.0259 -0.1445 4.6065 2.9537 -0.2182 4.6065 2.8512 -0.0049 4.7099 2.9537 -0.2182 4.7099 3.0259 -0.1445 4.7099 2.9311 0.0448 4.7099 2.9311 0.0448 4.6065 2.9311 0.0448 4.7099 3.0259 -0.1445 4.7099 3.0259 -0.1445 4.6065 3.0635 -0.1676 4.7012 2.9912 -0.2412 4.7012 3.1302 -0.3191 4.6395 3.1794 -0.2389 4.6395 2.9708 -0.2287 4.5978 3.1122 -0.3080 4.5379 3.1302 -0.3191 4.6395 2.9912 -0.2412 4.7012 3.0430 -0.1550 4.5979 3.0635 -0.1676 4.7012 3.1794 -0.2389 4.6395 3.1613 -0.2277 4.5380 3.1812 -0.2646 4.6102 3.1705 -0.2580 4.5501 3.1613 -0.2277 4.5380 3.1794 -0.2389 4.6395 3.1122 -0.3080 4.5379 3.1613 -0.2277 4.5380 3.1705 -0.2580 4.5501 3.1433 -0.3025 4.5501 3.1302 -0.3191 4.6395 3.1540 -0.3091 4.6102 3.1812 -0.2646 4.6102 3.1794 -0.2389 4.6395 3.1122 -0.3080 4.5379 3.1433 -0.3025 4.5501 3.1540 -0.3091 4.6102 3.1302 -0.3191 4.6395 3.1812 -0.2646 4.6102 3.1540 -0.3091 4.6102 3.1433 -0.3025 4.5501 3.1705 -0.2580 4.5501 -0.3787 0.0782 4.7693 -0.4024 0.0782 4.6929 -0.4024 0.1723 4.6929 -0.3787 0.1723 4.7693 -0.3708 0.0782 4.8610 -0.3787 0.0782 4.9526 -0.4047 -0.0112 4.9426 -0.3976 -0.0112 4.8610 -0.4456 -0.0817 4.8610 -0.4496 -0.0798 4.7995 -0.4047 -0.0112 4.7794 -0.4024 0.0782 5.0290 -0.3787 0.1723 4.9526 -0.4024 0.1723 5.0290 -0.3708 0.1723 4.8610 -0.4258 -0.0112 5.0106 -0.4258 0.2618 5.0106 -0.4024 0.1723 5.0290 -0.3787 0.1723 4.9526 -0.4047 0.2618 4.9426 -0.3708 0.1723 4.8610 -0.3787 0.1723 4.7693 -0.4047 0.2618 4.7794 -0.3976 0.2618 4.8610 -0.4024 0.1723 4.6929 -0.4258 0.2618 4.7114 -0.6157 0.1763 4.5959 -0.4932 0.1723 4.6242 -0.4932 0.0782 4.6242 -0.6157 0.0743 4.5959 -0.4639 -0.0778 4.9731 -0.4496 -0.0798 4.9224 -0.4456 0.3323 4.8610 -0.4496 0.3304 4.9224 -0.4639 -0.0778 4.7488 -0.4258 -0.0112 4.7114 -0.4747 -0.1052 4.8610 -0.4765 -0.1016 4.8075 -0.4805 -0.0944 4.7698 -0.4765 -0.1016 4.9145 -0.4805 -0.0944 4.9521 -0.4639 0.3284 4.7488 -0.4496 0.3304 4.7995 -0.4932 0.1723 5.0977 -0.6157 0.1763 5.1260 -0.6157 0.0743 5.1260 -0.4932 0.0782 5.0977 -0.4639 0.3284 4.9731 -0.4747 0.3558 4.8610 -0.4765 0.3522 4.9145 -0.4805 0.3450 4.9521 -0.4765 0.3522 4.8075 -0.4805 0.3450 4.7698 -0.5408 0.3770 4.8610 -0.5397 0.3721 4.8018 -0.6157 0.2733 5.0969 -0.5067 0.2618 5.0717 -0.5271 0.3333 5.0158 -0.6157 0.3519 5.0338 -0.5355 0.3576 4.7483 -0.5271 0.3333 4.7062 -0.5070 0.1575 5.0184 -0.5070 0.0931 5.0184 -0.5555 0.0863 5.0565 -0.5555 0.1643 5.0565 -0.6157 0.1763 5.1260 -0.4932 0.1723 5.0977 -0.5067 -0.0112 5.0717 -0.5271 -0.0827 5.0158 -0.5397 0.3721 4.9201 -0.5355 0.3576 4.9736 -0.6157 0.4008 4.8610 -0.6157 0.3954 4.9267 -0.6157 0.3791 4.9864 -0.6157 0.3954 4.7952 -0.6157 0.3791 4.7356 -0.5067 0.2618 4.6502 -0.6157 0.3519 4.6882 -0.6157 0.1763 4.5959 -0.6157 0.2733 4.6250 -0.4932 0.1723 4.6242 -0.5355 -0.1070 4.9736 -0.6157 -0.0227 5.0969 -0.6157 -0.1013 5.0338 -0.6157 -0.1285 4.9864 -0.5355 -0.1070 4.7483 -0.6157 -0.1285 4.7356 -0.6157 -0.1013 4.6882 -0.5271 -0.0827 4.7062 -0.5408 -0.1264 4.8610 -0.5397 -0.1215 4.9201 -0.5397 -0.1215 4.8018 -0.6157 -0.1502 4.8610 -0.6157 -0.1448 4.7952 -0.6157 -0.1448 4.9267 -0.6157 -0.0227 4.6250 -0.5067 -0.0112 4.6502 -0.6437 0.0789 5.0929 -0.6437 0.1717 5.0929 -0.5617 0.2376 5.0347 -0.6437 0.2587 5.0670 -0.5617 0.2376 4.6873 -0.5166 0.2181 4.7210 -0.5308 0.2644 4.7567 -0.5708 0.2939 4.7322 -0.6437 0.0789 4.6290 -0.6437 0.1717 4.6290 -0.6157 0.1763 4.5959 -0.6157 0.0743 4.5959 -0.5555 0.0863 4.6655 -0.5617 0.0130 4.6873 -0.5166 0.0325 4.7210 -0.5070 0.0931 4.7036 -0.5166 0.0325 5.0010 -0.5617 0.0130 5.0347 -0.5394 0.2898 4.9021 -0.5769 0.3252 4.9117 -0.5777 0.3294 4.8610 -0.5402 0.2932 4.8610 -0.6437 0.3625 4.9211 -0.6437 0.3675 4.8610 -0.5365 0.2800 4.9382 -0.5746 0.3132 4.9561 -0.6437 0.3483 4.9738 -0.5769 0.3252 4.8102 -0.5394 0.2898 4.8198 -0.5746 0.3132 4.7658 -0.5365 0.2800 4.7837 -0.6437 0.3625 4.8008 -0.6437 0.3483 4.7482 -0.6437 0.2587 4.6550 -0.6437 0.3254 4.7083 -0.6437 -0.0081 5.0670 -0.5308 -0.0138 4.9652 -0.5708 -0.0433 4.9898 -0.5555 0.1643 4.6655 -0.5070 0.1575 4.7036 -0.6437 -0.0748 5.0137 -0.5708 0.2939 4.9898 -0.5308 0.2644 4.9652 -0.5166 0.2181 5.0010 -0.5365 -0.0294 4.9382 -0.5746 -0.0626 4.9561 -0.6437 -0.0977 4.9738 -0.6437 0.3254 5.0137 -0.5708 -0.0433 4.7322 -0.5308 -0.0138 4.7567 -0.5394 -0.0392 4.8198 -0.5769 -0.0746 4.8102 -0.5777 -0.0788 4.8610 -0.5402 -0.0426 4.8610 -0.6437 -0.1119 4.8008 -0.6437 -0.1169 4.8610 -0.5365 -0.0294 4.7837 -0.5746 -0.0626 4.7658 -0.6437 -0.0977 4.7482 -0.5769 -0.0746 4.9117 -0.5394 -0.0392 4.9021 -0.6437 -0.1119 4.9211 -0.6437 -0.0081 4.6550 -0.6437 -0.0748 4.7083 -0.5070 0.1575 4.7036 -0.5555 0.1643 4.6655 -0.6437 0.0789 4.6290 -0.6437 0.1717 4.6290 -0.6437 0.1717 4.6290 -0.5070 0.0931 5.0184 -0.5070 0.1575 5.0184 -0.5308 0.2644 4.9652 -0.5166 0.2181 5.0010 -0.5308 -0.0138 4.9652 -0.5365 0.2800 4.9382 -0.5394 0.2898 4.9021 -0.5402 0.2932 4.8610 -0.5394 0.2898 4.8198 -0.5365 0.2800 4.7837 -0.5365 -0.0294 4.7837 -0.5308 0.2644 4.7567 -0.5166 0.2181 4.7210 -0.5070 0.1575 4.7036 -0.5070 0.0931 4.7036 -0.5166 0.0325 4.7210 -0.5308 -0.0138 4.7567 -0.5394 -0.0392 4.8198 -0.5402 -0.0426 4.8610 -0.5394 -0.0392 4.9021 -0.5365 -0.0294 4.9382 -0.5166 0.0325 5.0010 -0.6157 0.1763 5.1260 -0.6437 0.1717 5.0929 -0.6437 0.0789 5.0929 -0.6157 0.0743 5.1260 -0.6437 0.2587 5.0670 -0.6157 0.2733 5.0969 -0.6157 0.1763 4.5959 -0.6437 0.1717 4.6290 -0.6437 0.2587 4.6550 -0.6157 0.2733 4.6250 -0.6437 -0.0748 4.7083 -0.6437 -0.0081 4.6550 -0.6157 -0.0227 4.6250 -0.6157 -0.1013 4.6882 -0.6437 0.3254 4.7083 -0.6157 0.3519 4.6882 -0.6437 -0.0977 4.7482 -0.6157 -0.1285 4.7356 -0.6157 -0.0227 5.0969 -0.6437 -0.0081 5.0670 -0.6437 -0.0748 5.0137 -0.6157 -0.1013 5.0338 -0.6437 0.3483 4.7482 -0.6157 0.3791 4.7356 -0.6437 0.3254 5.0137 -0.6157 0.3519 5.0338 -0.6437 -0.0977 4.9738 -0.6157 -0.1285 4.9864 -0.6437 0.3483 4.9738 -0.6157 0.3791 4.9864 -0.6157 0.3954 4.9267 -0.6437 0.3625 4.9211 -0.6157 0.4008 4.8610 -0.6437 0.3675 4.8610 -0.6437 0.3625 4.8008 -0.6157 0.3954 4.7952 -0.6157 -0.1448 4.7952 -0.6437 -0.1119 4.8008 -0.6157 -0.1502 4.8610 -0.6437 -0.1169 4.8610 -0.6437 -0.1119 4.9211 -0.6157 -0.1448 4.9267 0.3787 0.0782 4.7693 0.3787 0.1723 4.7693 0.4024 0.1723 4.6929 0.4024 0.0782 4.6929 0.4047 -0.0112 4.9426 0.3787 0.0782 4.9526 0.3708 0.0782 4.8610 0.3976 -0.0112 4.8610 0.4496 -0.0798 4.7995 0.4456 -0.0817 4.8610 0.4047 -0.0112 4.7794 0.4024 0.0782 5.0290 0.4024 0.1723 5.0290 0.3787 0.1723 4.9526 0.3708 0.1723 4.8610 0.4258 -0.0112 5.0106 0.3787 0.1723 4.9526 0.4024 0.1723 5.0290 0.4258 0.2618 5.0106 0.4047 0.2618 4.9426 0.4047 0.2618 4.7794 0.3787 0.1723 4.7693 0.3708 0.1723 4.8610 0.3976 0.2618 4.8610 0.4258 0.2618 4.7114 0.4024 0.1723 4.6929 0.6157 0.1763 4.5959 0.6157 0.0743 4.5959 0.4932 0.0782 4.6242 0.4932 0.1723 4.6242 0.4496 -0.0798 4.9224 0.4639 -0.0778 4.9731 0.4496 0.3304 4.9224 0.4456 0.3323 4.8610 0.4639 -0.0778 4.7488 0.4258 -0.0112 4.7114 0.4765 -0.1016 4.8075 0.4747 -0.1052 4.8610 0.4805 -0.0944 4.7698 0.4765 -0.1016 4.9145 0.4805 -0.0944 4.9521 0.4496 0.3304 4.7995 0.4639 0.3284 4.7488 0.4932 0.1723 5.0977 0.4932 0.0782 5.0977 0.6157 0.0743 5.1260 0.6157 0.1763 5.1260 0.4639 0.3284 4.9731 0.4765 0.3522 4.9145 0.4747 0.3558 4.8610 0.4805 0.3450 4.9521 0.4765 0.3522 4.8075 0.4805 0.3450 4.7698 0.5408 0.3770 4.8610 0.5397 0.3721 4.8018 0.6157 0.2733 5.0969 0.6157 0.3519 5.0338 0.5271 0.3333 5.0158 0.5067 0.2618 5.0717 0.5355 0.3576 4.7483 0.5271 0.3333 4.7062 0.5555 0.0863 5.0565 0.5070 0.0931 5.0184 0.5070 0.1575 5.0184 0.5555 0.1643 5.0565 0.4932 0.1723 5.0977 0.6157 0.1763 5.1260 0.5271 -0.0827 5.0158 0.5067 -0.0112 5.0717 0.5397 0.3721 4.9201 0.5355 0.3576 4.9736 0.6157 0.3954 4.9267 0.6157 0.4008 4.8610 0.6157 0.3791 4.9864 0.6157 0.3954 4.7952 0.6157 0.3791 4.7356 0.5067 0.2618 4.6502 0.6157 0.3519 4.6882 0.6157 0.2733 4.6250 0.6157 0.1763 4.5959 0.4932 0.1723 4.6242 0.5355 -0.1070 4.9736 0.6157 -0.0227 5.0969 0.6157 -0.1013 5.0338 0.6157 -0.1285 4.9864 0.6157 -0.1013 4.6882 0.6157 -0.1285 4.7356 0.5355 -0.1070 4.7483 0.5271 -0.0827 4.7062 0.5408 -0.1264 4.8610 0.5397 -0.1215 4.9201 0.5397 -0.1215 4.8018 0.6157 -0.1448 4.7952 0.6157 -0.1502 4.8610 0.6157 -0.1448 4.9267 0.6157 -0.0227 4.6250 0.5067 -0.0112 4.6502 0.6437 0.0789 5.0929 0.6437 0.1717 5.0929 0.5617 0.2376 5.0347 0.6437 0.2587 5.0670 0.5617 0.2376 4.6873 0.5708 0.2939 4.7322 0.5308 0.2644 4.7567 0.5166 0.2181 4.7210 0.6157 0.1763 4.5959 0.6437 0.1717 4.6290 0.6437 0.0789 4.6290 0.6157 0.0743 4.5959 0.5166 0.0325 4.7210 0.5617 0.0130 4.6873 0.5555 0.0863 4.6655 0.5070 0.0931 4.7036 0.5166 0.0325 5.0010 0.5617 0.0130 5.0347 0.5777 0.3294 4.8610 0.5769 0.3252 4.9117 0.5394 0.2898 4.9021 0.5402 0.2932 4.8610 0.6437 0.3675 4.8610 0.6437 0.3625 4.9211 0.5746 0.3132 4.9561 0.5365 0.2800 4.9382 0.6437 0.3483 4.9738 0.5394 0.2898 4.8198 0.5769 0.3252 4.8102 0.5365 0.2800 4.7837 0.5746 0.3132 4.7658 0.6437 0.3625 4.8008 0.6437 0.3483 4.7482 0.6437 0.2587 4.6550 0.6437 0.3254 4.7083 0.6437 -0.0081 5.0670 0.5708 -0.0433 4.9898 0.5308 -0.0138 4.9652 0.5555 0.1643 4.6655 0.5070 0.1575 4.7036 0.6437 -0.0748 5.0137 0.5308 0.2644 4.9652 0.5708 0.2939 4.9898 0.5166 0.2181 5.0010 0.5746 -0.0626 4.9561 0.5365 -0.0294 4.9382 0.6437 -0.0977 4.9738 0.6437 0.3254 5.0137 0.5308 -0.0138 4.7567 0.5708 -0.0433 4.7322 0.5777 -0.0788 4.8610 0.5769 -0.0746 4.8102 0.5394 -0.0392 4.8198 0.5402 -0.0426 4.8610 0.6437 -0.1169 4.8610 0.6437 -0.1119 4.8008 0.5746 -0.0626 4.7658 0.5365 -0.0294 4.7837 0.6437 -0.0977 4.7482 0.5394 -0.0392 4.9021 0.5769 -0.0746 4.9117 0.6437 -0.1119 4.9211 0.6437 -0.0748 4.7083 0.6437 -0.0081 4.6550 0.5070 0.1575 4.7036 0.5555 0.1643 4.6655 0.6437 0.0789 4.6290 0.6437 0.1717 4.6290 0.6437 0.1717 4.6290 0.5166 0.2181 5.0010 0.5070 0.1575 5.0184 0.5308 -0.0138 4.9652 0.5070 0.0931 5.0184 0.5166 0.0325 5.0010 0.5365 0.2800 4.7837 0.5365 -0.0294 4.9382 0.5394 -0.0392 4.9021 0.5402 -0.0426 4.8610 0.5394 -0.0392 4.8198 0.5365 -0.0294 4.7837 0.5308 -0.0138 4.7567 0.5166 0.0325 4.7210 0.5070 0.0931 4.7036 0.5070 0.1575 4.7036 0.5166 0.2181 4.7210 0.5308 0.2644 4.7567 0.5394 0.2898 4.8198 0.5402 0.2932 4.8610 0.5394 0.2898 4.9021 0.5365 0.2800 4.9382 0.5308 0.2644 4.9652 0.6157 0.1763 5.1260 0.6157 0.0743 5.1260 0.6437 0.0789 5.0929 0.6437 0.1717 5.0929 0.6437 0.2587 5.0670 0.6157 0.2733 5.0969 0.6157 0.1763 4.5959 0.6157 0.2733 4.6250 0.6437 0.2587 4.6550 0.6437 0.1717 4.6290 0.6157 -0.0227 4.6250 0.6437 -0.0081 4.6550 0.6437 -0.0748 4.7083 0.6157 -0.1013 4.6882 0.6157 0.3519 4.6882 0.6437 0.3254 4.7083 0.6437 -0.0977 4.7482 0.6157 -0.1285 4.7356 0.6157 -0.0227 5.0969 0.6157 -0.1013 5.0338 0.6437 -0.0748 5.0137 0.6437 -0.0081 5.0670 0.6157 0.3791 4.7356 0.6437 0.3483 4.7482 0.6437 0.3254 5.0137 0.6157 0.3519 5.0338 0.6157 -0.1285 4.9864 0.6437 -0.0977 4.9738 0.6437 0.3483 4.9738 0.6157 0.3791 4.9864 0.6157 0.3954 4.9267 0.6437 0.3625 4.9211 0.6157 0.4008 4.8610 0.6437 0.3675 4.8610 0.6437 0.3625 4.8008 0.6157 0.3954 4.7952 0.6157 -0.1448 4.7952 0.6437 -0.1119 4.8008 0.6157 -0.1502 4.8610 0.6437 -0.1169 4.8610 0.6437 -0.1119 4.9211 0.6157 -0.1448 4.9267 0.1376 -0.2080 5.5540 0.1376 0.0130 5.5743 0 0.0130 5.5743 0 -0.2080 5.5540 0 0.1898 5.4273 0.1376 0.1898 5.4273 0.1376 0.3096 4.7414 0 0.3096 4.7414 0.1376 -0.3550 5.3772 0.1376 -0.2352 4.6913 0.1376 0.1898 5.4273 0.1376 0.3096 4.7414 0.1376 0.1607 5.5063 0.1376 -0.3408 5.4601 0.1376 0.0959 5.5601 0.1376 0.0130 5.5743 0.1376 -0.2080 5.5540 0.1376 -0.2869 5.5248 0 -0.2869 5.5248 0.1376 -0.2869 5.5248 0 -0.3408 5.4601 0.1376 -0.3408 5.4601 0 -0.3550 5.3772 0.1376 -0.3550 5.3772 0 0.1607 5.5063 0.1376 0.1607 5.5063 0 0.0959 5.5601 0.1376 0.0959 5.5601 0 -0.2352 4.6913 0.1376 -0.2352 4.6913 -0.1376 -0.2080 5.5540 -0.1376 0.0130 5.5743 -0.1376 0.3096 4.7414 -0.1376 0.1898 5.4273 -0.1376 0.3096 4.7414 -0.1376 -0.2352 4.6913 -0.1376 0.0130 5.5743 -0.1376 -0.3550 5.3772 -0.1376 -0.3408 5.4601 -0.1376 -0.2869 5.5248 -0.1376 -0.2080 5.5540 -0.1376 0.1898 5.4273 -0.1376 0.0959 5.5601 -0.1376 0.1607 5.5063 -0.1376 -0.2869 5.5248 -0.1376 -0.3408 5.4601 -0.1376 -0.3550 5.3772 -0.1376 0.1607 5.5063 -0.1376 0.0959 5.5601 -0.1376 -0.2352 4.6913 -0.0887 -0.3005 5.1662 -0.0827 -0.3197 5.1703 -0.1052 -0.3217 5.2072 -0.1128 -0.3017 5.2059 0.1027 -0.3220 5.2072 0.0802 -0.3199 5.1703 0.0863 -0.3008 5.1662 0.1104 -0.3021 5.2059 -0.0871 -0.3675 5.2103 -0.0932 -0.3718 5.2469 -0.1001 -0.3690 5.2472 -0.0936 -0.3645 5.2079 -0.1001 -0.3690 5.2472 -0.1126 -0.3245 5.2518 -0.0936 -0.3645 5.2079 0.0574 -0.3650 5.3067 0.0736 -0.3623 5.2802 0.0815 -0.3622 5.2836 0.0636 -0.3652 5.3129 -0.0012 -0.3133 5.1410 -0.0012 -0.2919 5.1349 0.0467 -0.2955 5.1425 0.0434 -0.3159 5.1482 -0.0600 -0.3648 5.3067 -0.0334 -0.3665 5.3228 -0.0368 -0.3669 5.3307 -0.0662 -0.3650 5.3129 0.1027 -0.3310 5.2959 0.0802 -0.3364 5.3324 0.0710 -0.3756 5.3193 0.0910 -0.3728 5.2866 -0.0600 -0.3529 5.1898 -0.0762 -0.3556 5.2163 -0.0841 -0.3548 5.2129 -0.0662 -0.3519 5.1837 -0.0871 -0.3675 5.2103 -0.0686 -0.3638 5.1801 -0.0662 -0.3519 5.1837 -0.0841 -0.3548 5.2129 0.0355 -0.3627 5.1616 0.0660 -0.3640 5.1801 0.0636 -0.3521 5.1837 0.0343 -0.3502 5.1659 0.0660 -0.3776 5.3140 0.0845 -0.3752 5.2836 0.0910 -0.3728 5.2866 0.0710 -0.3756 5.3193 -0.0381 -0.3800 5.3324 -0.0013 -0.3813 5.3384 -0.0013 -0.3792 5.3455 -0.0409 -0.3779 5.3390 -0.1052 -0.3307 5.2960 -0.0936 -0.3725 5.2867 -0.0736 -0.3754 5.3193 -0.0827 -0.3362 5.3325 -0.0736 -0.3607 5.1754 -0.0686 -0.3638 5.1801 -0.0887 -0.3182 5.3403 -0.0458 -0.3368 5.3550 -0.0491 -0.3180 5.3646 -0.1128 -0.3115 5.3012 0.0975 -0.3693 5.2472 0.1101 -0.3248 5.2517 -0.0686 -0.3774 5.3140 -0.0736 -0.3754 5.3193 0.0863 -0.3185 5.3403 0.1104 -0.3118 5.3012 0.0383 -0.3781 5.3390 0.0355 -0.3801 5.3324 -0.0013 -0.3591 5.1489 0.0383 -0.3594 5.1555 0.0343 -0.3502 5.1659 0.0636 -0.3521 5.1837 0.0574 -0.3531 5.1898 0.0309 -0.3514 5.1737 -0.0409 -0.3779 5.3390 -0.0013 -0.3792 5.3455 -0.0012 -0.3359 5.3625 -0.0013 -0.3495 5.1601 -0.0013 -0.3626 5.1555 -0.0815 -0.3588 5.2483 -0.0900 -0.3583 5.2483 0.0736 -0.3623 5.2802 0.0574 -0.3650 5.3067 0.0526 -0.3846 5.2998 0.0660 -0.3842 5.2768 -0.0013 -0.3508 5.1684 -0.0013 -0.3495 5.1601 -0.0381 -0.3800 5.3324 -0.0686 -0.3774 5.3140 -0.0662 -0.3650 5.3129 -0.0368 -0.3669 5.3307 0.0309 -0.3514 5.1737 0.0296 -0.3742 5.1790 -0.0013 -0.3749 5.1743 -0.0013 -0.3508 5.1684 0.0309 -0.3666 5.3228 -0.0013 -0.3670 5.3281 -0.0013 -0.3895 5.3174 0.0296 -0.3878 5.3130 -0.0552 -0.3735 5.1926 -0.0686 -0.3777 5.2152 -0.0762 -0.3556 5.2163 -0.0600 -0.3529 5.1898 0.0710 -0.3609 5.1753 0.0845 -0.3752 5.2836 0.0660 -0.3776 5.3140 0.0636 -0.3652 5.3129 0.0815 -0.3622 5.2836 -0.0368 -0.3501 5.1659 -0.0381 -0.3626 5.1616 -0.0013 -0.3626 5.1555 -0.0013 -0.3495 5.1601 -0.0458 -0.3157 5.1482 -0.0409 -0.3592 5.1555 -0.0736 -0.3607 5.1754 0.0660 -0.3640 5.1801 0.0355 -0.3627 5.1616 0.0383 -0.3594 5.1555 0.0710 -0.3609 5.1753 -0.0013 -0.3495 5.1601 -0.0013 -0.3508 5.1684 -0.0334 -0.3513 5.1737 -0.0368 -0.3501 5.1659 -0.0013 -0.3675 5.3365 -0.0013 -0.3813 5.3384 -0.0013 -0.3670 5.3281 -0.0013 -0.3675 5.3365 -0.0334 -0.3665 5.3228 -0.0600 -0.3648 5.3067 -0.0552 -0.3845 5.2998 -0.0323 -0.3877 5.3130 -0.0733 -0.3821 5.2459 -0.0815 -0.3588 5.2483 0.0706 -0.3823 5.2459 0.0789 -0.3590 5.2482 0.0874 -0.3586 5.2483 0.0906 -0.3721 5.2469 0.0789 -0.3590 5.2482 0.0874 -0.3586 5.2483 0.0309 -0.3666 5.3228 0.0343 -0.3670 5.3307 0.0574 -0.3531 5.1898 0.0526 -0.3737 5.1925 -0.0900 -0.3583 5.2483 -0.0932 -0.3718 5.2469 0.0343 -0.3670 5.3307 0.0355 -0.3801 5.3324 -0.0334 -0.3513 5.1737 -0.0013 -0.3508 5.1684 -0.0013 -0.3749 5.1743 -0.0323 -0.3741 5.1790 0.0434 -0.3369 5.3550 0.0467 -0.3182 5.3646 -0.0491 -0.2954 5.1425 0.0383 -0.3781 5.3390 0.0910 -0.3648 5.2078 0.0815 -0.3550 5.2129 0.0736 -0.3558 5.2162 -0.0013 -0.3591 5.1489 -0.0012 -0.3133 5.1410 -0.0012 -0.3162 5.3728 -0.0409 -0.3592 5.1555 -0.0381 -0.3626 5.1616 -0.0686 -0.3840 5.2768 -0.0762 -0.3621 5.2802 -0.0012 -0.2919 5.1349 0.0910 -0.3648 5.2078 0.0845 -0.3677 5.2103 -0.0013 -0.3591 5.1489 -0.0013 -0.3626 5.1555 0.0706 -0.3823 5.2459 0.0660 -0.3842 5.2768 -0.0013 -0.3895 5.3174 0.0526 -0.3846 5.2998 0.0296 -0.3878 5.3130 0.0660 -0.3779 5.2152 -0.0323 -0.3877 5.3130 -0.0552 -0.3845 5.2998 -0.0686 -0.3840 5.2768 -0.0733 -0.3821 5.2459 -0.0686 -0.3777 5.2152 -0.0552 -0.3735 5.1926 -0.0323 -0.3741 5.1790 -0.0013 -0.3749 5.1743 0.0296 -0.3742 5.1790 0.0526 -0.3737 5.1925 -0.0762 -0.3621 5.2802 -0.0841 -0.3620 5.2837 0.0845 -0.3677 5.2103 0.0815 -0.3550 5.2129 0.0736 -0.3558 5.2162 0.0660 -0.3779 5.2152 -0.0013 -0.3626 5.1555 -0.0013 -0.3591 5.1489 -0.0871 -0.3749 5.2836 -0.0841 -0.3620 5.2837 0.1183 -0.3042 5.2538 -0.0936 -0.3725 5.2867 -0.0871 -0.3749 5.2836 0.0975 -0.3693 5.2472 0.0906 -0.3721 5.2469 -0.1207 -0.3039 5.2539 0.2342 -0.2311 4.4070 0 -0.2311 4.4070 0.2257 0.6707 4.6595 0 0.6707 4.6595 0.3984 0.6018 4.6402 0.4700 0.4354 4.5936 0.4700 -0.0039 4.4706 0 -0.2821 4.6113 0 -0.4256 4.1305 0.2674 -0.4095 4.1847 0.2342 -0.2821 4.6113 0.2257 0.5511 5.0210 0 0.5511 5.0210 0 0.4917 5.0122 0.2261 0.4917 5.0122 0.2342 -0.3231 4.7754 0.2335 -0.2681 4.7988 0 -0.2796 4.7982 0 -0.3363 4.7748 0.4700 0.3158 4.9549 0.4384 0.2872 4.9548 0.4384 -0.0706 4.8543 0.4700 -0.0959 4.8393 0.3984 0.4822 5.0017 0.3762 0.4318 4.9954 0.4114 0.1640 5.1192 0.4114 0.2669 5.0788 0.4114 0.6772 6.1251 0.4114 0.5332 6.1859 0.4114 0.8037 6.4477 0.4114 0.6597 6.5086 0.3805 0.6772 6.1251 0.3805 0.2669 5.0788 0.3805 0.1640 5.1192 0.3805 0.5332 6.1859 0.3805 0.8037 6.4477 0.3805 0.6597 6.5086 0.3805 0.2669 5.0788 0.3805 0.6772 6.1251 0.4114 0.6772 6.1251 0.4114 0.2669 5.0788 0.3805 0.8037 6.4477 0.4114 0.8037 6.4477 0.4114 0.5332 6.1859 0.3805 0.5332 6.1859 0.3805 0.1640 5.1192 0.4114 0.1640 5.1192 0.4114 0.6597 6.5086 0.3805 0.6597 6.5086 0.4114 0.1640 5.1192 0.3805 0.1640 5.1192 0.3805 0.2669 5.0788 0.4114 0.2669 5.0788 0.4114 0.8037 6.4477 0.3805 0.8037 6.4477 0.3805 0.6597 6.5086 0.4114 0.6597 6.5086 0 0.6707 4.6595 0 0.6044 4.8600 0.2257 0.6044 4.8600 0.2257 0.6707 4.6595 0.3984 0.5355 4.8407 0.4700 0.3691 4.7940 0.4700 0.4354 4.5936 0.3984 0.6018 4.6402 0.3984 0.5355 4.8407 0.3984 0.6018 4.6402 0 -0.4256 4.1305 0 -0.3935 4.0616 0.2674 -0.3774 4.1159 0.2674 -0.4095 4.1847 0.2342 -0.2311 4.4070 0.4700 -0.0039 4.4706 0.4329 -0.1698 4.2280 0.2674 -0.3774 4.1159 0.4700 -0.0039 4.4706 0.4700 -0.0549 4.6751 0.2342 -0.2821 4.6113 0.2674 -0.4095 4.1847 0.4329 -0.2019 4.2969 0.4700 -0.0549 4.6751 0.4329 -0.1698 4.2280 0.2674 -0.3774 4.1159 0 -0.2311 4.4070 0 -0.3935 4.0616 0.2342 -0.3231 4.7754 0 -0.3363 4.7748 0 0.5511 5.0210 0.2257 0.5511 5.0210 0.3984 0.4822 5.0017 0.4700 0.3158 4.9549 0.3984 0.4822 5.0017 0.4700 -0.0959 4.8393 0.2342 -0.3231 4.7754 0.4700 -0.0959 4.8393 0.4384 -0.0706 4.8543 0.4384 0.2872 4.9548 0.4384 0.2296 5.1288 0.4384 -0.1149 5.0318 0 0.4341 5.1863 0 0.3440 5.2396 0.1900 0.3440 5.2396 0.2261 0.4341 5.1863 0.4384 -0.0706 4.8543 0.4384 -0.1149 5.0318 0.2335 -0.3124 4.9762 0.2335 -0.2681 4.7988 0.2261 0.4341 5.1863 0.3762 0.3742 5.1694 0.3762 0.4318 4.9954 0.2261 0.4917 5.0122 0.3762 0.3742 5.1694 0.3762 0.4318 4.9954 0 0.4341 5.1863 0 0.4917 5.0122 0.3576 0.1827 5.1942 0.3232 0.1224 5.3143 0.3232 -0.0817 5.2568 0.3576 -0.0891 5.1177 0.3085 0.2968 5.2263 0.3762 0.3742 5.1694 0 -0.3382 4.9750 0.2335 -0.3124 4.9762 0.1959 -0.2449 5.0738 0 -0.2449 5.0738 0.4384 -0.1149 5.0318 0.4384 0.2296 5.1288 0.1974 0.2435 5.3484 0 0.2435 5.3484 0.2018 -0.1987 5.2239 0 -0.1987 5.2239 0.3232 -0.0817 5.2568 0.3232 0.1224 5.3143 0.2863 0.2080 5.3384 0.2863 0.2080 5.3384 0.2018 -0.1987 5.2239 0 -0.1987 5.2239 0 0.2435 5.3484 0.1974 0.2435 5.3484 0.2863 0.2080 5.3384 0.3232 -0.0817 5.2568 0.2018 -0.1987 5.2239 0.2335 -0.3124 4.9762 0 -0.3382 4.9750 0 -0.2796 4.7982 0.2335 -0.2681 4.7988 -0.4700 0.4354 4.5936 -0.2342 -0.2311 4.4070 -0.4700 -0.0039 4.4706 -0.3984 0.6018 4.6402 -0.2257 0.6707 4.6595 -0.2674 -0.4095 4.1847 -0.2342 -0.2821 4.6113 -0.2257 0.5511 5.0210 -0.2261 0.4917 5.0122 -0.2335 -0.2681 4.7988 -0.2342 -0.3231 4.7754 -0.4384 -0.0706 4.8543 -0.4384 0.2872 4.9548 -0.4700 0.3158 4.9549 -0.4700 -0.0959 4.8393 -0.3984 0.4822 5.0017 -0.3762 0.4318 4.9954 -0.4114 0.6772 6.1251 -0.4114 0.2669 5.0788 -0.4114 0.1640 5.1192 -0.4114 0.5332 6.1859 -0.4114 0.8037 6.4477 -0.4114 0.6597 6.5086 -0.3805 0.1640 5.1192 -0.3805 0.2669 5.0788 -0.3805 0.6772 6.1251 -0.3805 0.5332 6.1859 -0.3805 0.8037 6.4477 -0.3805 0.6597 6.5086 -0.4114 0.6772 6.1251 -0.3805 0.6772 6.1251 -0.3805 0.2669 5.0788 -0.4114 0.2669 5.0788 -0.4114 0.8037 6.4477 -0.3805 0.8037 6.4477 -0.4114 0.5332 6.1859 -0.4114 0.1640 5.1192 -0.3805 0.1640 5.1192 -0.3805 0.5332 6.1859 -0.4114 0.6597 6.5086 -0.3805 0.6597 6.5086 -0.4114 0.1640 5.1192 -0.4114 0.2669 5.0788 -0.3805 0.2669 5.0788 -0.3805 0.1640 5.1192 -0.4114 0.8037 6.4477 -0.4114 0.6597 6.5086 -0.3805 0.6597 6.5086 -0.3805 0.8037 6.4477 -0.2257 0.6707 4.6595 -0.2257 0.6044 4.8600 -0.4700 0.4354 4.5936 -0.4700 0.3691 4.7940 -0.3984 0.5355 4.8407 -0.3984 0.6018 4.6402 -0.3984 0.6018 4.6402 -0.3984 0.5355 4.8407 -0.2674 -0.4095 4.1847 -0.2674 -0.3774 4.1159 -0.2342 -0.2311 4.4070 -0.2674 -0.3774 4.1159 -0.4329 -0.1698 4.2280 -0.4700 -0.0039 4.4706 -0.4700 -0.0039 4.4706 -0.4700 -0.0549 4.6751 -0.4329 -0.2019 4.2969 -0.2674 -0.4095 4.1847 -0.2342 -0.2821 4.6113 -0.4700 -0.0549 4.6751 -0.4329 -0.1698 4.2280 -0.2674 -0.3774 4.1159 -0.2342 -0.3231 4.7754 -0.2257 0.5511 5.0210 -0.4700 0.3158 4.9549 -0.3984 0.4822 5.0017 -0.3984 0.4822 5.0017 -0.2342 -0.3231 4.7754 -0.4700 -0.0959 4.8393 -0.4700 -0.0959 4.8393 -0.4384 -0.0706 4.8543 -0.4384 -0.1149 5.0318 -0.4384 0.2296 5.1288 -0.4384 0.2872 4.9548 -0.1900 0.3440 5.2396 -0.2261 0.4341 5.1863 -0.4384 -0.0706 4.8543 -0.2335 -0.2681 4.7988 -0.2335 -0.3124 4.9762 -0.4384 -0.1149 5.0318 -0.3762 0.4318 4.9954 -0.3762 0.3742 5.1694 -0.2261 0.4341 5.1863 -0.2261 0.4917 5.0122 -0.3762 0.3742 5.1694 -0.3762 0.4318 4.9954 -0.3232 -0.0817 5.2568 -0.3232 0.1224 5.3143 -0.3576 0.1827 5.1942 -0.3576 -0.0891 5.1177 -0.3085 0.2968 5.2263 -0.3762 0.3742 5.1694 -0.1959 -0.2449 5.0738 -0.2335 -0.3124 4.9762 -0.4384 -0.1149 5.0318 -0.4384 0.2296 5.1288 -0.3232 0.1224 5.3143 -0.1974 0.2435 5.3484 -0.2863 0.2080 5.3384 -0.3232 -0.0817 5.2568 -0.2018 -0.1987 5.2239 -0.2863 0.2080 5.3384 -0.2018 -0.1987 5.2239 -0.1974 0.2435 5.3484 -0.2863 0.2080 5.3384 -0.2018 -0.1987 5.2239 -0.3232 -0.0817 5.2568 -0.2335 -0.3124 4.9762 -0.2335 -0.2681 4.7988 -0.1900 -0.4186 4.3610 -0.2006 -0.4029 4.3554 -0.1731 -0.4246 4.2817 -0.1639 -0.4379 4.2909 -0.1173 -0.4412 4.2287 -0.1111 -0.4537 4.2406 0.0443 -0.4509 4.2028 0.1215 -0.4415 4.2287 0.1152 -0.4539 4.2407 0.0420 -0.4641 4.2164 -0.1618 -0.4389 4.2925 -0.1876 -0.4198 4.3617 -0.1472 -0.4292 4.3006 -0.1706 -0.4114 4.3635 -0.1876 -0.4198 4.3617 -0.1618 -0.4389 4.2925 -0.1096 -0.4545 4.2429 -0.1876 -0.3963 4.4368 -0.1900 -0.3947 4.4370 -0.1706 -0.3900 4.4319 -0.1876 -0.3963 4.4368 0.1138 -0.3571 4.5547 0.1038 -0.3547 4.5394 0.1514 -0.3689 4.4942 0.1660 -0.3726 4.5051 -0.1706 -0.3900 4.4319 -0.1706 -0.4114 4.3635 -0.1660 -0.4006 4.3622 -0.1660 -0.3798 4.4288 -0.1403 -0.4005 4.2993 -0.1626 -0.3819 4.3590 -0.1432 -0.4186 4.3011 -0.1472 -0.4292 4.3006 -0.0949 -0.4141 4.2562 -0.0969 -0.4324 4.2571 -0.1626 -0.3614 4.4242 -0.0401 -0.4509 4.2028 -0.0379 -0.4640 4.2163 0.1773 -0.4249 4.2818 0.1681 -0.4383 4.2909 -0.0401 -0.3301 4.5884 -0.1173 -0.3369 4.5619 -0.1111 -0.3549 4.5564 -0.0379 -0.3496 4.5817 0.1138 -0.4547 4.2430 0.0415 -0.4648 4.2190 0.1660 -0.4392 4.2926 0.1514 -0.4295 4.3006 0.1038 -0.4436 4.2554 0.1138 -0.4547 4.2430 0.1660 -0.4392 4.2926 -0.0339 -0.3494 4.5620 0.0380 -0.3495 4.5621 0.0415 -0.3518 4.5797 -0.0374 -0.3517 4.5797 -0.0374 -0.4647 4.2190 0.0415 -0.4648 4.2190 0.0380 -0.4524 4.2335 0.0420 -0.3497 4.5817 0.0443 -0.3302 4.5884 -0.1731 -0.3534 4.5088 -0.1639 -0.3705 4.5061 0.2048 -0.3781 4.4358 0.1773 -0.3538 4.5089 0.1681 -0.3709 4.5062 0.1941 -0.3951 4.4371 -0.1096 -0.3568 4.5546 -0.0374 -0.3517 4.5797 -0.1096 -0.3568 4.5546 -0.1618 -0.3723 4.5050 -0.1472 -0.3686 4.4941 -0.0997 -0.3545 4.5393 -0.1618 -0.3723 4.5050 -0.0997 -0.4434 4.2554 -0.1096 -0.4545 4.2429 0.0415 -0.3518 4.5797 0.2048 -0.4033 4.3555 0.1941 -0.4189 4.3610 0.1215 -0.3371 4.5619 0.1152 -0.3551 4.5564 0.1660 -0.3726 4.5051 0.1917 -0.3967 4.4369 0.1748 -0.3904 4.4320 0.1917 -0.3967 4.4369 0.1138 -0.3571 4.5547 0.1917 -0.4202 4.3618 0.1748 -0.4118 4.3636 0.1917 -0.4202 4.3618 0.0380 -0.3495 4.5621 -0.0339 -0.3494 4.5620 -0.0329 -0.3402 4.5555 0.0371 -0.3403 4.5555 -0.0949 -0.3292 4.5271 -0.0321 -0.3227 4.5484 -0.0969 -0.3458 4.5335 -0.0997 -0.4434 4.2554 -0.0997 -0.3545 4.5393 -0.1403 -0.3427 4.4839 -0.1432 -0.3596 4.4895 0.0365 -0.3228 4.5484 0.1748 -0.3904 4.4320 0.1703 -0.3801 4.4289 0.1703 -0.4009 4.3623 0.1748 -0.4118 4.3636 0.1474 -0.3598 4.4895 0.1446 -0.3430 4.4840 0.1669 -0.3618 4.4243 -0.1472 -0.3686 4.4941 0.1514 -0.3689 4.4942 0.1012 -0.3460 4.5335 0.0992 -0.3294 4.5271 0.1669 -0.3822 4.3591 0.0380 -0.4524 4.2335 0.0371 -0.4405 4.2356 -0.0329 -0.4404 4.2356 -0.0339 -0.4523 4.2335 0.1012 -0.4326 4.2571 0.0992 -0.4142 4.2562 0.0365 -0.4209 4.2349 0.1038 -0.3547 4.5394 0.1038 -0.4436 4.2554 0.1474 -0.4188 4.3011 0.1446 -0.4008 4.2993 -0.0321 -0.4209 4.2349 0.1514 -0.4295 4.3006 -0.0339 -0.4523 4.2335 -0.0374 -0.4647 4.2190 0.0992 -0.4142 4.2562 0.1446 -0.4008 4.2993 0.1669 -0.3618 4.4243 0.1669 -0.3822 4.3591 -0.0321 -0.4209 4.2349 0.1446 -0.3430 4.4840 -0.0949 -0.4141 4.2562 0.0992 -0.3294 4.5271 0.0365 -0.3228 4.5484 -0.0321 -0.3227 4.5484 -0.0949 -0.3292 4.5271 -0.1403 -0.4005 4.2993 -0.1403 -0.3427 4.4839 -0.1626 -0.3614 4.4242 -0.1626 -0.3819 4.3590 0.0365 -0.4209 4.2349 -0.2006 -0.3778 4.4357 -0.1532 -0.2291 4.5928 -0.2258 -0.2506 4.5238 0.2304 -0.3437 4.2281 0.2663 -0.3085 4.3226 -0.2616 -0.3080 4.3225 -0.2616 -0.2753 4.4270 0.1578 -0.3652 4.1590 -0.1532 -0.3649 4.1590 -0.0526 -0.3704 4.1238 0.2663 -0.2758 4.4271 -0.2258 -0.3432 4.2280 0.1578 -0.2294 4.5929 0.0573 -0.2133 4.6259 0.0573 -0.3706 4.1238 0.2304 -0.2511 4.5239 -0.0526 -0.2132 4.6258 0.2288 0.2899 3.2850 0 0.2899 3.2850 0 0.4706 4.0058 0.2288 0.4706 4.0058 0 -0.1522 3.4307 0.2288 -0.1522 3.4307 0.2288 0.0701 4.1048 0 0.0701 4.1048 0.2288 -0.1522 3.4307 0.2288 0.2899 3.2850 0.2288 0.4706 4.0058 0.2288 0.0701 4.1048 0.2620 0.0018 3.9588 0.2620 0.4889 3.9632 0.2620 0.5649 4.8069 0.2620 0.0980 5.0363 0.1595 -0.0045 5.0356 0.2620 0.0980 5.0363 0 -0.0045 5.0356 0.2620 0.5649 4.8069 0 0.5649 4.8069 0.2620 0.4889 3.9632 0 0.4889 3.9632 0 0.5649 4.8069 0.2620 0.5649 4.8069 0.2620 0.4889 3.9632 0.2620 0.0018 3.9588 0 0.4889 3.9632 0.1595 -0.1007 3.9579 0 -0.1007 3.9579 0.1595 -0.0045 5.0356 0.1595 -0.1007 3.9579 0.2620 0.0018 3.9588 0.2620 0.0980 5.0363 0 -0.1007 3.9579 0.1595 -0.1007 3.9579 0.1595 -0.0045 5.0356 0 -0.0045 5.0356 0.3210 0.4479 4.3928 0.4670 0.4287 4.3855 0.4381 0.3749 4.3874 0.3063 0.3870 4.3910 0.1397 0.3931 4.3914 0.1410 0.4588 4.3961 0.3210 0.4479 4.3928 0.1410 0.4588 4.3961 0.1422 0.5085 4.4394 0.3360 0.4930 4.4328 0.4961 0.4666 4.4217 0.4670 0.4287 4.3855 0.3411 0.4864 4.4984 0.5060 0.4570 4.4868 0.4961 0.4666 4.4217 0.3360 0.4930 4.4328 0.1422 0.5085 4.4394 0.1427 0.5039 4.5051 0.1422 0.4608 4.5550 0.3363 0.4447 4.5495 0.4966 0.4173 4.5394 0.4681 0.3650 4.5376 0.4966 0.4173 4.5394 0.3363 0.4447 4.5495 0.3218 0.3846 4.5458 0.1422 0.4608 4.5550 0.1410 0.3950 4.5507 0.1397 0.3451 4.5077 0.3071 0.3402 4.5038 0.4393 0.3286 4.4978 0.4681 0.3650 4.5376 0.4291 0.3367 4.4363 0.4393 0.3286 4.4978 0.3071 0.3402 4.5038 0.3018 0.3461 4.4401 0.1397 0.3451 4.5077 0.1393 0.3499 4.4416 0.1397 0.3931 4.3914 0.3063 0.3870 4.3910 0.4381 0.3749 4.3874 0.5453 0.3271 4.5229 0.5893 0.3671 4.5200 0.5012 0.3034 4.4877 0.5453 0.3271 4.5229 0.5107 0.2527 4.4504 0.5674 0.2645 4.4816 0.6241 0.2929 4.4742 0.4861 0.3162 4.4278 0.5012 0.3034 4.4877 0.5003 0.3508 4.3774 0.5003 0.3508 4.3774 0.5104 0.3006 4.3397 0.4916 0.2696 4.3919 0.4861 0.3162 4.4278 0.5107 0.2527 4.4504 0.5012 0.3034 4.4877 0.5890 0.4180 4.4014 0.6039 0.4035 4.4654 0.5893 0.3671 4.5200 0.6241 0.2929 4.4742 0.6430 0.3257 4.4175 0.6241 0.3445 4.3544 0.5003 0.3508 4.3774 0.5446 0.3926 4.3703 0.5446 0.3926 4.3703 0.5890 0.4180 4.4014 0.6241 0.3445 4.3544 0.5672 0.3308 4.3278 0.5672 0.3308 4.3278 0.5104 0.3006 4.3397 0.5086 -0.0800 4.2097 0.5665 0.0688 4.2851 0.5033 0.0556 4.2951 0.4489 -0.0715 4.2244 0.4409 0.0570 4.2663 0.3920 -0.0508 4.1998 0.3408 -0.1260 4.1583 0.3815 -0.1654 4.1770 0.3815 -0.1654 4.1770 0.4275 -0.1951 4.1568 0.4604 -0.0225 4.0675 0.4006 -0.0157 4.0874 0.4433 0.0985 4.1561 0.5064 0.1136 4.1398 0.5064 0.1136 4.1398 0.5687 0.1143 4.1624 0.5173 -0.0415 4.0867 0.4604 -0.0225 4.0675 0.4435 -0.1651 4.0366 0.4026 -0.1269 4.0219 0.4026 -0.1269 4.0219 0.3565 -0.0984 4.0459 0.3920 -0.0508 4.1998 0.4409 0.0570 4.2663 0.4212 0.0755 4.2091 0.3769 -0.0287 4.1428 0.4433 0.0985 4.1561 0.4006 -0.0157 4.0874 0.3565 -0.0984 4.0459 0.3342 -0.1009 4.1030 0.3408 -0.1260 4.1583 0.5324 -0.0653 4.1490 0.5173 -0.0415 4.0867 0.5687 0.1143 4.1624 0.5885 0.0938 4.2258 0.5665 0.0688 4.2851 0.5086 -0.0800 4.2097 0.4275 -0.1951 4.1568 0.4499 -0.1914 4.0958 0.4435 -0.1651 4.0366 0.3253 -0.1528 4.0032 0.3098 -0.1154 4.0305 0.3340 -0.1971 4.0122 0.3253 -0.1528 4.0032 0.2154 -0.1678 4.0108 0.2391 -0.1240 4.0061 0.2391 -0.1240 4.0061 0.2552 -0.0855 4.0363 0.2891 -0.1353 4.1365 0.3408 -0.1260 4.1583 0.2954 -0.1116 4.0860 0.3098 -0.1154 4.0305 0.2954 -0.1116 4.0860 0.3098 -0.1154 4.0305 0.2552 -0.0855 4.0363 0.2502 -0.0790 4.0912 0.2320 -0.1003 4.1384 0.2891 -0.1353 4.1365 0.3279 -0.2218 4.0659 0.3340 -0.1971 4.0122 0.4435 -0.1651 4.0366 0.4499 -0.1914 4.0958 0.4275 -0.1951 4.1568 0.3137 -0.2189 4.1246 0.1929 -0.1846 4.1182 0.1976 -0.1901 4.0607 0.2154 -0.1678 4.0108 0.3137 -0.2189 4.1246 0.2980 -0.1806 4.1488 0.2980 -0.1806 4.1488 0.2891 -0.1353 4.1365 0.2320 -0.1003 4.1384 0.2087 -0.1451 4.1458 0.1929 -0.1846 4.1182 0.1881 -0.0213 4.1178 0.1645 -0.0427 4.1680 0.1873 -0.0271 4.0586 0.1129 0.0454 4.0890 0.1176 0.0489 4.1552 0.1176 0.0489 4.1552 0.0917 0.0262 4.2115 0.1144 -0.1075 4.0296 0.0903 -0.1302 4.0817 0.0907 -0.1257 4.1428 -0.0022 -0.0545 4.1828 -0.0054 -0.0562 4.1157 0.0221 -0.0316 4.0584 0.0907 -0.1257 4.1428 0.1237 -0.0871 4.1740 0.1645 -0.0427 4.1680 0.0917 0.0262 4.2115 0.0410 -0.0177 4.2178 -0.0022 -0.0545 4.1828 0.1547 -0.0645 4.0255 0.1873 -0.0271 4.0586 0.1547 -0.0645 4.0255 0.1144 -0.1075 4.0296 0.0221 -0.0316 4.0584 0.0712 0.0104 4.0531 0.0712 0.0104 4.0531 0.1129 0.0454 4.0890 0.6316 0.2233 4.3265 0.6108 0.2431 4.2631 0.6108 0.1933 4.3846 0.4855 0.1643 4.3632 0.4647 0.1821 4.3056 0.4856 0.2102 4.2531 0.5482 0.2346 4.2388 0.4856 0.2102 4.2531 0.6108 0.2431 4.2631 0.5482 0.2346 4.2388 0.6108 0.1933 4.3846 0.5481 0.1708 4.3932 0.4855 0.1643 4.3632 0.3278 0.4404 4.1826 0.4263 0.4350 4.1777 0.3994 0.3855 4.1873 0.3140 0.3838 4.1899 0.1841 0.3716 4.1908 0.1853 0.4330 4.1855 0.3278 0.4404 4.1826 0.1853 0.4330 4.1855 0.1864 0.4852 4.2183 0.3417 0.4879 4.2130 0.4536 0.4753 4.2055 0.4263 0.4350 4.1777 0.3465 0.4914 4.2746 0.4628 0.4759 4.2671 0.4536 0.4753 4.2055 0.3417 0.4879 4.2130 0.1864 0.4852 4.2183 0.1868 0.4906 4.2796 0.1865 0.4582 4.3320 0.3421 0.4604 4.3278 0.4541 0.4470 4.3214 0.4274 0.3985 4.3275 0.4541 0.4470 4.3214 0.3421 0.4604 4.3278 0.3285 0.4043 4.3332 0.1865 0.4582 4.3320 0.1853 0.3967 4.3377 0.1841 0.3444 4.3053 0.3147 0.3572 4.3010 0.4005 0.3590 4.2961 0.4274 0.3985 4.3275 0.3909 0.3575 4.2381 0.4005 0.3590 4.2961 0.3147 0.3572 4.3010 0.3098 0.3533 4.2413 0.1841 0.3444 4.3053 0.1837 0.3391 4.2436 0.1841 0.3716 4.1908 0.3140 0.3838 4.1899 0.3994 0.3855 4.1873 0.4870 0.3658 4.3191 0.5281 0.4024 4.3106 0.4457 0.3387 4.2900 0.4569 0.2943 4.2580 0.5099 0.3098 4.2850 0.5629 0.3349 4.2741 0.4316 0.3417 4.2329 0.4457 0.3387 4.2900 0.4449 0.3663 4.1813 0.4449 0.3663 4.1813 0.4566 0.3223 4.1488 0.4390 0.3013 4.2015 0.4316 0.3417 4.2329 0.4569 0.2943 4.2580 0.4457 0.3387 4.2900 0.5278 0.4319 4.1935 0.5417 0.4279 4.2548 0.5281 0.4024 4.3106 0.5629 0.3349 4.2741 0.5806 0.3569 4.2169 0.5629 0.3650 4.1558 0.4449 0.3663 4.1813 0.4863 0.4039 4.1686 0.4863 0.4039 4.1686 0.5278 0.4319 4.1935 0.5629 0.3650 4.1558 0.5097 0.3485 4.1333 0.5097 0.3485 4.1333 0.4566 0.0091 3.9991 0.5062 0 3.9839 0.5317 0.1456 4.0855 0.4741 0.1347 4.0974 0.4175 0.1324 4.0725 0.4107 0.0272 3.9813 0.3931 -0.0609 3.9172 0.4210 -0.0987 3.9284 0.4210 -0.0987 3.9284 0.4545 -0.1279 3.9098 0.4234 0.0540 3.8882 0.4210 0.1573 3.9687 0.4780 0.1689 3.9505 0.4714 0.0447 3.8670 0.4780 0.1689 3.9505 0.5340 0.1719 3.9690 0.5156 0.0265 3.8788 0.4714 0.0447 3.8670 0.4686 -0.1027 3.8154 0.4432 -0.0642 3.8091 0.4432 -0.0642 3.8091 0.4123 -0.0343 3.8327 0.4107 0.0272 3.9813 0.4175 0.1324 4.0725 0.4003 0.1425 4.0195 0.4014 0.0451 3.9353 0.4003 0.1425 4.0195 0.4210 0.1573 3.9687 0.4234 0.0540 3.8882 0.4123 -0.0343 3.8327 0.3929 -0.0363 3.8770 0.3931 -0.0609 3.9172 0.5266 0.0087 3.9308 0.5156 0.0265 3.8788 0.5340 0.1719 3.9690 0.5517 0.1611 4.0283 0.5317 0.1456 4.0855 0.5062 0 3.9839 0.4545 -0.1279 3.9098 0.4714 -0.1266 3.8605 0.4686 -0.1027 3.8154 0.3521 -0.0815 3.8097 0.3576 -0.1197 3.7865 0.3576 -0.1197 3.7865 0.3592 -0.1641 3.7934 0.2299 -0.1482 3.7964 0.2506 -0.1055 3.7867 0.2506 -0.1055 3.7867 0.2692 -0.0660 3.8092 0.3437 -0.0773 3.8549 0.3384 -0.1005 3.8960 0.3931 -0.0609 3.9172 0.3521 -0.0815 3.8097 0.3437 -0.0773 3.8549 0.3521 -0.0815 3.8097 0.2692 -0.0660 3.8092 0.2719 -0.0570 3.8581 0.2619 -0.0755 3.9036 0.3384 -0.1005 3.8960 0.3592 -0.1641 3.7934 0.4686 -0.1027 3.8154 0.3561 -0.1870 3.8383 0.3500 -0.1824 3.8873 0.2250 -0.1585 3.8961 0.2211 -0.1672 3.8446 0.2299 -0.1482 3.7964 0.3423 -0.1445 3.9067 0.3500 -0.1824 3.8873 0.3384 -0.1005 3.8960 0.3423 -0.1445 3.9067 0.2619 -0.0755 3.9036 0.2424 -0.1186 3.9160 0.2250 -0.1585 3.8961 0.2076 0.0236 3.8964 0.1890 0.0090 3.9480 0.2023 0.0117 3.8405 0.1437 0.1247 3.8836 0.1481 0.1377 3.9442 0.1238 0.1249 3.9996 0.1309 -0.0668 3.8259 0.1119 -0.0826 3.8791 0.1168 -0.0719 3.9367 0.0361 0.0462 3.9849 0.0331 0.0348 3.9232 0.0588 0.0491 3.8666 0.1168 -0.0719 3.9367 0.1506 -0.0321 3.9606 0.1890 0.0090 3.9480 0.1238 0.1249 3.9996 0.0764 0.0854 4.0118 0.0361 0.0462 3.9849 0.1689 -0.0269 3.8150 0.2023 0.0117 3.8405 0.1309 -0.0668 3.8259 0.1689 -0.0269 3.8150 0.0588 0.0491 3.8666 0.1048 0.0872 3.8556 0.1048 0.0872 3.8556 0.1437 0.1247 3.8836 0.5769 0.2725 4.1325 0.5574 0.2815 4.0711 0.5573 0.2533 4.1906 0.4402 0.2235 4.1752 0.4208 0.2314 4.1193 0.4208 0.2314 4.1193 0.4403 0.2497 4.0667 0.4989 0.2701 4.0499 0.5574 0.2815 4.0711 0.4989 0.2701 4.0499 0.5573 0.2533 4.1906 0.4988 0.2338 4.2019 0.4402 0.2235 4.1752 -0.2288 0.2899 3.2850 -0.2288 0.4706 4.0058 -0.2288 0.0701 4.1048 -0.2288 -0.1522 3.4307 -0.2288 -0.1522 3.4307 -0.2288 0.0701 4.1048 -0.2288 0.4706 4.0058 -0.2288 0.2899 3.2850 -0.2620 0.0018 3.9588 -0.2620 0.0980 5.0363 -0.2620 0.5649 4.8069 -0.2620 0.4889 3.9632 -0.1595 -0.0045 5.0356 -0.2620 0.0980 5.0363 -0.2620 0.5649 4.8069 -0.2620 0.4889 3.9632 -0.2620 0.5649 4.8069 -0.1595 -0.1007 3.9579 -0.2620 0.0018 3.9588 -0.2620 0.4889 3.9632 -0.1595 -0.0045 5.0356 -0.2620 0.0980 5.0363 -0.2620 0.0018 3.9588 -0.1595 -0.1007 3.9579 -0.1595 -0.0045 5.0356 -0.1595 -0.1007 3.9579 -0.3210 0.4479 4.3928 -0.3063 0.3870 4.3910 -0.4381 0.3749 4.3874 -0.4670 0.4287 4.3855 -0.1410 0.4588 4.3961 -0.1397 0.3931 4.3914 -0.3210 0.4479 4.3928 -0.3360 0.4930 4.4328 -0.1422 0.5085 4.4394 -0.1410 0.4588 4.3961 -0.4670 0.4287 4.3855 -0.4961 0.4666 4.4217 -0.3411 0.4864 4.4984 -0.3360 0.4930 4.4328 -0.4961 0.4666 4.4217 -0.5060 0.4570 4.4868 -0.1427 0.5039 4.5051 -0.1422 0.5085 4.4394 -0.3363 0.4447 4.5495 -0.1422 0.4608 4.5550 -0.4966 0.4173 4.5394 -0.3363 0.4447 4.5495 -0.4966 0.4173 4.5394 -0.4681 0.3650 4.5376 -0.3218 0.3846 4.5458 -0.1410 0.3950 4.5507 -0.1422 0.4608 4.5550 -0.3071 0.3402 4.5038 -0.1397 0.3451 4.5077 -0.4681 0.3650 4.5376 -0.4393 0.3286 4.4978 -0.3071 0.3402 4.5038 -0.4393 0.3286 4.4978 -0.4291 0.3367 4.4363 -0.3018 0.3461 4.4401 -0.1393 0.3499 4.4416 -0.1397 0.3451 4.5077 -0.3063 0.3870 4.3910 -0.1397 0.3931 4.3914 -0.4381 0.3749 4.3874 -0.5453 0.3271 4.5229 -0.5893 0.3671 4.5200 -0.5012 0.3034 4.4877 -0.5453 0.3271 4.5229 -0.5674 0.2645 4.4816 -0.5107 0.2527 4.4504 -0.6241 0.2929 4.4742 -0.4861 0.3162 4.4278 -0.5012 0.3034 4.4877 -0.5003 0.3508 4.3774 -0.4916 0.2696 4.3919 -0.5104 0.3006 4.3397 -0.5003 0.3508 4.3774 -0.4861 0.3162 4.4278 -0.5012 0.3034 4.4877 -0.5107 0.2527 4.4504 -0.5890 0.4180 4.4014 -0.6039 0.4035 4.4654 -0.5893 0.3671 4.5200 -0.6430 0.3257 4.4175 -0.6241 0.2929 4.4742 -0.6241 0.3445 4.3544 -0.5003 0.3508 4.3774 -0.5446 0.3926 4.3703 -0.5446 0.3926 4.3703 -0.5890 0.4180 4.4014 -0.5672 0.3308 4.3278 -0.6241 0.3445 4.3544 -0.5104 0.3006 4.3397 -0.5672 0.3308 4.3278 -0.5033 0.0556 4.2951 -0.5665 0.0688 4.2851 -0.5086 -0.0800 4.2097 -0.4489 -0.0715 4.2244 -0.3920 -0.0508 4.1998 -0.4409 0.0570 4.2663 -0.3815 -0.1654 4.1770 -0.3408 -0.1260 4.1583 -0.4275 -0.1951 4.1568 -0.3815 -0.1654 4.1770 -0.4604 -0.0225 4.0675 -0.5064 0.1136 4.1398 -0.4433 0.0985 4.1561 -0.4006 -0.0157 4.0874 -0.5173 -0.0415 4.0867 -0.5687 0.1143 4.1624 -0.5064 0.1136 4.1398 -0.4604 -0.0225 4.0675 -0.4026 -0.1269 4.0219 -0.4435 -0.1651 4.0366 -0.3565 -0.0984 4.0459 -0.4026 -0.1269 4.0219 -0.4212 0.0755 4.2091 -0.4409 0.0570 4.2663 -0.3920 -0.0508 4.1998 -0.3769 -0.0287 4.1428 -0.4006 -0.0157 4.0874 -0.4433 0.0985 4.1561 -0.3342 -0.1009 4.1030 -0.3565 -0.0984 4.0459 -0.3408 -0.1260 4.1583 -0.5324 -0.0653 4.1490 -0.5885 0.0938 4.2258 -0.5687 0.1143 4.1624 -0.5173 -0.0415 4.0867 -0.5086 -0.0800 4.2097 -0.5665 0.0688 4.2851 -0.4499 -0.1914 4.0958 -0.4275 -0.1951 4.1568 -0.4435 -0.1651 4.0366 -0.3253 -0.1528 4.0032 -0.3098 -0.1154 4.0305 -0.3340 -0.1971 4.0122 -0.3253 -0.1528 4.0032 -0.2391 -0.1240 4.0061 -0.2154 -0.1678 4.0108 -0.2552 -0.0855 4.0363 -0.2391 -0.1240 4.0061 -0.3408 -0.1260 4.1583 -0.2891 -0.1353 4.1365 -0.2954 -0.1116 4.0860 -0.3098 -0.1154 4.0305 -0.2954 -0.1116 4.0860 -0.2502 -0.0790 4.0912 -0.2552 -0.0855 4.0363 -0.3098 -0.1154 4.0305 -0.2891 -0.1353 4.1365 -0.2320 -0.1003 4.1384 -0.3279 -0.2218 4.0659 -0.4499 -0.1914 4.0958 -0.4435 -0.1651 4.0366 -0.3340 -0.1971 4.0122 -0.3137 -0.2189 4.1246 -0.4275 -0.1951 4.1568 -0.1976 -0.1901 4.0607 -0.1929 -0.1846 4.1182 -0.2154 -0.1678 4.0108 -0.3137 -0.2189 4.1246 -0.2980 -0.1806 4.1488 -0.2980 -0.1806 4.1488 -0.2891 -0.1353 4.1365 -0.2087 -0.1451 4.1458 -0.2320 -0.1003 4.1384 -0.1929 -0.1846 4.1182 -0.1881 -0.0213 4.1178 -0.1645 -0.0427 4.1680 -0.1873 -0.0271 4.0586 -0.1176 0.0489 4.1552 -0.1129 0.0454 4.0890 -0.0917 0.0262 4.2115 -0.1176 0.0489 4.1552 -0.1144 -0.1075 4.0296 -0.0903 -0.1302 4.0817 -0.0907 -0.1257 4.1428 0.0054 -0.0562 4.1157 0.0022 -0.0545 4.1828 -0.0221 -0.0316 4.0584 -0.0907 -0.1257 4.1428 -0.1237 -0.0871 4.1740 -0.1645 -0.0427 4.1680 -0.0410 -0.0177 4.2178 -0.0917 0.0262 4.2115 0.0022 -0.0545 4.1828 -0.1547 -0.0645 4.0255 -0.1873 -0.0271 4.0586 -0.1547 -0.0645 4.0255 -0.1144 -0.1075 4.0296 -0.0712 0.0104 4.0531 -0.0221 -0.0316 4.0584 -0.1129 0.0454 4.0890 -0.0712 0.0104 4.0531 -0.6316 0.2233 4.3265 -0.6108 0.2431 4.2631 -0.6108 0.1933 4.3846 -0.4855 0.1643 4.3632 -0.4647 0.1821 4.3056 -0.4856 0.2102 4.2531 -0.5482 0.2346 4.2388 -0.4856 0.2102 4.2531 -0.6108 0.2431 4.2631 -0.5482 0.2346 4.2388 -0.6108 0.1933 4.3846 -0.5481 0.1708 4.3932 -0.4855 0.1643 4.3632 -0.3278 0.4404 4.1826 -0.3140 0.3838 4.1899 -0.3994 0.3855 4.1873 -0.4263 0.4350 4.1777 -0.1853 0.4330 4.1855 -0.1841 0.3716 4.1908 -0.3278 0.4404 4.1826 -0.3417 0.4879 4.2130 -0.1864 0.4852 4.2183 -0.1853 0.4330 4.1855 -0.4263 0.4350 4.1777 -0.4536 0.4753 4.2055 -0.3465 0.4914 4.2746 -0.3417 0.4879 4.2130 -0.4536 0.4753 4.2055 -0.4628 0.4759 4.2671 -0.1868 0.4906 4.2796 -0.1864 0.4852 4.2183 -0.3421 0.4604 4.3278 -0.1865 0.4582 4.3320 -0.4541 0.4470 4.3214 -0.3421 0.4604 4.3278 -0.4541 0.4470 4.3214 -0.4274 0.3985 4.3275 -0.3285 0.4043 4.3332 -0.1853 0.3967 4.3377 -0.1865 0.4582 4.3320 -0.3147 0.3572 4.3010 -0.1841 0.3444 4.3053 -0.4274 0.3985 4.3275 -0.4005 0.3590 4.2961 -0.3147 0.3572 4.3010 -0.4005 0.3590 4.2961 -0.3909 0.3575 4.2381 -0.3098 0.3533 4.2413 -0.1837 0.3391 4.2436 -0.1841 0.3444 4.3053 -0.3140 0.3838 4.1899 -0.1841 0.3716 4.1908 -0.3994 0.3855 4.1873 -0.4870 0.3658 4.3191 -0.5281 0.4024 4.3106 -0.4457 0.3387 4.2900 -0.5099 0.3098 4.2850 -0.4569 0.2943 4.2580 -0.5629 0.3349 4.2741 -0.4316 0.3417 4.2329 -0.4457 0.3387 4.2900 -0.4449 0.3663 4.1813 -0.4390 0.3013 4.2015 -0.4566 0.3223 4.1488 -0.4449 0.3663 4.1813 -0.4316 0.3417 4.2329 -0.4457 0.3387 4.2900 -0.4569 0.2943 4.2580 -0.5278 0.4319 4.1935 -0.5417 0.4279 4.2548 -0.5281 0.4024 4.3106 -0.5806 0.3569 4.2169 -0.5629 0.3349 4.2741 -0.5629 0.3650 4.1558 -0.4449 0.3663 4.1813 -0.4863 0.4039 4.1686 -0.4863 0.4039 4.1686 -0.5278 0.4319 4.1935 -0.5097 0.3485 4.1333 -0.5629 0.3650 4.1558 -0.5097 0.3485 4.1333 -0.4566 0.0091 3.9991 -0.4741 0.1347 4.0974 -0.5317 0.1456 4.0855 -0.5062 0 3.9839 -0.4107 0.0272 3.9813 -0.4175 0.1324 4.0725 -0.4210 -0.0987 3.9284 -0.3931 -0.0609 3.9172 -0.4545 -0.1279 3.9098 -0.4210 -0.0987 3.9284 -0.4780 0.1689 3.9505 -0.4210 0.1573 3.9687 -0.4234 0.0540 3.8882 -0.4714 0.0447 3.8670 -0.5156 0.0265 3.8788 -0.5340 0.1719 3.9690 -0.4780 0.1689 3.9505 -0.4714 0.0447 3.8670 -0.4432 -0.0642 3.8091 -0.4686 -0.1027 3.8154 -0.4123 -0.0343 3.8327 -0.4432 -0.0642 3.8091 -0.4003 0.1425 4.0195 -0.4175 0.1324 4.0725 -0.4107 0.0272 3.9813 -0.4014 0.0451 3.9353 -0.4234 0.0540 3.8882 -0.4210 0.1573 3.9687 -0.4003 0.1425 4.0195 -0.3929 -0.0363 3.8770 -0.4123 -0.0343 3.8327 -0.3931 -0.0609 3.9172 -0.5266 0.0087 3.9308 -0.5517 0.1611 4.0283 -0.5340 0.1719 3.9690 -0.5156 0.0265 3.8788 -0.5062 0 3.9839 -0.5317 0.1456 4.0855 -0.4714 -0.1266 3.8605 -0.4545 -0.1279 3.9098 -0.4686 -0.1027 3.8154 -0.3521 -0.0815 3.8097 -0.3576 -0.1197 3.7865 -0.3576 -0.1197 3.7865 -0.3592 -0.1641 3.7934 -0.2506 -0.1055 3.7867 -0.2299 -0.1482 3.7964 -0.2692 -0.0660 3.8092 -0.2506 -0.1055 3.7867 -0.3437 -0.0773 3.8549 -0.3931 -0.0609 3.9172 -0.3384 -0.1005 3.8960 -0.3521 -0.0815 3.8097 -0.3437 -0.0773 3.8549 -0.2719 -0.0570 3.8581 -0.2692 -0.0660 3.8092 -0.3521 -0.0815 3.8097 -0.3384 -0.1005 3.8960 -0.2619 -0.0755 3.9036 -0.4686 -0.1027 3.8154 -0.3592 -0.1641 3.7934 -0.3561 -0.1870 3.8383 -0.3500 -0.1824 3.8873 -0.2211 -0.1672 3.8446 -0.2250 -0.1585 3.8961 -0.2299 -0.1482 3.7964 -0.3423 -0.1445 3.9067 -0.3500 -0.1824 3.8873 -0.3384 -0.1005 3.8960 -0.3423 -0.1445 3.9067 -0.2424 -0.1186 3.9160 -0.2619 -0.0755 3.9036 -0.2250 -0.1585 3.8961 -0.2076 0.0236 3.8964 -0.1890 0.0090 3.9480 -0.2023 0.0117 3.8405 -0.1481 0.1377 3.9442 -0.1437 0.1247 3.8836 -0.1238 0.1249 3.9996 -0.1309 -0.0668 3.8259 -0.1119 -0.0826 3.8791 -0.1168 -0.0719 3.9367 -0.0331 0.0348 3.9232 -0.0361 0.0462 3.9849 -0.0588 0.0491 3.8666 -0.1168 -0.0719 3.9367 -0.1506 -0.0321 3.9606 -0.1890 0.0090 3.9480 -0.0764 0.0854 4.0118 -0.1238 0.1249 3.9996 -0.0361 0.0462 3.9849 -0.1689 -0.0269 3.8150 -0.2023 0.0117 3.8405 -0.1309 -0.0668 3.8259 -0.1689 -0.0269 3.8150 -0.1048 0.0872 3.8556 -0.0588 0.0491 3.8666 -0.1437 0.1247 3.8836 -0.1048 0.0872 3.8556 -0.5769 0.2725 4.1325 -0.5574 0.2815 4.0711 -0.5573 0.2533 4.1906 -0.4402 0.2235 4.1752 -0.4208 0.2314 4.1193 -0.4208 0.2314 4.1193 -0.4403 0.2497 4.0667 -0.4989 0.2701 4.0499 -0.5574 0.2815 4.0711 -0.4989 0.2701 4.0499 -0.5573 0.2533 4.1906 -0.4988 0.2338 4.2019 -0.4402 0.2235 4.1752 0.5406 0.4104 3.0119 0.5406 0.4104 2.7755 0.3314 0.4104 2.7755 0.3314 0.4104 3.0119 0.3314 0.4104 3.0119 0 0.4104 3.0119 0 0.5240 3.4489 0.3314 0.5240 3.4489 0 0.4104 2.7755 0 0.4104 3.0119 0.3314 -0.3925 3.0119 0 -0.3925 3.0119 0 -0.5663 3.0119 0.3314 -0.5663 3.0119 0.3314 -0.5663 2.5130 0.3314 -0.5663 3.0119 0 -0.5663 3.0119 0 -0.5663 2.5130 0.5406 -0.3925 3.0119 0.3914 -0.5663 3.0119 0.3914 -0.5663 2.5130 0.5406 -0.3925 2.5130 0.3314 -0.3925 2.5130 0.5406 -0.3925 2.5130 0.3914 -0.5663 2.5130 0.3314 -0.5663 2.5130 0.1549 -0.7391 2.4329 0.2674 -0.7821 2.5719 0 -0.7998 2.5689 0 -0.7387 2.4327 0.2703 -0.4360 2.9796 0 -0.4360 2.9796 0 -0.6774 3.0779 0.2703 -0.6774 3.0779 0.1549 -0.6705 2.4049 0.1549 -0.7391 2.4329 0 -0.7387 2.4327 0 -0.6701 2.4048 0 -0.0485 2.2323 0.1556 -0.0489 2.2325 0.2674 -0.6281 2.5092 0.2674 -0.7821 2.5719 0.1549 -0.7391 2.4329 0.1549 -0.6705 2.4049 0.2703 -0.4360 2.9796 0.2703 -0.6774 3.0779 0.2674 -0.7821 2.5719 0.2674 -0.6281 2.5092 0 -0.3925 2.5130 0 -0.5663 2.5130 0.3914 -0.5663 2.5130 0.3914 -0.5663 3.0119 0.3914 -0.5663 3.0119 0.5406 -0.3925 3.0119 0.3314 0.0766 2.3004 0 0.0766 2.3004 0.5406 -0.3925 3.0119 0.5406 -0.3925 2.5130 0.5406 0.4104 2.7755 0.5406 0.0766 2.3004 0.5406 0.4104 3.0119 0.5406 0.4104 3.0119 0.3314 0.4104 3.0119 0.3314 -0.2775 3.4966 0.3314 0.5240 3.4489 0 0.5240 3.4489 0 -0.2775 3.4966 0 -0.3925 3.0119 0.3314 -0.3925 3.0119 0.3314 -0.2775 3.4966 0 -0.2775 3.4966 0.3314 0.4104 3.0119 0.3314 0.5240 3.4489 0.3314 -0.2775 3.4966 0.3314 -0.3925 3.0119 0.1089 -0.3077 2.9256 0.1089 0.0143 3.4403 0.1089 -0.2978 3.5474 0.1089 -0.6248 3.0182 0.1089 0.0143 3.4403 0.1089 -0.3077 2.9256 0 0.0553 3.5058 0 -0.3077 2.9256 0.0336 0.0553 3.5058 0.0869 0.0433 3.4866 0.1089 -0.6248 3.0182 0.1089 -0.2978 3.5474 0 -0.6248 3.0182 0.0869 -0.2691 3.5938 0.0336 -0.2572 3.6131 0 -0.2572 3.6131 0.3314 0.4104 2.7755 0.5406 0.4104 2.7755 0.5406 0.0766 2.3004 0.3314 0.0766 2.3004 0 0.4104 2.7755 0 0.0766 2.3004 0.5406 0.0766 2.3004 0.1556 -0.0489 2.2325 0 -0.0485 2.2323 0.2681 -0.0064 2.3367 0 0.1856 2.8071 0.2709 0.1856 2.8071 0.2681 -0.0064 2.3367 0.2709 0.1856 2.8071 0.1556 -0.0489 2.2325 0.2681 -0.0064 2.3367 0.2709 0.1856 2.8071 0 0.1856 2.8071 0.2703 -0.6774 3.0779 0 -0.6774 3.0779 0.0869 0.0433 3.4866 0.0869 -0.2691 3.5938 0.0869 0.0433 3.4866 0.0336 0.0553 3.5058 0.0336 -0.2572 3.6131 0.0869 -0.2691 3.5938 0 0.0553 3.5058 0 -0.2572 3.6131 -0.5406 0.4104 3.0119 -0.3314 0.4104 3.0119 -0.3314 0.4104 2.7755 -0.5406 0.4104 2.7755 -0.3314 0.4104 3.0119 -0.3314 0.5240 3.4489 -0.3314 -0.3925 3.0119 -0.3314 -0.5663 3.0119 -0.3314 -0.5663 2.5130 -0.3314 -0.5663 3.0119 -0.3914 -0.5663 2.5130 -0.3914 -0.5663 3.0119 -0.5406 -0.3925 3.0119 -0.5406 -0.3925 2.5130 -0.3314 -0.3925 2.5130 -0.3314 -0.5663 2.5130 -0.3914 -0.5663 2.5130 -0.5406 -0.3925 2.5130 -0.1549 -0.7391 2.4329 -0.2674 -0.7821 2.5719 -0.2703 -0.4360 2.9796 -0.2703 -0.6774 3.0779 -0.1549 -0.6705 2.4049 -0.1549 -0.7391 2.4329 -0.1556 -0.0489 2.2325 -0.2674 -0.6281 2.5092 -0.1549 -0.6705 2.4049 -0.1549 -0.7391 2.4329 -0.2674 -0.7821 2.5719 -0.2674 -0.7821 2.5719 -0.2703 -0.6774 3.0779 -0.2703 -0.4360 2.9796 -0.2674 -0.6281 2.5092 -0.3914 -0.5663 2.5130 -0.3914 -0.5663 3.0119 -0.3914 -0.5663 3.0119 -0.5406 -0.3925 3.0119 -0.3314 0.0766 2.3004 -0.5406 0.0766 2.3004 -0.5406 -0.3925 2.5130 -0.5406 0.4104 3.0119 -0.5406 -0.3925 3.0119 -0.5406 0.4104 2.7755 -0.3314 0.4104 3.0119 -0.5406 0.4104 3.0119 -0.3314 -0.2775 3.4966 -0.3314 0.5240 3.4489 -0.3314 -0.2775 3.4966 -0.3314 -0.3925 3.0119 -0.3314 -0.2775 3.4966 -0.3314 0.5240 3.4489 -0.3314 0.4104 3.0119 -0.3314 -0.3925 3.0119 -0.1089 -0.2978 3.5474 -0.1089 0.0143 3.4403 -0.1089 -0.3077 2.9256 -0.1089 -0.6248 3.0182 -0.1089 -0.3077 2.9256 -0.1089 0.0143 3.4403 -0.0869 0.0433 3.4866 -0.0336 0.0553 3.5058 -0.1089 -0.2978 3.5474 -0.1089 -0.6248 3.0182 -0.0336 -0.2572 3.6131 -0.0869 -0.2691 3.5938 -0.3314 0.4104 2.7755 -0.3314 0.0766 2.3004 -0.5406 0.0766 2.3004 -0.5406 0.4104 2.7755 -0.5406 0.0766 2.3004 -0.2681 -0.0064 2.3367 -0.1556 -0.0489 2.2325 -0.2709 0.1856 2.8071 -0.2709 0.1856 2.8071 -0.2681 -0.0064 2.3367 -0.2681 -0.0064 2.3367 -0.1556 -0.0489 2.2325 -0.2709 0.1856 2.8071 -0.2703 -0.6774 3.0779 -0.0869 -0.2691 3.5938 -0.0869 0.0433 3.4866 -0.0336 -0.2572 3.6131 -0.0336 0.0553 3.5058 -0.0869 0.0433 3.4866 -0.0869 -0.2691 3.5938 -1.0728 -0.7373 -0.0006 -1.0737 -0.5076 -0.0006 -0.8782 -0.5068 -0.0006 -0.8774 -0.7366 -0.0006 -0.8782 -0.5068 0.2158 -0.9257 -0.1758 0.1104 -1.0287 -0.1762 0.1104 -1.0737 -0.5076 0.2158 -1.0728 -0.7373 0.2158 -0.8774 -0.7366 0.2158 -1.0287 -0.1762 -0.0006 -0.9257 -0.1758 -0.0006 -0.8774 -0.7366 -0.0006 -0.8782 -0.5068 -0.0006 -0.8782 -0.5068 0.2158 -0.8774 -0.7366 0.2158 -1.0728 -0.7373 -0.0006 -1.0728 -0.7373 0.2158 -1.0737 -0.5076 0.2158 -1.0737 -0.5076 -0.0006 -0.8774 -0.7366 -0.0006 -0.8774 -0.7366 0.2158 -1.0728 -0.7373 0.2158 -1.0728 -0.7373 -0.0006 -0.9257 -0.1758 -0.0006 -1.0287 -0.1762 -0.0006 -1.0287 -0.1762 0.1104 -0.9257 -0.1758 0.1104 -0.9257 -0.1758 -0.0006 -0.9257 -0.1758 0.1104 -1.0287 -0.1762 0.1104 -1.0287 -0.1762 -0.0006 -1.1240 -0.7378 -0.0191 -0.9209 -0.8784 -0.0191 -1.0861 -1.1171 -0.0191 -1.2892 -0.9766 -0.0191 -1.1240 -0.7378 0.1897 -1.2892 -0.9766 0.1897 -1.0861 -1.1171 0.1897 -0.9209 -0.8784 0.1897 -1.3723 -1.4280 -0.0191 -1.4793 -1.3540 -0.0191 -1.1240 -0.7378 -0.0191 -1.2892 -0.9766 -0.0191 -1.2892 -0.9766 0.1897 -1.1240 -0.7378 0.1897 -0.9209 -0.8784 -0.0191 -0.9209 -0.8784 0.1897 -1.0861 -1.1171 0.1897 -1.0861 -1.1171 -0.0191 -1.1240 -0.7378 -0.0191 -1.1240 -0.7378 0.1897 -0.9209 -0.8784 0.1897 -0.9209 -0.8784 -0.0191 -1.3723 -1.4280 -0.0191 -1.3723 -1.4280 0.0836 -1.4793 -1.3540 0.0836 -1.4793 -1.3540 -0.0191 -1.4793 -1.3540 -0.0191 -1.4793 -1.3540 0.0836 -1.3723 -1.4280 0.0836 -1.3723 -1.4280 -0.0191 -1.4793 -1.3540 0.0836 -1.3723 -1.4280 0.0836 -0.7975 -0.7793 -0.0157 -0.6593 -1.0248 -0.0157 -0.8680 -1.1423 -0.0157 -1.0062 -0.8969 -0.0157 -0.8680 -1.1423 0.1859 -0.6593 -1.0248 0.1859 -0.7975 -0.7793 0.1859 -1.0062 -0.8969 0.1859 -0.5094 -1.4064 -0.0157 -0.6194 -1.4683 -0.0157 -1.0062 -0.8969 -0.0157 -0.8680 -1.1423 -0.0157 -0.8680 -1.1423 0.1859 -1.0062 -0.8969 0.1859 -0.7975 -0.7793 -0.0157 -0.7975 -0.7793 0.1859 -0.6593 -1.0248 0.1859 -0.6593 -1.0248 -0.0157 -0.7975 -0.7793 -0.0157 -1.0062 -0.8969 -0.0157 -1.0062 -0.8969 0.1859 -0.7975 -0.7793 0.1859 -0.6194 -1.4683 -0.0157 -0.5094 -1.4064 -0.0157 -0.5094 -1.4064 0.0829 -0.6194 -1.4683 0.0829 -0.6194 -1.4683 -0.0157 -0.6194 -1.4683 0.0829 -0.5094 -1.4064 0.0829 -0.5094 -1.4064 -0.0157 -0.6194 -1.4683 0.0829 -0.5094 -1.4064 0.0829 -1.0435 -0.8681 0.2992 -1.0435 -0.7968 0.1339 -1.0904 -0.8560 0.1083 -1.0904 -0.9274 0.2737 -1.0904 -1.0006 0.2421 -1.0904 -0.9293 0.0767 -1.0435 -1.0599 0.2165 -1.0904 -1.0006 0.2421 -1.0904 -0.9293 0.0767 -1.0435 -0.9885 0.0512 -0.9676 -1.0111 0.0414 -0.9676 -1.0825 0.2068 -0.8918 -1.0599 0.2165 -0.8918 -0.9885 0.0512 -0.8449 -0.9293 0.0767 -0.8449 -1.0006 0.2421 -0.8449 -0.9274 0.2737 -0.8449 -0.8560 0.1083 -0.8918 -0.8681 0.2992 -0.8918 -0.7968 0.1339 -0.9676 -0.8455 0.3090 -1.0435 -0.8681 0.2992 -1.0904 -1.0006 0.2421 -1.0904 -0.9274 0.2737 -0.8918 -0.8681 0.2992 -1.0435 -1.0599 0.2165 -0.9676 -1.0825 0.2068 -0.8918 -1.0599 0.2165 -0.8449 -1.0006 0.2421 -0.8449 -0.9274 0.2737 -0.9676 -0.8455 0.3090 -0.9676 -0.7742 0.1436 -1.0435 -0.7968 0.1339 -0.9676 -0.7742 0.1436 -0.8918 -0.9885 0.0512 -0.8918 -0.7968 0.1339 -0.8449 -0.8560 0.1083 -0.8449 -0.9293 0.0767 -1.0904 -0.9293 0.0767 -0.9676 -1.0111 0.0414 -1.0435 -0.9885 0.0512 -1.0904 -0.8560 0.1083 -1.2037 -0.7201 0.1488 -1.2037 -0.8830 0.1930 -1.2037 -0.7870 0.2710 -1.2037 -0.6938 0.2457 -1.1744 -0.6356 0.2299 -1.1744 -0.6619 0.1330 -1.2037 -0.9999 0.3198 -1.2037 -0.9039 0.3978 -1.1917 -1.0393 0.3653 -1.1914 -0.9430 0.4429 -1.1297 -1.0665 0.3993 -1.1298 -0.9696 0.4762 -1.1914 -0.9430 0.4429 -1.1917 -1.0393 0.3653 -0.7955 -0.6137 0.2239 -0.7955 -0.6400 0.1270 -1.1264 -0.6400 0.1270 -1.1264 -0.6137 0.2239 -0.7181 -0.7201 0.1488 -0.7181 -0.6938 0.2457 -0.7181 -0.7870 0.2710 -0.7181 -0.8830 0.1930 -0.7474 -0.6619 0.1330 -0.7474 -0.6356 0.2299 -0.7181 -0.9039 0.3978 -0.7181 -0.9999 0.3198 -0.7304 -0.9430 0.4429 -0.7301 -1.0393 0.3653 -0.7304 -0.9430 0.4429 -0.7921 -0.9696 0.4762 -0.7921 -1.0665 0.3993 -0.7301 -1.0393 0.3653 -0.7955 -0.6400 0.1270 -0.7955 -0.6137 0.2239 -1.1711 -0.7274 0.1507 -1.1711 -0.7010 0.2477 -1.1702 -0.7870 0.2710 -1.1702 -0.8830 0.1930 -1.1509 -0.6849 0.1392 -1.1509 -0.6585 0.2361 -1.1704 -0.9019 0.3953 -1.1704 -0.9977 0.3171 -1.1634 -0.9316 0.4287 -1.1638 -1.0278 0.3509 -1.1634 -0.9316 0.4287 -1.1197 -0.9498 0.4513 -1.1197 -1.0466 0.3744 -1.1638 -1.0278 0.3509 -0.8028 -0.6452 0.2325 -1.1190 -0.6452 0.2325 -1.1190 -0.6715 0.1356 -0.8028 -0.6715 0.1356 -1.1509 -0.6585 0.2361 -1.1509 -0.6849 0.1392 -0.7507 -0.7274 0.1507 -0.7516 -0.8830 0.1930 -0.7516 -0.7870 0.2710 -0.7507 -0.7010 0.2477 -0.7710 -0.6585 0.2361 -0.7710 -0.6849 0.1392 -0.7514 -0.9977 0.3171 -0.7514 -0.9019 0.3953 -0.7580 -1.0278 0.3509 -0.7584 -0.9316 0.4287 -0.8021 -1.0466 0.3744 -0.8021 -0.9498 0.4513 -0.7584 -0.9316 0.4287 -0.7580 -1.0278 0.3509 -0.7710 -0.6585 0.2361 -0.8028 -0.6452 0.2325 -0.8028 -0.6715 0.1356 -0.7710 -0.6849 0.1392 -1.1711 -0.7274 0.1507 -1.1702 -0.8830 0.1930 -1.2037 -0.8830 0.1930 -1.2037 -0.7201 0.1488 -1.2037 -0.7870 0.2710 -1.1702 -0.7870 0.2710 -1.1711 -0.7010 0.2477 -1.2037 -0.6938 0.2457 -1.1704 -0.9977 0.3171 -1.2037 -0.9999 0.3198 -1.1704 -0.9019 0.3953 -1.2037 -0.9039 0.3978 -1.1638 -1.0278 0.3509 -1.1917 -1.0393 0.3653 -1.1634 -0.9316 0.4287 -1.1914 -0.9430 0.4429 -1.1298 -0.9696 0.4762 -1.1197 -0.9498 0.4513 -1.1197 -1.0466 0.3744 -1.1297 -1.0665 0.3993 -1.1509 -0.6849 0.1392 -1.1744 -0.6619 0.1330 -1.1509 -0.6585 0.2361 -1.1744 -0.6356 0.2299 -1.1190 -0.6452 0.2325 -1.1264 -0.6137 0.2239 -1.1264 -0.6400 0.1270 -1.1190 -0.6715 0.1356 -0.7181 -0.8830 0.1930 -0.7516 -0.8830 0.1930 -0.7507 -0.7274 0.1507 -0.7181 -0.7201 0.1488 -0.7507 -0.7010 0.2477 -0.7516 -0.7870 0.2710 -0.7181 -0.7870 0.2710 -0.7181 -0.6938 0.2457 -0.7514 -0.9977 0.3171 -0.7181 -0.9999 0.3198 -0.7514 -0.9019 0.3953 -0.7181 -0.9039 0.3978 -0.7580 -1.0278 0.3509 -0.7301 -1.0393 0.3653 -0.7584 -0.9316 0.4287 -0.7304 -0.9430 0.4429 -0.8021 -0.9498 0.4513 -0.7921 -0.9696 0.4762 -0.7921 -1.0665 0.3993 -0.8021 -1.0466 0.3744 -0.7710 -0.6849 0.1392 -0.7474 -0.6619 0.1330 -0.7710 -0.6585 0.2361 -0.7474 -0.6356 0.2299 -0.7955 -0.6137 0.2239 -0.8028 -0.6452 0.2325 -0.8028 -0.6715 0.1356 -0.7955 -0.6400 0.1270 -0.7955 -0.6400 0.1270 -0.8028 -0.6715 0.1356 -0.8028 -0.6452 0.2325 -0.7955 -0.6137 0.2239 0.7229 -0.7832 1.4980 0.6546 -0.8239 1.5352 0.6546 -1.2499 2.0391 0.7229 -1.2795 2.0859 0.8123 -1.3594 1.9985 0.7229 -1.3594 1.9985 0.7229 -1.4291 1.8467 0.8123 -1.4291 1.8467 0.7229 0.4103 2.2891 0.6546 0.3706 2.3490 0.6546 0.4653 2.4116 0.7229 0.5184 2.3606 0.8123 0.5184 2.3606 0.7229 0.5184 2.3606 0.7229 0.6083 2.5165 0.8123 0.6083 2.5165 1.1283 -0.2576 3.0808 1.2176 -0.2576 3.0808 1.2176 -0.1699 3.1766 1.1283 -0.1699 3.1766 0.8123 0.4103 2.2891 0.7229 0.4103 2.2891 0.7229 0.6052 2.7103 0.8123 0.6052 2.7103 1.2176 0.5184 2.3606 1.2176 0.6083 2.5165 1.2176 -0.0009 3.2386 1.2176 -0.1699 3.1766 0.7229 0.5184 2.3606 0.7229 -0.1699 3.1766 0.7229 -0.0009 3.2386 0.7229 0.6083 2.5165 1.2176 -0.0009 3.2386 1.1283 -0.0009 3.2386 1.1283 0.1895 3.2026 1.2176 0.1895 3.2026 1.2176 0.3667 3.1007 1.1283 0.3667 3.1007 1.2176 0.6052 2.7103 1.2176 0.1895 3.2026 0.7229 0.1895 3.2026 0.7229 0.6052 2.7103 0.8123 0.3667 3.1007 0.8123 0.5351 2.9023 0.7229 0.5351 2.9023 0.7229 0.3667 3.1007 0.7229 0.3667 3.1007 0.7229 0.5351 2.9023 1.2176 0.5351 2.9023 1.2176 0.3667 3.1007 0.7229 -1.4324 1.7124 0.8123 -1.4324 1.7124 1.1283 -0.8819 1.4328 1.2176 -0.8819 1.4328 1.2176 -1.0433 1.3900 1.1283 -1.0433 1.3900 0.7229 -1.3594 1.9985 0.7229 -0.8819 1.4328 0.7229 -1.0433 1.3900 0.7229 -1.4291 1.8467 1.2176 -1.3594 1.9985 1.2176 -1.4291 1.8467 1.2176 -1.0433 1.3900 1.2176 -0.8819 1.4328 1.1283 -1.1762 1.4096 1.2176 -1.1762 1.4096 1.2176 -1.3106 1.4790 1.1283 -1.3106 1.4790 0.7229 -1.1762 1.4096 0.7229 -1.4324 1.7124 1.2176 -1.4324 1.7124 1.2176 -1.1762 1.4096 1.1283 -1.3870 1.5682 1.2176 -1.3870 1.5682 0.7229 -1.3106 1.4790 0.7229 -1.3870 1.5682 1.2176 -1.3870 1.5682 1.2176 -1.3106 1.4790 0.7229 -1.3870 1.5682 0.8123 -1.3870 1.5682 1.2176 -1.4324 1.7124 1.1283 -1.4324 1.7124 0.8123 -1.0433 1.3900 0.8123 -0.8819 1.4328 0.8258 -0.9117 1.4855 0.8258 -1.0505 1.4487 0.7229 -1.3106 1.4790 0.8123 -1.3106 1.4790 1.1283 -0.8819 1.4328 1.1147 -0.9117 1.4855 0.8258 -0.9117 1.4855 0.8123 -0.8819 1.4328 0.7229 -1.0433 1.3900 0.8123 -1.0433 1.3900 0.8123 -1.1762 1.4096 0.7229 -1.1762 1.4096 1.1283 -1.4291 1.8467 1.1283 -1.3594 1.9985 1.1147 -1.3126 1.9601 1.1147 -1.3725 1.8296 1.1283 -1.3870 1.5682 1.1283 -1.4324 1.7124 1.1147 -1.3753 1.7141 1.1147 -1.3362 1.5901 0.7229 -0.8819 1.4328 0.8123 -0.8819 1.4328 1.1283 -1.3106 1.4790 1.1147 -1.2803 1.5253 1.1147 -1.1648 1.4656 1.1283 -1.1762 1.4096 1.2176 -1.4291 1.8467 1.1283 -1.4291 1.8467 0.8123 -1.3106 1.4790 0.8123 -1.1762 1.4096 0.8258 -1.1648 1.4656 0.8258 -1.2803 1.5253 1.2176 0.6052 2.7103 1.1283 0.6052 2.7103 1.1283 0.5351 2.9023 1.2176 0.5351 2.9023 0.8123 0.6052 2.7103 0.8411 0.5299 2.7128 0.8411 0.5325 2.5450 0.8123 0.6083 2.5165 0.8123 0.3667 3.1007 0.8411 0.3327 3.0397 0.8411 0.4692 2.8791 0.8123 0.5351 2.9023 0.7229 -0.0009 3.2386 0.8123 -0.0009 3.2386 0.8123 0.1895 3.2026 0.7229 0.1895 3.2026 1.1283 0.6052 2.7103 1.1283 0.6083 2.5165 1.0994 0.5325 2.5450 1.0994 0.5299 2.7128 0.8123 0.5184 2.3606 0.8411 0.4547 2.4099 0.7229 -0.1699 3.1766 0.8123 -0.1699 3.1766 1.1283 0.3667 3.1007 1.1283 0.5351 2.9023 1.0994 0.4692 2.8791 1.0994 0.3327 3.0397 1.2176 0.6083 2.5165 1.1283 0.6083 2.5165 1.1283 -0.1699 3.1766 1.1283 -0.0009 3.2386 1.0994 0.0142 3.1591 1.0994 -0.1321 3.1055 1.2176 0.4103 2.2891 1.1283 0.4103 2.2891 1.1283 0.5184 2.3606 1.2176 0.5184 2.3606 0.7229 -0.2576 3.0808 0.8123 -0.2576 3.0808 1.1283 0.5184 2.3606 1.0994 0.4547 2.4099 1.2176 -1.3594 1.9985 1.1283 -1.3594 1.9985 1.1283 -1.3594 1.9985 0.8123 -1.3594 1.9985 0.8258 -1.3126 1.9601 1.1147 -1.3126 1.9601 1.0994 0.5299 2.7128 0.8411 0.5299 2.7128 0.8411 0.4692 2.8791 1.0994 0.4692 2.8791 1.0994 0.3327 3.0397 0.8411 0.3327 3.0397 0.8411 0.0142 3.1591 1.0994 0.0142 3.1591 1.0994 0.1791 3.1279 0.8411 0.1791 3.1279 0.8411 -0.1321 3.1055 1.0994 -0.1321 3.1055 1.0994 0.5325 2.5450 0.8411 0.5325 2.5450 1.0994 0.4547 2.4099 0.8411 0.4547 2.4099 0.8123 0.1895 3.2026 0.8123 -0.0009 3.2386 0.8411 0.0142 3.1591 0.8411 0.1791 3.1279 1.1283 0.1895 3.2026 1.0994 0.1791 3.1279 0.8123 -0.1699 3.1766 1.1283 -0.1699 3.1766 1.0994 -0.1321 3.1055 0.8411 -0.1321 3.1055 0.8123 0.5184 2.3606 0.8411 0.4547 2.4099 1.0994 0.4547 2.4099 1.1283 0.5184 2.3606 0.8123 -0.1699 3.1766 0.8411 -0.1321 3.1055 1.1147 -1.3753 1.7141 0.8258 -1.3753 1.7141 0.8258 -1.3362 1.5901 1.1147 -1.3362 1.5901 0.8258 -1.2803 1.5253 1.1147 -1.2803 1.5253 0.8258 -1.0505 1.4487 1.1147 -1.0505 1.4487 1.1147 -1.1648 1.4656 0.8258 -1.1648 1.4656 0.8258 -0.9117 1.4855 1.1147 -0.9117 1.4855 1.1147 -1.3725 1.8296 0.8258 -1.3725 1.8296 1.1147 -1.3126 1.9601 0.8258 -1.3126 1.9601 0.8123 -1.3870 1.5682 0.8258 -1.3362 1.5901 0.8258 -1.3753 1.7141 0.8123 -1.4324 1.7124 0.8123 -1.4291 1.8467 0.8258 -1.3725 1.8296 0.8258 -1.3126 1.9601 0.8123 -1.3594 1.9985 1.1283 -1.0433 1.3900 1.1147 -1.0505 1.4487 1.1147 -0.9117 1.4855 1.1283 -0.8819 1.4328 0.8123 -0.3927 2.9493 1.1283 -0.3927 2.9493 0.7229 -0.3927 2.9493 1.1283 0.2525 2.1845 0.8123 0.2525 2.1845 0.8123 0.4103 2.2891 1.1283 0.4103 2.2891 1.2176 0.2525 2.1845 1.2176 0.4103 2.2891 0.7229 0.2525 2.1845 0.7229 0.4103 2.2891 1.2176 -0.3927 2.9493 1.2176 0.2525 2.1845 1.2176 0.4103 2.2891 1.2176 -0.2576 3.0808 1.2176 -0.3927 2.9493 0.7229 -0.2576 3.0808 0.6546 -0.2058 3.0313 0.6546 0.3706 2.3490 0.7229 0.4103 2.2891 0.7229 -1.3594 1.9985 0.6546 -1.3199 1.9627 0.6546 -0.9103 1.4781 0.7229 -0.8819 1.4328 1.2176 -1.2795 2.0859 1.1283 -1.2795 2.0859 0.7229 -0.7832 1.4980 0.8123 -0.7832 1.4980 1.1283 -0.7832 1.4980 1.2176 -0.7832 1.4980 0.8123 -1.2795 2.0859 0.7229 -1.2795 2.0859 0.7229 -1.0563 2.3031 0.7229 -0.5226 1.6708 0.7229 -0.7832 1.4980 0.7229 -1.2795 2.0859 0.6546 -0.8239 1.5352 0.6546 -0.9103 1.4781 0.6546 -1.3199 1.9627 0.6546 -1.2499 2.0391 1.2859 -0.2058 3.0313 1.2859 0.3706 2.3490 1.2859 0.4653 2.4116 1.2859 -0.1289 3.1152 0.6546 0.4653 2.4116 0.6546 0.3706 2.3490 0.6546 -0.2058 3.0313 0.6546 -0.1289 3.1152 1.2859 -1.3199 1.9627 1.2859 -0.9103 1.4781 1.2859 -0.8239 1.5352 1.2859 -1.2499 2.0391 1.2176 -0.7832 1.4980 1.2176 -1.2795 2.0859 1.2859 -1.2499 2.0391 1.2859 -0.8239 1.5352 1.2176 -0.2576 3.0808 1.2859 -0.2058 3.0313 1.2859 -0.1289 3.1152 1.2176 -0.1699 3.1766 1.2176 -1.3594 1.9985 1.2176 -0.8819 1.4328 1.2859 -0.9103 1.4781 1.2859 -1.3199 1.9627 0.7229 -1.3594 1.9985 0.7229 -1.2795 2.0859 0.6546 -1.2499 2.0391 0.6546 -1.3199 1.9627 1.2176 -1.3594 1.9985 1.2859 -1.3199 1.9627 1.2859 -1.2499 2.0391 1.2176 -1.2795 2.0859 1.2176 -0.8819 1.4328 1.2176 -0.7832 1.4980 1.2859 -0.8239 1.5352 1.2859 -0.9103 1.4781 0.7229 -0.2576 3.0808 0.7229 -0.1699 3.1766 0.6546 -0.1289 3.1152 0.6546 -0.2058 3.0313 1.2176 0.4103 2.2891 1.2176 0.5184 2.3606 1.2859 0.4653 2.4116 1.2859 0.3706 2.3490 0.7229 0.5184 2.3606 0.6546 0.4653 2.4116 0.6546 -0.1289 3.1152 0.7229 -0.1699 3.1766 1.2176 0.5184 2.3606 1.2176 -0.1699 3.1766 1.2859 -0.1289 3.1152 1.2859 0.4653 2.4116 0.7229 -0.8819 1.4328 0.6546 -0.9103 1.4781 0.6546 -0.8239 1.5352 0.7229 -0.7832 1.4980 1.2176 -0.2576 3.0808 1.2176 0.4103 2.2891 1.2859 0.3706 2.3490 1.2859 -0.2058 3.0313 0.8117 0.0082 2.7787 0.3823 0.0082 2.7787 0.3823 0.0082 2.6749 0.8117 0.0082 2.6749 0.8117 0.1772 2.8439 0.3823 0.1772 2.8439 0.3823 0.0734 2.8439 0.8117 0.0734 2.8439 0.3823 0.2424 2.6749 0.3823 0.2424 2.7787 0.8117 0.2424 2.7787 0.8117 0.2424 2.6749 0.8117 0.1772 2.6097 0.3823 0.1772 2.6097 0.3823 0.2424 2.6749 0.8117 0.2424 2.6749 0.3823 0.1772 2.8439 0.8117 0.1772 2.8439 0.8117 0.2424 2.7787 0.3823 0.2424 2.7787 0.8117 0.0734 2.6097 0.8117 0.0082 2.6749 0.3823 0.0082 2.6749 0.3823 0.0734 2.6097 0.8117 0.0734 2.8439 0.3823 0.0734 2.8439 0.3823 0.0082 2.7787 0.8117 0.0082 2.7787 0.8117 0.1772 2.6097 0.8117 0.0734 2.6097 0.3823 0.0734 2.6097 0.3823 0.1772 2.6097 0.7229 -0.2576 3.0808 0.7229 0.4103 2.2891 0.7229 0.2525 2.1845 0.7229 -0.3927 2.9493 0.7552 0.1664 2.1988 0.7552 -0.3947 2.8639 1.2176 -0.5226 1.6708 1.1854 -0.5077 1.7521 1.1854 -0.9718 2.3020 1.2176 -1.0563 2.3031 0.8123 -0.3927 2.9493 0.8329 -0.3947 2.8639 1.1077 -0.3947 2.8639 1.1283 -0.3927 2.9493 1.1283 -1.0563 2.3031 1.2176 -1.0563 2.3031 1.1854 -0.9718 2.3020 1.1077 -0.9718 2.3020 0.7229 -0.3927 2.9493 0.7552 -0.3947 2.8639 0.8123 -0.5226 1.6708 0.7229 -0.5226 1.6708 0.7552 -0.5077 1.7521 0.8329 -0.5077 1.7521 0.8123 0.2525 2.1845 1.1283 0.2525 2.1845 1.1077 0.1664 2.1988 0.8329 0.1664 2.1988 1.1283 -1.0563 2.3031 0.8123 -1.0563 2.3031 0.7229 -1.0563 2.3031 0.8123 -0.5226 1.6708 1.1283 -0.5226 1.6708 1.2176 -0.5226 1.6708 0.7229 -0.5226 1.6708 1.2176 -1.0563 2.3031 1.2176 -0.7832 1.4980 1.2176 -1.2795 2.0859 1.1283 -0.5226 1.6708 1.1077 -0.5077 1.7521 1.1854 -0.5077 1.7521 1.2176 -0.5226 1.6708 1.1854 0.1664 2.1988 1.1854 -0.3947 2.8639 1.1077 -0.9718 2.3020 1.1854 -0.9718 2.3020 1.1854 -0.3947 2.8639 1.1077 -0.3947 2.8639 0.8329 -0.5077 1.7521 0.7552 -0.5077 1.7521 0.7552 0.1664 2.1988 0.8329 0.1664 2.1988 1.1077 -0.5077 1.7521 1.1077 0.1664 2.1988 1.1854 0.1664 2.1988 1.1854 -0.5077 1.7521 0.7552 -0.9718 2.3020 0.8329 -0.9718 2.3020 0.8329 -0.3947 2.8639 0.7552 -0.3947 2.8639 0.7552 -0.5077 1.7521 0.7552 -0.9718 2.3020 0.8123 -1.0563 2.3031 0.8329 -0.9718 2.3020 1.1854 -0.3947 2.8639 1.2176 -0.3927 2.9493 0.7552 -0.9718 2.3020 0.7229 -1.0563 2.3031 0.7552 0.1664 2.1988 0.7229 0.2525 2.1845 1.2176 0.2525 2.1845 1.1854 0.1664 2.1988 0.8896 -1.6544 2.0416 0.8896 -1.6539 1.9811 1.0509 -1.6539 1.9811 1.0509 -1.6544 2.0416 1.1970 -1.2066 2.0452 1.1970 -1.2061 1.9847 0.7435 -1.2061 1.9847 0.7435 -1.2066 2.0452 0.7435 -1.2066 2.0452 0.7435 -1.5083 2.0428 1.0509 -1.6544 2.0416 0.8896 -1.6544 2.0416 1.1970 -1.5083 2.0428 1.1970 -1.2066 2.0452 1.1970 -1.5083 2.0428 1.1970 -1.5078 1.9823 1.1970 -1.2061 1.9847 1.1970 -1.2066 2.0452 1.0509 -1.6539 1.9811 0.8896 -1.6539 1.9811 1.1970 -1.5078 1.9823 0.7435 -1.5078 1.9823 0.7435 -1.2061 1.9847 1.1970 -1.2061 1.9847 0.7435 -1.5083 2.0428 0.7435 -1.5078 1.9823 0.8896 -1.6539 1.9811 0.8896 -1.6544 2.0416 1.0509 -1.6539 1.9811 1.1970 -1.5078 1.9823 1.1970 -1.5083 2.0428 1.0509 -1.6544 2.0416 0.7435 -1.2061 1.9847 0.7435 -1.5078 1.9823 0.7435 -1.5083 2.0428 0.7435 -1.2066 2.0452 0.8989 0.0671 1.6727 0.8989 -0.1179 1.2614 0.8784 -0.1545 1.2247 0.8784 0.0704 1.7244 1.1027 -0.1545 1.2247 1.0821 -0.1179 1.2614 1.0821 0.0671 1.6727 1.1027 0.0704 1.7244 1.0821 0.0671 1.6727 0.8989 0.0671 1.6727 0.8784 0.0704 1.7244 1.1027 0.0704 1.7244 0.8784 -0.1545 1.2247 0.8989 -0.1179 1.2614 1.0821 -0.1179 1.2614 1.1027 -0.1545 1.2247 0.8784 -0.4157 1.3422 1.1027 -0.4157 1.3422 1.0750 -0.4326 1.3886 0.9060 -0.4326 1.3886 0.8784 -0.1909 1.8419 0.9060 -0.2368 1.8238 1.0750 -0.2368 1.8238 1.1027 -0.1909 1.8419 1.1027 -0.1909 1.8419 1.0750 -0.2368 1.8238 1.0750 -0.4326 1.3886 1.1027 -0.4157 1.3422 0.8784 -0.1909 1.8419 0.8784 -0.4157 1.3422 0.9060 -0.4326 1.3886 0.9060 -0.2368 1.8238 0.8784 0.0704 1.7244 0.8784 -0.1545 1.2247 0.9060 -0.5882 1.4586 0.9060 -0.3924 1.8938 0.9060 -0.2368 1.8238 0.9060 -0.3924 1.8938 1.0750 -0.3924 1.8938 1.0750 -0.2368 1.8238 1.0750 -0.3924 1.8938 1.0750 -0.5882 1.4586 1.0750 -0.4326 1.3886 1.0750 -0.5882 1.4586 0.9060 -0.5882 1.4586 0.9060 -0.4326 1.3886 1.0750 -0.6920 1.5401 0.9060 -0.6920 1.5401 0.9060 -0.6920 1.5401 0.9060 -0.7249 1.6228 0.9060 -0.6060 1.8872 0.9060 -0.5222 1.9174 0.9060 -0.5222 1.9174 1.0750 -0.5222 1.9174 1.0750 -0.5222 1.9174 1.0750 -0.6920 1.5401 0.9060 -0.7249 1.6228 1.0750 -0.7249 1.6228 1.0750 -0.7163 1.7090 0.9060 -0.7163 1.7090 0.9060 -0.6060 1.8872 1.0750 -0.6060 1.8872 1.0750 -0.6060 1.8872 1.0750 -0.7249 1.6228 1.0750 -0.6647 1.8236 0.9060 -0.6647 1.8236 1.0750 -0.6647 1.8236 1.0750 -0.7163 1.7090 0.9060 -0.7163 1.7090 0.9060 -0.6647 1.8236 1.1027 -0.1545 1.2247 1.1027 -0.4157 1.3422 0.8784 -0.4157 1.3422 0.8784 -0.1545 1.2247 1.1027 -0.1545 1.2247 1.1027 0.0704 1.7244 0.8784 0.0704 1.7244 0.8784 -0.1909 1.8419 1.1027 -0.1909 1.8419 1.1027 0.0704 1.7244 0.8989 -0.1179 1.2614 0.8989 0.0671 1.6727 0.9060 0.4708 1.5054 0.9060 0.2750 1.0702 0.8989 0.0671 1.6727 1.0821 0.0671 1.6727 1.0750 0.4708 1.5054 0.9060 0.4708 1.5054 1.0821 -0.1179 1.2614 1.0750 0.2750 1.0702 1.0750 0.4708 1.5054 1.0821 0.0671 1.6727 0.8989 -0.1179 1.2614 0.9060 0.2750 1.0702 1.0750 0.2750 1.0702 1.0821 -0.1179 1.2614 0.9060 0.4047 1.0466 1.0750 0.4047 1.0466 0.9060 0.5745 1.4239 0.9060 0.6075 1.3412 0.9060 0.4885 1.0768 0.9060 0.4047 1.0466 1.0750 0.5745 1.4239 0.9060 0.5745 1.4239 1.0750 0.4047 1.0466 1.0750 0.5745 1.4239 0.9060 0.4885 1.0768 0.9060 0.5472 1.1405 1.0750 0.5472 1.1405 1.0750 0.4885 1.0768 1.0750 0.6075 1.3412 0.9060 0.6075 1.3412 1.0750 0.4885 1.0768 1.0750 0.6075 1.3412 1.0750 0.5988 1.2551 0.9060 0.5988 1.2551 1.0750 0.5472 1.1405 1.0750 0.5988 1.2551 0.9060 0.5988 1.2551 0.9060 0.5472 1.1405 0.8410 -0.1240 0.4945 0.8410 -0.3257 0.7445 0.8410 0.0299 1.0313 0.8410 0.2315 0.7813 0.8410 0.0299 1.0313 1.0960 0.0299 1.0313 1.0960 0.2315 0.7813 0.8410 0.2315 0.7813 1.0960 -0.5592 0.5561 1.0960 -0.8407 0.3291 1.0960 -0.6391 0.0791 1.0960 -0.3576 0.3061 1.0960 -0.8407 0.3291 0.8410 -0.8407 0.3291 0.8410 -0.6391 0.0791 1.0960 -0.6391 0.0791 1.0960 -0.3576 0.3061 1.0960 -0.6391 0.0791 0.8410 -0.6391 0.0791 0.8410 -0.3576 0.3061 1.0960 -0.5592 0.5561 0.8410 -0.5592 0.5561 0.8410 -0.8407 0.3291 1.0960 -0.8407 0.3291 1.1230 0.0671 0.6050 1.1230 -0.1769 0.9074 0.8141 -0.1769 0.9074 0.8141 0.0671 0.6050 0.8141 0.5121 1.4648 0.8141 -0.1769 0.9074 0.8958 0.0176 1.0648 0.8958 0.4251 1.3944 0.8141 0.0671 0.6050 0.8141 0.7569 1.1614 1.1230 0.7569 1.1614 1.1230 0.0671 0.6050 0.8141 0.7689 1.2735 0.8141 0.6246 1.4523 1.1230 0.6246 1.4523 1.1230 0.7689 1.2735 1.1230 0.5121 1.4648 1.1230 -0.1769 0.9074 1.1230 0.7569 1.1614 1.1230 0.0671 0.6050 1.1230 0.7689 1.2735 1.1230 0.6246 1.4523 0.8141 0.7569 1.1614 0.8141 0.7689 1.2735 1.1230 0.7689 1.2735 1.1230 0.7569 1.1614 0.8141 0.5121 1.4648 1.1230 0.5121 1.4648 1.1230 0.6246 1.4523 0.8141 0.6246 1.4523 0.8141 0.7569 1.1614 0.8141 0.0671 0.6050 0.8141 0.5121 1.4648 0.8141 -0.1769 0.9074 0.8141 0.6246 1.4523 0.8141 0.7689 1.2735 1.0413 0.0176 1.0648 1.0413 0.4251 1.3944 1.0413 0.4940 1.3093 1.0413 0.0865 0.9796 1.0413 0.4251 1.3944 1.1230 0.5121 1.4648 1.0413 0.0176 1.0648 1.1230 -0.1769 0.9074 1.0413 0.0865 0.9796 1.0413 0.4940 1.3093 0.8958 0.4940 1.3093 0.8958 0.0865 0.9796 1.0413 0.4251 1.3944 0.8958 0.4251 1.3944 0.8958 0.4940 1.3093 1.0413 0.4940 1.3093 0.8958 0.0176 1.0648 0.8958 0.0865 0.9796 0.8958 0.4940 1.3093 0.8958 0.4251 1.3944 0.8958 0.0176 1.0648 1.0413 0.0176 1.0648 1.0413 0.0865 0.9796 0.8958 0.0865 0.9796 1.0960 0.0299 1.0313 0.8410 0.0299 1.0313 0.8410 -0.3257 0.7445 1.0960 -0.3257 0.7445 1.0960 0.2315 0.7813 1.0960 -0.1240 0.4945 0.8410 -0.1240 0.4945 0.8410 0.2315 0.7813 1.0960 0.0299 1.0313 1.0960 -0.3257 0.7445 1.0960 -0.1240 0.4945 1.0960 0.2315 0.7813 0.8410 -0.3576 0.3061 0.8410 -0.5592 0.5561 0.8702 -0.5095 0.5491 0.8702 -0.3539 0.3562 0.8410 -0.6391 0.0791 0.8410 -0.8407 0.3291 0.8410 -0.5592 0.5561 0.8410 -0.3576 0.3061 1.0960 -0.3576 0.3061 0.8410 -0.3576 0.3061 0.8702 -0.3539 0.3562 1.0669 -0.3539 0.3562 1.0960 -0.1240 0.4945 1.0669 -0.1737 0.5016 0.8702 -0.1737 0.5016 0.8410 -0.1240 0.4945 0.8410 -0.3257 0.7445 0.8410 -0.1240 0.4945 0.8702 -0.1737 0.5016 0.8702 -0.3293 0.6945 0.8702 -0.3539 0.3562 0.8702 -0.5095 0.5491 0.8702 -0.3293 0.6945 0.8702 -0.1737 0.5016 0.8702 -0.3293 0.6945 0.8702 -0.5095 0.5491 1.0669 -0.5095 0.5491 1.0669 -0.3293 0.6945 1.0669 -0.1737 0.5016 1.0669 -0.3539 0.3562 0.8702 -0.3539 0.3562 0.8702 -0.1737 0.5016 1.0669 -0.3293 0.6945 1.0669 -0.5095 0.5491 1.0669 -0.3539 0.3562 1.0669 -0.1737 0.5016 1.0960 -0.3257 0.7445 1.0669 -0.3293 0.6945 1.0669 -0.1737 0.5016 1.0960 -0.1240 0.4945 1.0960 -0.3576 0.3061 1.0669 -0.3539 0.3562 1.0669 -0.5095 0.5491 1.0960 -0.5592 0.5561 1.0960 -0.3257 0.7445 0.8410 -0.3257 0.7445 0.8702 -0.3293 0.6945 1.0669 -0.3293 0.6945 0.8410 -0.5592 0.5561 1.0960 -0.5592 0.5561 1.0669 -0.5095 0.5491 0.8702 -0.5095 0.5491 1.1240 -0.7378 -0.0191 1.2892 -0.9766 -0.0191 1.0861 -1.1171 -0.0191 0.9209 -0.8784 -0.0191 1.1240 -0.7378 0.1897 0.9209 -0.8784 0.1897 1.0861 -1.1171 0.1897 1.2892 -0.9766 0.1897 1.4793 -1.3540 -0.0191 1.3723 -1.4280 -0.0191 1.1240 -0.7378 -0.0191 1.1240 -0.7378 0.1897 1.2892 -0.9766 0.1897 1.2892 -0.9766 -0.0191 1.0861 -1.1171 0.1897 0.9209 -0.8784 0.1897 0.9209 -0.8784 -0.0191 1.0861 -1.1171 -0.0191 0.9209 -0.8784 0.1897 1.1240 -0.7378 0.1897 1.1240 -0.7378 -0.0191 0.9209 -0.8784 -0.0191 1.4793 -1.3540 0.0836 1.3723 -1.4280 0.0836 1.3723 -1.4280 -0.0191 1.4793 -1.3540 -0.0191 1.4793 -1.3540 0.0836 1.4793 -1.3540 -0.0191 1.3723 -1.4280 -0.0191 1.3723 -1.4280 0.0836 1.3723 -1.4280 0.0836 1.4793 -1.3540 0.0836 0.8680 -1.1423 -0.0157 0.6593 -1.0248 -0.0157 0.7975 -0.7793 -0.0157 1.0062 -0.8969 -0.0157 0.7975 -0.7793 0.1859 0.6593 -1.0248 0.1859 0.8680 -1.1423 0.1859 1.0062 -0.8969 0.1859 0.6194 -1.4683 -0.0157 0.5094 -1.4064 -0.0157 1.0062 -0.8969 -0.0157 1.0062 -0.8969 0.1859 0.8680 -1.1423 0.1859 0.8680 -1.1423 -0.0157 0.6593 -1.0248 0.1859 0.7975 -0.7793 0.1859 0.7975 -0.7793 -0.0157 0.6593 -1.0248 -0.0157 0.7975 -0.7793 -0.0157 0.7975 -0.7793 0.1859 1.0062 -0.8969 0.1859 1.0062 -0.8969 -0.0157 0.6194 -1.4683 -0.0157 0.6194 -1.4683 0.0829 0.5094 -1.4064 0.0829 0.5094 -1.4064 -0.0157 0.6194 -1.4683 0.0829 0.6194 -1.4683 -0.0157 0.5094 -1.4064 -0.0157 0.5094 -1.4064 0.0829 0.5094 -1.4064 0.0829 0.6194 -1.4683 0.0829 1.0904 -0.8560 0.1083 1.0435 -0.7968 0.1339 1.0435 -0.8681 0.2992 1.0904 -0.9274 0.2737 1.0904 -1.0006 0.2421 1.0904 -0.9293 0.0767 1.0435 -1.0599 0.2165 1.0435 -0.9885 0.0512 1.0904 -0.9293 0.0767 1.0904 -1.0006 0.2421 0.9676 -1.0111 0.0414 0.9676 -1.0825 0.2068 0.8918 -1.0599 0.2165 0.8918 -0.9885 0.0512 0.8449 -0.9293 0.0767 0.8449 -1.0006 0.2421 0.8449 -0.9274 0.2737 0.8449 -0.8560 0.1083 0.8918 -0.8681 0.2992 0.8918 -0.7968 0.1339 1.0904 -0.9274 0.2737 1.0435 -0.8681 0.2992 0.8918 -0.8681 0.2992 0.9676 -0.8455 0.3090 0.8449 -0.9274 0.2737 0.8449 -1.0006 0.2421 0.8918 -1.0599 0.2165 0.9676 -1.0825 0.2068 1.0435 -1.0599 0.2165 1.0904 -1.0006 0.2421 0.9676 -0.8455 0.3090 0.9676 -0.7742 0.1436 0.8918 -0.7968 0.1339 0.9676 -0.7742 0.1436 1.0904 -0.9293 0.0767 1.0435 -0.7968 0.1339 1.0904 -0.8560 0.1083 1.0435 -0.9885 0.0512 0.9676 -1.0111 0.0414 0.8918 -0.9885 0.0512 0.8449 -0.9293 0.0767 0.8449 -0.8560 0.1083 1.2037 -0.7201 0.1488 1.2037 -0.6938 0.2457 1.2037 -0.7870 0.2710 1.2037 -0.8830 0.1930 1.1744 -0.6619 0.1330 1.1744 -0.6356 0.2299 1.2037 -0.9039 0.3978 1.2037 -0.9999 0.3198 1.1914 -0.9430 0.4429 1.1917 -1.0393 0.3653 1.1914 -0.9430 0.4429 1.1298 -0.9696 0.4762 1.1297 -1.0665 0.3993 1.1917 -1.0393 0.3653 0.7955 -0.6137 0.2239 1.1264 -0.6137 0.2239 1.1264 -0.6400 0.1270 0.7955 -0.6400 0.1270 0.7181 -0.7201 0.1488 0.7181 -0.8830 0.1930 0.7181 -0.7870 0.2710 0.7181 -0.6938 0.2457 0.7474 -0.6356 0.2299 0.7474 -0.6619 0.1330 0.7181 -0.9999 0.3198 0.7181 -0.9039 0.3978 0.7301 -1.0393 0.3653 0.7304 -0.9430 0.4429 0.7921 -1.0665 0.3993 0.7921 -0.9696 0.4762 0.7304 -0.9430 0.4429 0.7301 -1.0393 0.3653 0.7955 -0.6137 0.2239 0.7955 -0.6400 0.1270 1.1711 -0.7274 0.1507 1.1702 -0.8830 0.1930 1.1702 -0.7870 0.2710 1.1711 -0.7010 0.2477 1.1509 -0.6585 0.2361 1.1509 -0.6849 0.1392 1.1704 -0.9977 0.3171 1.1704 -0.9019 0.3953 1.1638 -1.0278 0.3509 1.1634 -0.9316 0.4287 1.1197 -1.0466 0.3744 1.1197 -0.9498 0.4513 1.1634 -0.9316 0.4287 1.1638 -1.0278 0.3509 0.8028 -0.6452 0.2325 0.8028 -0.6715 0.1356 1.1190 -0.6715 0.1356 1.1190 -0.6452 0.2325 1.1509 -0.6585 0.2361 1.1509 -0.6849 0.1392 0.7507 -0.7274 0.1507 0.7507 -0.7010 0.2477 0.7516 -0.7870 0.2710 0.7516 -0.8830 0.1930 0.7710 -0.6849 0.1392 0.7710 -0.6585 0.2361 0.7514 -0.9019 0.3953 0.7514 -0.9977 0.3171 0.7584 -0.9316 0.4287 0.7580 -1.0278 0.3509 0.7584 -0.9316 0.4287 0.8021 -0.9498 0.4513 0.8021 -1.0466 0.3744 0.7580 -1.0278 0.3509 0.7710 -0.6585 0.2361 0.7710 -0.6849 0.1392 0.8028 -0.6715 0.1356 0.8028 -0.6452 0.2325 1.2037 -0.8830 0.1930 1.1702 -0.8830 0.1930 1.1711 -0.7274 0.1507 1.2037 -0.7201 0.1488 1.2037 -0.7870 0.2710 1.2037 -0.6938 0.2457 1.1711 -0.7010 0.2477 1.1702 -0.7870 0.2710 1.2037 -0.9999 0.3198 1.1704 -0.9977 0.3171 1.1704 -0.9019 0.3953 1.2037 -0.9039 0.3978 1.1917 -1.0393 0.3653 1.1638 -1.0278 0.3509 1.1634 -0.9316 0.4287 1.1914 -0.9430 0.4429 1.1298 -0.9696 0.4762 1.1197 -0.9498 0.4513 1.1297 -1.0665 0.3993 1.1197 -1.0466 0.3744 1.1509 -0.6849 0.1392 1.1744 -0.6619 0.1330 1.1744 -0.6356 0.2299 1.1509 -0.6585 0.2361 1.1264 -0.6137 0.2239 1.1190 -0.6452 0.2325 1.1264 -0.6400 0.1270 1.1190 -0.6715 0.1356 0.7181 -0.8830 0.1930 0.7181 -0.7201 0.1488 0.7507 -0.7274 0.1507 0.7516 -0.8830 0.1930 0.7181 -0.7870 0.2710 0.7516 -0.7870 0.2710 0.7507 -0.7010 0.2477 0.7181 -0.6938 0.2457 0.7514 -0.9977 0.3171 0.7181 -0.9999 0.3198 0.7181 -0.9039 0.3978 0.7514 -0.9019 0.3953 0.7580 -1.0278 0.3509 0.7301 -1.0393 0.3653 0.7304 -0.9430 0.4429 0.7584 -0.9316 0.4287 0.7921 -0.9696 0.4762 0.8021 -0.9498 0.4513 0.7921 -1.0665 0.3993 0.8021 -1.0466 0.3744 0.7474 -0.6619 0.1330 0.7710 -0.6849 0.1392 0.7710 -0.6585 0.2361 0.7474 -0.6356 0.2299 0.7955 -0.6137 0.2239 0.8028 -0.6452 0.2325 0.7955 -0.6400 0.1270 0.8028 -0.6715 0.1356 0.7955 -0.6400 0.1270 0.8028 -0.6715 0.1356 0.7955 -0.6137 0.2239 0.8028 -0.6452 0.2325 -0.6546 -1.2499 2.0391 -0.6546 -0.8239 1.5352 -0.7229 -0.7832 1.4980 -0.7229 -1.2795 2.0859 -0.8123 -1.3594 1.9985 -0.8123 -1.4291 1.8467 -0.7229 -1.4291 1.8467 -0.7229 -1.3594 1.9985 -0.6546 0.4653 2.4116 -0.6546 0.3706 2.3490 -0.7229 0.4103 2.2891 -0.7229 0.5184 2.3606 -0.8123 0.5184 2.3606 -0.8123 0.6083 2.5165 -0.7229 0.6083 2.5165 -0.7229 0.5184 2.3606 -1.1283 -0.2576 3.0808 -1.1283 -0.1699 3.1766 -1.2176 -0.1699 3.1766 -1.2176 -0.2576 3.0808 -0.8123 0.4103 2.2891 -0.7229 0.4103 2.2891 -0.8123 0.6052 2.7103 -0.7229 0.6052 2.7103 -1.2176 -0.0009 3.2386 -1.2176 0.6083 2.5165 -1.2176 0.5184 2.3606 -1.2176 -0.1699 3.1766 -0.7229 0.5184 2.3606 -0.7229 0.6083 2.5165 -0.7229 -0.0009 3.2386 -0.7229 -0.1699 3.1766 -1.1283 -0.0009 3.2386 -1.2176 -0.0009 3.2386 -1.1283 0.1895 3.2026 -1.1283 0.3667 3.1007 -1.2176 0.3667 3.1007 -1.2176 0.1895 3.2026 -1.2176 0.1895 3.2026 -1.2176 0.6052 2.7103 -0.7229 0.6052 2.7103 -0.7229 0.1895 3.2026 -0.8123 0.3667 3.1007 -0.7229 0.3667 3.1007 -0.7229 0.5351 2.9023 -0.8123 0.5351 2.9023 -0.7229 0.5351 2.9023 -0.7229 0.3667 3.1007 -1.2176 0.3667 3.1007 -1.2176 0.5351 2.9023 -0.8123 -1.4324 1.7124 -0.7229 -1.4324 1.7124 -1.1283 -1.0433 1.3900 -1.2176 -1.0433 1.3900 -1.2176 -0.8819 1.4328 -1.1283 -0.8819 1.4328 -0.7229 -1.3594 1.9985 -0.7229 -1.4291 1.8467 -0.7229 -1.0433 1.3900 -0.7229 -0.8819 1.4328 -1.2176 -1.0433 1.3900 -1.2176 -1.4291 1.8467 -1.2176 -1.3594 1.9985 -1.2176 -0.8819 1.4328 -1.1283 -1.1762 1.4096 -1.1283 -1.3106 1.4790 -1.2176 -1.3106 1.4790 -1.2176 -1.1762 1.4096 -0.7229 -1.4324 1.7124 -0.7229 -1.1762 1.4096 -1.2176 -1.1762 1.4096 -1.2176 -1.4324 1.7124 -1.1283 -1.3870 1.5682 -1.2176 -1.3870 1.5682 -0.7229 -1.3870 1.5682 -0.7229 -1.3106 1.4790 -1.2176 -1.3106 1.4790 -1.2176 -1.3870 1.5682 -0.8123 -1.3870 1.5682 -0.7229 -1.3870 1.5682 -1.2176 -1.4324 1.7124 -1.1283 -1.4324 1.7124 -0.8123 -1.0433 1.3900 -0.8258 -1.0505 1.4487 -0.8258 -0.9117 1.4855 -0.8123 -0.8819 1.4328 -0.8123 -1.3106 1.4790 -0.7229 -1.3106 1.4790 -0.8258 -0.9117 1.4855 -1.1147 -0.9117 1.4855 -1.1283 -0.8819 1.4328 -0.8123 -0.8819 1.4328 -0.7229 -1.0433 1.3900 -0.7229 -1.1762 1.4096 -0.8123 -1.1762 1.4096 -0.8123 -1.0433 1.3900 -1.1283 -1.4291 1.8467 -1.1147 -1.3725 1.8296 -1.1147 -1.3126 1.9601 -1.1283 -1.3594 1.9985 -1.1283 -1.3870 1.5682 -1.1147 -1.3362 1.5901 -1.1147 -1.3753 1.7141 -1.1283 -1.4324 1.7124 -0.7229 -0.8819 1.4328 -0.8123 -0.8819 1.4328 -1.1147 -1.1648 1.4656 -1.1147 -1.2803 1.5253 -1.1283 -1.3106 1.4790 -1.1283 -1.1762 1.4096 -1.2176 -1.4291 1.8467 -1.1283 -1.4291 1.8467 -0.8123 -1.3106 1.4790 -0.8258 -1.2803 1.5253 -0.8258 -1.1648 1.4656 -0.8123 -1.1762 1.4096 -1.2176 0.6052 2.7103 -1.2176 0.5351 2.9023 -1.1283 0.5351 2.9023 -1.1283 0.6052 2.7103 -0.8411 0.5325 2.5450 -0.8411 0.5299 2.7128 -0.8123 0.6052 2.7103 -0.8123 0.6083 2.5165 -0.8411 0.4692 2.8791 -0.8411 0.3327 3.0397 -0.8123 0.3667 3.1007 -0.8123 0.5351 2.9023 -0.7229 -0.0009 3.2386 -0.7229 0.1895 3.2026 -0.8123 0.1895 3.2026 -0.8123 -0.0009 3.2386 -1.1283 0.6052 2.7103 -1.0994 0.5299 2.7128 -1.0994 0.5325 2.5450 -1.1283 0.6083 2.5165 -0.8123 0.5184 2.3606 -0.8411 0.4547 2.4099 -0.7229 -0.1699 3.1766 -0.8123 -0.1699 3.1766 -1.1283 0.3667 3.1007 -1.0994 0.3327 3.0397 -1.0994 0.4692 2.8791 -1.1283 0.5351 2.9023 -1.2176 0.6083 2.5165 -1.1283 0.6083 2.5165 -1.1283 -0.1699 3.1766 -1.0994 -0.1321 3.1055 -1.0994 0.0142 3.1591 -1.1283 -0.0009 3.2386 -1.2176 0.5184 2.3606 -1.1283 0.5184 2.3606 -1.1283 0.4103 2.2891 -1.2176 0.4103 2.2891 -0.7229 -0.2576 3.0808 -0.8123 -0.2576 3.0808 -1.0994 0.4547 2.4099 -1.1283 0.5184 2.3606 -1.2176 -1.3594 1.9985 -1.1283 -1.3594 1.9985 -1.1283 -1.3594 1.9985 -1.1147 -1.3126 1.9601 -0.8258 -1.3126 1.9601 -0.8123 -1.3594 1.9985 -1.0994 0.5299 2.7128 -1.0994 0.4692 2.8791 -0.8411 0.4692 2.8791 -0.8411 0.5299 2.7128 -1.0994 0.3327 3.0397 -0.8411 0.3327 3.0397 -0.8411 0.0142 3.1591 -0.8411 0.1791 3.1279 -1.0994 0.1791 3.1279 -1.0994 0.0142 3.1591 -0.8411 -0.1321 3.1055 -1.0994 -0.1321 3.1055 -1.0994 0.5325 2.5450 -0.8411 0.5325 2.5450 -1.0994 0.4547 2.4099 -0.8411 0.4547 2.4099 -0.8123 0.1895 3.2026 -0.8411 0.1791 3.1279 -0.8411 0.0142 3.1591 -0.8123 -0.0009 3.2386 -1.0994 0.1791 3.1279 -1.1283 0.1895 3.2026 -0.8123 -0.1699 3.1766 -0.8411 -0.1321 3.1055 -1.0994 -0.1321 3.1055 -1.1283 -0.1699 3.1766 -1.0994 0.4547 2.4099 -0.8411 0.4547 2.4099 -0.8123 0.5184 2.3606 -1.1283 0.5184 2.3606 -0.8411 -0.1321 3.1055 -0.8123 -0.1699 3.1766 -1.1147 -1.3753 1.7141 -1.1147 -1.3362 1.5901 -0.8258 -1.3362 1.5901 -0.8258 -1.3753 1.7141 -1.1147 -1.2803 1.5253 -0.8258 -1.2803 1.5253 -0.8258 -1.0505 1.4487 -0.8258 -1.1648 1.4656 -1.1147 -1.1648 1.4656 -1.1147 -1.0505 1.4487 -0.8258 -0.9117 1.4855 -1.1147 -0.9117 1.4855 -1.1147 -1.3725 1.8296 -0.8258 -1.3725 1.8296 -1.1147 -1.3126 1.9601 -0.8258 -1.3126 1.9601 -0.8258 -1.3753 1.7141 -0.8258 -1.3362 1.5901 -0.8123 -1.3870 1.5682 -0.8123 -1.4324 1.7124 -0.8258 -1.3126 1.9601 -0.8258 -1.3725 1.8296 -0.8123 -1.4291 1.8467 -0.8123 -1.3594 1.9985 -1.1147 -0.9117 1.4855 -1.1147 -1.0505 1.4487 -1.1283 -1.0433 1.3900 -1.1283 -0.8819 1.4328 -0.8123 -0.3927 2.9493 -1.1283 -0.3927 2.9493 -0.7229 -0.3927 2.9493 -1.1283 0.2525 2.1845 -1.1283 0.4103 2.2891 -0.8123 0.4103 2.2891 -0.8123 0.2525 2.1845 -1.2176 0.2525 2.1845 -1.2176 0.4103 2.2891 -0.7229 0.4103 2.2891 -0.7229 0.2525 2.1845 -1.2176 -0.3927 2.9493 -1.2176 -0.2576 3.0808 -1.2176 0.4103 2.2891 -1.2176 0.2525 2.1845 -1.2176 -0.3927 2.9493 -0.6546 0.3706 2.3490 -0.6546 -0.2058 3.0313 -0.7229 -0.2576 3.0808 -0.7229 0.4103 2.2891 -0.6546 -0.9103 1.4781 -0.6546 -1.3199 1.9627 -0.7229 -1.3594 1.9985 -0.7229 -0.8819 1.4328 -1.1283 -1.2795 2.0859 -1.2176 -1.2795 2.0859 -0.8123 -0.7832 1.4980 -0.7229 -0.7832 1.4980 -1.2176 -0.7832 1.4980 -1.1283 -0.7832 1.4980 -0.7229 -1.2795 2.0859 -0.8123 -1.2795 2.0859 -0.7229 -1.0563 2.3031 -0.7229 -1.2795 2.0859 -0.7229 -0.7832 1.4980 -0.7229 -0.5226 1.6708 -0.6546 -1.3199 1.9627 -0.6546 -0.9103 1.4781 -0.6546 -0.8239 1.5352 -0.6546 -1.2499 2.0391 -1.2859 -0.2058 3.0313 -1.2859 -0.1289 3.1152 -1.2859 0.4653 2.4116 -1.2859 0.3706 2.3490 -0.6546 -0.2058 3.0313 -0.6546 0.3706 2.3490 -0.6546 0.4653 2.4116 -0.6546 -0.1289 3.1152 -1.2859 -1.3199 1.9627 -1.2859 -1.2499 2.0391 -1.2859 -0.8239 1.5352 -1.2859 -0.9103 1.4781 -1.2176 -0.7832 1.4980 -1.2859 -0.8239 1.5352 -1.2859 -1.2499 2.0391 -1.2176 -1.2795 2.0859 -1.2859 -0.1289 3.1152 -1.2859 -0.2058 3.0313 -1.2176 -0.2576 3.0808 -1.2176 -0.1699 3.1766 -1.2176 -1.3594 1.9985 -1.2859 -1.3199 1.9627 -1.2859 -0.9103 1.4781 -1.2176 -0.8819 1.4328 -0.7229 -1.3594 1.9985 -0.6546 -1.3199 1.9627 -0.6546 -1.2499 2.0391 -0.7229 -1.2795 2.0859 -1.2859 -1.2499 2.0391 -1.2859 -1.3199 1.9627 -1.2176 -1.3594 1.9985 -1.2176 -1.2795 2.0859 -1.2176 -0.8819 1.4328 -1.2859 -0.9103 1.4781 -1.2859 -0.8239 1.5352 -1.2176 -0.7832 1.4980 -0.7229 -0.2576 3.0808 -0.6546 -0.2058 3.0313 -0.6546 -0.1289 3.1152 -0.7229 -0.1699 3.1766 -1.2176 0.4103 2.2891 -1.2859 0.3706 2.3490 -1.2859 0.4653 2.4116 -1.2176 0.5184 2.3606 -0.6546 -0.1289 3.1152 -0.6546 0.4653 2.4116 -0.7229 0.5184 2.3606 -0.7229 -0.1699 3.1766 -1.2176 0.5184 2.3606 -1.2859 0.4653 2.4116 -1.2859 -0.1289 3.1152 -1.2176 -0.1699 3.1766 -0.6546 -0.8239 1.5352 -0.6546 -0.9103 1.4781 -0.7229 -0.8819 1.4328 -0.7229 -0.7832 1.4980 -1.2176 -0.2576 3.0808 -1.2859 -0.2058 3.0313 -1.2859 0.3706 2.3490 -1.2176 0.4103 2.2891 -0.3823 0.0082 2.6749 -0.3823 0.0082 2.7787 -0.8117 0.0082 2.7787 -0.8117 0.0082 2.6749 -0.8117 0.1772 2.8439 -0.8117 0.0734 2.8439 -0.3823 0.0734 2.8439 -0.3823 0.1772 2.8439 -0.3823 0.2424 2.6749 -0.8117 0.2424 2.6749 -0.8117 0.2424 2.7787 -0.3823 0.2424 2.7787 -0.8117 0.1772 2.6097 -0.8117 0.2424 2.6749 -0.3823 0.2424 2.6749 -0.3823 0.1772 2.6097 -0.3823 0.1772 2.8439 -0.3823 0.2424 2.7787 -0.8117 0.2424 2.7787 -0.8117 0.1772 2.8439 -0.3823 0.0082 2.6749 -0.8117 0.0082 2.6749 -0.8117 0.0734 2.6097 -0.3823 0.0734 2.6097 -0.8117 0.0734 2.8439 -0.8117 0.0082 2.7787 -0.3823 0.0082 2.7787 -0.3823 0.0734 2.8439 -0.3823 0.0734 2.6097 -0.8117 0.0734 2.6097 -0.8117 0.1772 2.6097 -0.3823 0.1772 2.6097 -0.7229 -0.2576 3.0808 -0.7229 -0.3927 2.9493 -0.7229 0.2525 2.1845 -0.7229 0.4103 2.2891 -0.7552 -0.3947 2.8639 -0.7552 0.1664 2.1988 -1.1854 -0.9718 2.3020 -1.1854 -0.5077 1.7521 -1.2176 -0.5226 1.6708 -1.2176 -1.0563 2.3031 -1.1283 -0.3927 2.9493 -1.1077 -0.3947 2.8639 -0.8329 -0.3947 2.8639 -0.8123 -0.3927 2.9493 -1.1283 -1.0563 2.3031 -1.1077 -0.9718 2.3020 -1.1854 -0.9718 2.3020 -1.2176 -1.0563 2.3031 -0.7552 -0.3947 2.8639 -0.7229 -0.3927 2.9493 -0.8123 -0.5226 1.6708 -0.8329 -0.5077 1.7521 -0.7552 -0.5077 1.7521 -0.7229 -0.5226 1.6708 -0.8329 0.1664 2.1988 -1.1077 0.1664 2.1988 -1.1283 0.2525 2.1845 -0.8123 0.2525 2.1845 -0.8123 -1.0563 2.3031 -1.1283 -1.0563 2.3031 -0.7229 -1.0563 2.3031 -1.1283 -0.5226 1.6708 -0.8123 -0.5226 1.6708 -1.2176 -0.5226 1.6708 -0.7229 -0.5226 1.6708 -1.2176 -1.0563 2.3031 -1.2176 -0.7832 1.4980 -1.2176 -1.2795 2.0859 -1.1854 -0.5077 1.7521 -1.1077 -0.5077 1.7521 -1.1283 -0.5226 1.6708 -1.2176 -0.5226 1.6708 -1.1854 -0.3947 2.8639 -1.1854 0.1664 2.1988 -1.1077 -0.9718 2.3020 -1.1077 -0.3947 2.8639 -1.1854 -0.3947 2.8639 -1.1854 -0.9718 2.3020 -0.8329 -0.5077 1.7521 -0.8329 0.1664 2.1988 -0.7552 0.1664 2.1988 -0.7552 -0.5077 1.7521 -1.1854 -0.5077 1.7521 -1.1854 0.1664 2.1988 -1.1077 0.1664 2.1988 -1.1077 -0.5077 1.7521 -0.7552 -0.9718 2.3020 -0.7552 -0.3947 2.8639 -0.8329 -0.3947 2.8639 -0.8329 -0.9718 2.3020 -0.7552 -0.9718 2.3020 -0.7552 -0.5077 1.7521 -0.8329 -0.9718 2.3020 -0.8123 -1.0563 2.3031 -1.1854 -0.3947 2.8639 -1.2176 -0.3927 2.9493 -0.7552 -0.9718 2.3020 -0.7229 -1.0563 2.3031 -0.7552 0.1664 2.1988 -0.7229 0.2525 2.1845 -1.1854 0.1664 2.1988 -1.2176 0.2525 2.1845 -0.8896 -1.6544 2.0416 -1.0509 -1.6544 2.0416 -1.0509 -1.6539 1.9811 -0.8896 -1.6539 1.9811 -1.1970 -1.2066 2.0452 -0.7435 -1.2066 2.0452 -0.7435 -1.2061 1.9847 -1.1970 -1.2061 1.9847 -0.8896 -1.6544 2.0416 -0.7435 -1.5083 2.0428 -1.1970 -1.5083 2.0428 -0.7435 -1.2066 2.0452 -1.1970 -1.2066 2.0452 -1.0509 -1.6544 2.0416 -1.1970 -1.2066 2.0452 -1.1970 -1.2061 1.9847 -1.1970 -1.5078 1.9823 -1.1970 -1.5083 2.0428 -0.7435 -1.5078 1.9823 -0.8896 -1.6539 1.9811 -0.7435 -1.2061 1.9847 -1.0509 -1.6539 1.9811 -1.1970 -1.5078 1.9823 -1.1970 -1.2061 1.9847 -0.8896 -1.6544 2.0416 -0.8896 -1.6539 1.9811 -0.7435 -1.5078 1.9823 -0.7435 -1.5083 2.0428 -1.0509 -1.6544 2.0416 -1.1970 -1.5083 2.0428 -1.1970 -1.5078 1.9823 -1.0509 -1.6539 1.9811 -0.7435 -1.2066 2.0452 -0.7435 -1.5083 2.0428 -0.7435 -1.5078 1.9823 -0.7435 -1.2061 1.9847 -0.8784 -0.1545 1.2247 -0.8989 -0.1179 1.2614 -0.8989 0.0671 1.6727 -0.8784 0.0704 1.7244 -1.1027 -0.1545 1.2247 -1.1027 0.0704 1.7244 -1.0821 0.0671 1.6727 -1.0821 -0.1179 1.2614 -0.8784 0.0704 1.7244 -0.8989 0.0671 1.6727 -1.0821 0.0671 1.6727 -1.1027 0.0704 1.7244 -0.8784 -0.1545 1.2247 -1.1027 -0.1545 1.2247 -1.0821 -0.1179 1.2614 -0.8989 -0.1179 1.2614 -0.8784 -0.4157 1.3422 -0.9060 -0.4326 1.3886 -1.0750 -0.4326 1.3886 -1.1027 -0.4157 1.3422 -1.0750 -0.2368 1.8238 -0.9060 -0.2368 1.8238 -0.8784 -0.1909 1.8419 -1.1027 -0.1909 1.8419 -1.0750 -0.4326 1.3886 -1.0750 -0.2368 1.8238 -1.1027 -0.1909 1.8419 -1.1027 -0.4157 1.3422 -0.8784 -0.1909 1.8419 -0.9060 -0.2368 1.8238 -0.9060 -0.4326 1.3886 -0.8784 -0.4157 1.3422 -0.8784 -0.1545 1.2247 -0.8784 0.0704 1.7244 -0.9060 -0.3924 1.8938 -0.9060 -0.5882 1.4586 -0.9060 -0.2368 1.8238 -1.0750 -0.2368 1.8238 -1.0750 -0.3924 1.8938 -0.9060 -0.3924 1.8938 -1.0750 -0.5882 1.4586 -1.0750 -0.3924 1.8938 -1.0750 -0.4326 1.3886 -0.9060 -0.4326 1.3886 -0.9060 -0.5882 1.4586 -1.0750 -0.5882 1.4586 -0.9060 -0.6920 1.5401 -1.0750 -0.6920 1.5401 -0.9060 -0.6060 1.8872 -0.9060 -0.7249 1.6228 -0.9060 -0.6920 1.5401 -0.9060 -0.5222 1.9174 -1.0750 -0.5222 1.9174 -0.9060 -0.5222 1.9174 -1.0750 -0.6920 1.5401 -1.0750 -0.5222 1.9174 -0.9060 -0.7249 1.6228 -0.9060 -0.7163 1.7090 -1.0750 -0.7163 1.7090 -1.0750 -0.7249 1.6228 -1.0750 -0.6060 1.8872 -0.9060 -0.6060 1.8872 -1.0750 -0.7249 1.6228 -1.0750 -0.6060 1.8872 -1.0750 -0.6647 1.8236 -0.9060 -0.6647 1.8236 -1.0750 -0.7163 1.7090 -1.0750 -0.6647 1.8236 -0.9060 -0.6647 1.8236 -0.9060 -0.7163 1.7090 -0.8784 -0.1545 1.2247 -0.8784 -0.4157 1.3422 -1.1027 -0.4157 1.3422 -1.1027 -0.1545 1.2247 -1.1027 0.0704 1.7244 -1.1027 -0.1545 1.2247 -0.8784 0.0704 1.7244 -1.1027 0.0704 1.7244 -1.1027 -0.1909 1.8419 -0.8784 -0.1909 1.8419 -0.8989 -0.1179 1.2614 -0.9060 0.2750 1.0702 -0.9060 0.4708 1.5054 -0.8989 0.0671 1.6727 -0.8989 0.0671 1.6727 -0.9060 0.4708 1.5054 -1.0750 0.4708 1.5054 -1.0821 0.0671 1.6727 -1.0750 0.4708 1.5054 -1.0750 0.2750 1.0702 -1.0821 -0.1179 1.2614 -1.0821 0.0671 1.6727 -1.0750 0.2750 1.0702 -0.9060 0.2750 1.0702 -0.8989 -0.1179 1.2614 -1.0821 -0.1179 1.2614 -1.0750 0.4047 1.0466 -0.9060 0.4047 1.0466 -0.9060 0.5745 1.4239 -0.9060 0.4047 1.0466 -0.9060 0.4885 1.0768 -0.9060 0.6075 1.3412 -0.9060 0.5745 1.4239 -1.0750 0.5745 1.4239 -1.0750 0.5745 1.4239 -1.0750 0.4047 1.0466 -0.9060 0.4885 1.0768 -1.0750 0.4885 1.0768 -1.0750 0.5472 1.1405 -0.9060 0.5472 1.1405 -0.9060 0.6075 1.3412 -1.0750 0.6075 1.3412 -1.0750 0.6075 1.3412 -1.0750 0.4885 1.0768 -1.0750 0.5988 1.2551 -0.9060 0.5988 1.2551 -1.0750 0.5988 1.2551 -1.0750 0.5472 1.1405 -0.9060 0.5472 1.1405 -0.9060 0.5988 1.2551 -0.8410 -0.1240 0.4945 -0.8410 0.2315 0.7813 -0.8410 0.0299 1.0313 -0.8410 -0.3257 0.7445 -1.0960 0.2315 0.7813 -1.0960 0.0299 1.0313 -0.8410 0.0299 1.0313 -0.8410 0.2315 0.7813 -1.0960 -0.3576 0.3061 -1.0960 -0.6391 0.0791 -1.0960 -0.8407 0.3291 -1.0960 -0.5592 0.5561 -0.8410 -0.6391 0.0791 -0.8410 -0.8407 0.3291 -1.0960 -0.8407 0.3291 -1.0960 -0.6391 0.0791 -0.8410 -0.3576 0.3061 -0.8410 -0.6391 0.0791 -1.0960 -0.6391 0.0791 -1.0960 -0.3576 0.3061 -1.0960 -0.8407 0.3291 -0.8410 -0.8407 0.3291 -0.8410 -0.5592 0.5561 -1.0960 -0.5592 0.5561 -0.8141 -0.1769 0.9074 -1.1230 -0.1769 0.9074 -1.1230 0.0671 0.6050 -0.8141 0.0671 0.6050 -0.8141 0.5121 1.4648 -0.8958 0.4251 1.3944 -0.8958 0.0176 1.0648 -0.8141 -0.1769 0.9074 -1.1230 0.0671 0.6050 -1.1230 0.7569 1.1614 -0.8141 0.7569 1.1614 -0.8141 0.0671 0.6050 -0.8141 0.7689 1.2735 -1.1230 0.7689 1.2735 -1.1230 0.6246 1.4523 -0.8141 0.6246 1.4523 -1.1230 0.0671 0.6050 -1.1230 -0.1769 0.9074 -1.1230 0.7689 1.2735 -1.1230 0.5121 1.4648 -1.1230 0.6246 1.4523 -1.1230 0.7569 1.1614 -1.1230 0.7569 1.1614 -1.1230 0.7689 1.2735 -0.8141 0.7689 1.2735 -0.8141 0.7569 1.1614 -0.8141 0.5121 1.4648 -0.8141 0.6246 1.4523 -1.1230 0.6246 1.4523 -1.1230 0.5121 1.4648 -0.8141 -0.1769 0.9074 -0.8141 0.0671 0.6050 -0.8141 0.6246 1.4523 -0.8141 0.7569 1.1614 -0.8141 0.7689 1.2735 -0.8141 0.5121 1.4648 -1.0413 0.0176 1.0648 -1.0413 0.0865 0.9796 -1.0413 0.4940 1.3093 -1.0413 0.4251 1.3944 -1.0413 0.4251 1.3944 -1.1230 0.5121 1.4648 -1.0413 0.0176 1.0648 -1.1230 -0.1769 0.9074 -0.8958 0.4940 1.3093 -1.0413 0.4940 1.3093 -1.0413 0.0865 0.9796 -0.8958 0.0865 0.9796 -1.0413 0.4940 1.3093 -0.8958 0.4940 1.3093 -0.8958 0.4251 1.3944 -1.0413 0.4251 1.3944 -0.8958 0.4940 1.3093 -0.8958 0.0865 0.9796 -0.8958 0.0176 1.0648 -0.8958 0.4251 1.3944 -0.8958 0.0176 1.0648 -0.8958 0.0865 0.9796 -1.0413 0.0865 0.9796 -1.0413 0.0176 1.0648 -1.0960 0.0299 1.0313 -1.0960 -0.3257 0.7445 -0.8410 -0.3257 0.7445 -0.8410 0.0299 1.0313 -0.8410 0.2315 0.7813 -0.8410 -0.1240 0.4945 -1.0960 -0.1240 0.4945 -1.0960 0.2315 0.7813 -1.0960 -0.1240 0.4945 -1.0960 -0.3257 0.7445 -1.0960 0.0299 1.0313 -1.0960 0.2315 0.7813 -0.8410 -0.3576 0.3061 -0.8702 -0.3539 0.3562 -0.8702 -0.5095 0.5491 -0.8410 -0.5592 0.5561 -0.8410 -0.3576 0.3061 -0.8410 -0.5592 0.5561 -0.8410 -0.8407 0.3291 -0.8410 -0.6391 0.0791 -1.0669 -0.3539 0.3562 -0.8702 -0.3539 0.3562 -0.8410 -0.3576 0.3061 -1.0960 -0.3576 0.3061 -0.8702 -0.1737 0.5016 -1.0669 -0.1737 0.5016 -1.0960 -0.1240 0.4945 -0.8410 -0.1240 0.4945 -0.8410 -0.3257 0.7445 -0.8702 -0.3293 0.6945 -0.8702 -0.1737 0.5016 -0.8410 -0.1240 0.4945 -0.8702 -0.1737 0.5016 -0.8702 -0.3293 0.6945 -0.8702 -0.5095 0.5491 -0.8702 -0.3539 0.3562 -1.0669 -0.5095 0.5491 -0.8702 -0.5095 0.5491 -0.8702 -0.3293 0.6945 -1.0669 -0.3293 0.6945 -0.8702 -0.3539 0.3562 -1.0669 -0.3539 0.3562 -1.0669 -0.1737 0.5016 -0.8702 -0.1737 0.5016 -1.0669 -0.1737 0.5016 -1.0669 -0.3539 0.3562 -1.0669 -0.5095 0.5491 -1.0669 -0.3293 0.6945 -1.0669 -0.1737 0.5016 -1.0669 -0.3293 0.6945 -1.0960 -0.3257 0.7445 -1.0960 -0.1240 0.4945 -1.0669 -0.5095 0.5491 -1.0669 -0.3539 0.3562 -1.0960 -0.3576 0.3061 -1.0960 -0.5592 0.5561 -1.0960 -0.3257 0.7445 -1.0669 -0.3293 0.6945 -0.8702 -0.3293 0.6945 -0.8410 -0.3257 0.7445 -0.8410 -0.5592 0.5561 -0.8702 -0.5095 0.5491 -1.0669 -0.5095 0.5491 -1.0960 -0.5592 0.5561 0.4922 0.0849 4.7692 0.4922 0.1657 4.7692 0.5381 0.1657 4.6927 0.5381 0.0849 4.6927 0.5157 0.0082 4.9427 0.4922 0.0849 4.9527 0.4769 0.0849 4.8610 0.5021 0.0082 4.8610 0.5500 -0.0508 4.7940 0.5389 -0.0508 4.8610 0.5157 0.0082 4.7793 0.5381 0.1657 5.0292 0.4922 0.1657 4.9527 0.5381 0.0849 5.0292 0.4769 0.1657 4.8610 0.5566 0.0082 5.0107 0.5566 0.2424 5.0107 0.5157 0.2424 4.9427 0.5157 0.2424 4.7793 0.5021 0.2424 4.8610 0.5566 0.2424 4.7112 0.8561 0.2424 4.7112 0.8746 0.1657 4.6927 0.7981 0.1657 4.6468 0.7880 0.2424 4.6703 0.5500 -0.0508 4.9279 0.5835 -0.0508 4.9838 0.9204 0.0849 4.9527 0.9357 0.0849 4.8610 0.9357 0.1657 4.8610 0.9204 0.1657 4.9527 0.5835 -0.0508 4.7382 0.5566 0.0082 4.7112 0.5698 -0.0728 4.9195 0.5601 -0.0728 4.8610 0.5698 -0.0728 4.8025 0.5991 -0.0728 4.9682 0.5500 0.3014 4.9279 0.5835 0.3014 4.9838 0.5991 0.3234 4.9682 0.5698 0.3234 4.9195 0.9204 0.1657 4.7692 0.9204 0.0849 4.7692 0.8746 0.0849 4.6927 0.8969 0.2424 4.7793 0.5389 0.3014 4.8610 0.8746 0.0849 5.0292 0.8561 0.0082 5.0107 0.8969 0.0082 4.9427 0.8746 0.1657 5.0292 0.9106 0.2424 4.8610 0.8969 0.2424 4.9427 0.8969 0.0082 4.7793 0.9106 0.0082 4.8610 0.8561 0.0082 4.7112 0.6146 0.0849 4.6468 0.6246 0.0082 4.6703 0.5500 0.3014 4.7940 0.5835 0.3014 4.7382 0.7981 0.0849 4.6468 0.7063 0.0849 4.6316 0.7063 0.1657 4.6316 0.5698 0.3234 4.8025 0.5601 0.3234 4.8610 0.5991 0.3234 4.7537 0.7733 0.3014 4.7047 0.7648 0.3234 4.7244 0.8136 0.3234 4.7537 0.8291 0.3014 4.7382 0.6146 0.1657 4.6468 0.6246 0.2424 4.6703 0.6146 0.0849 5.0751 0.7063 0.0849 5.0904 0.7063 0.1657 5.0904 0.6146 0.1657 5.0751 0.6246 0.2424 5.0516 0.7063 0.0849 4.6316 0.7063 0.1657 4.6316 0.7063 0.2424 4.6567 0.7063 0.2424 4.6567 0.7880 0.0082 4.6703 0.7981 0.0849 5.0751 0.7880 0.0082 5.0516 0.7063 0.0082 4.6567 0.7063 0.0082 4.6567 0.7981 0.1657 5.0751 0.8561 0.2424 5.0107 0.7880 0.2424 5.0516 0.7733 -0.0508 4.7047 0.7063 -0.0508 4.6935 0.7063 0.2424 5.0652 0.6246 0.0082 5.0516 0.5991 -0.0728 4.7537 0.7063 0.0082 5.0652 0.7648 0.3234 4.7244 0.7616 0.3009 4.7320 0.8076 0.3009 4.7597 0.8136 0.3234 4.7537 0.7063 0.3014 4.6935 0.6393 0.3014 4.7047 0.6478 0.3234 4.7244 0.7063 0.3234 4.7147 0.7616 0.3009 4.9899 0.7063 0.3009 4.9991 0.7063 0.3234 5.0072 0.7648 0.3234 4.9975 0.7063 0.3014 4.6935 0.7063 0.3234 4.7147 0.6050 0.3009 4.7597 0.6511 0.3009 4.7320 0.6478 0.3234 4.7244 0.5991 0.3234 4.7537 0.7063 0.3234 4.7147 0.7063 0.3009 4.7228 0.6393 0.3014 5.0173 0.6478 0.3234 4.9975 0.6393 -0.0508 4.7047 0.8626 0.3014 4.7940 0.8738 0.3014 4.8610 0.8291 -0.0508 4.7382 0.7063 -0.0508 4.6935 0.8136 -0.0728 4.7537 0.7648 -0.0728 4.7244 0.8136 -0.0728 4.9682 0.8291 -0.0508 4.9838 0.7733 -0.0508 5.0173 0.7648 -0.0728 4.9975 0.7063 -0.0728 4.7147 0.6478 -0.0728 4.7244 0.7063 -0.0728 4.7147 0.8626 0.3014 4.9279 0.8291 0.3014 4.9838 0.8429 0.3234 4.8025 0.8626 -0.0508 4.9279 0.8429 -0.0728 4.9195 0.8526 0.3234 4.8610 0.8429 0.3234 4.9195 0.6393 -0.0508 5.0173 0.7063 -0.0508 5.0284 0.8738 -0.0508 4.8610 0.6478 -0.0728 4.9975 0.7063 -0.0728 5.0072 0.8626 -0.0508 4.7940 0.7733 0.3014 5.0173 0.7063 0.3014 5.0284 0.8429 -0.0728 4.8025 0.8526 -0.0728 4.8610 0.8136 0.3234 4.9682 0.7648 0.3234 4.9975 0.7063 0.3234 5.0072 0.8353 0.3009 4.9162 0.8230 0.3016 4.9109 0.7980 0.3016 4.9526 0.8076 0.3009 4.9623 0.8429 0.3234 4.8025 0.8353 0.3009 4.8057 0.6564 0.3016 4.7443 0.7063 0.3016 4.7360 0.7063 0.3009 4.7228 0.6511 0.3009 4.7320 0.8429 0.3234 4.9195 0.8353 0.3009 4.9162 0.8076 0.3009 4.9623 0.8136 0.3234 4.9682 0.7980 0.3016 4.7693 0.8230 0.3016 4.8110 0.8353 0.3009 4.8057 0.8076 0.3009 4.7597 0.8445 0.3009 4.8610 0.8313 0.3016 4.8610 0.8526 0.3234 4.8610 0.8445 0.3009 4.8610 0.8313 0.3016 4.8610 0.8052 0.3393 4.8610 0.7985 0.3386 4.9004 0.8230 0.3016 4.9109 0.7786 0.3378 4.7887 0.7985 0.3386 4.8216 0.8230 0.3016 4.8110 0.7980 0.3016 4.7693 0.7786 0.3378 4.9332 0.7980 0.3016 4.9526 0.7063 -0.0728 4.7147 0.7648 -0.0728 4.7244 0.7616 -0.0503 4.7320 0.7063 -0.0503 4.7228 0.7063 -0.0503 4.7228 0.7063 -0.0568 4.7419 0.6587 -0.0568 4.7499 0.6511 -0.0503 4.7320 0.7063 -0.0728 4.7147 0.7063 -0.0503 4.7228 0.6511 -0.0503 4.7320 0.6478 -0.0728 4.7244 0.7539 -0.0568 4.7499 0.7063 -0.0568 4.7419 0.7063 -0.0503 4.7228 0.7616 -0.0503 4.7320 0.8136 -0.0728 4.7537 0.8076 -0.0503 4.7597 0.7648 -0.0728 4.9975 0.7616 -0.0503 4.9899 0.8076 -0.0503 4.9623 0.8136 -0.0728 4.9682 0.7936 -0.0568 4.7737 0.8076 -0.0503 4.7597 0.6190 -0.0568 4.7737 0.6050 -0.0503 4.7597 0.6478 0.3234 4.9975 0.6511 0.3009 4.9899 0.6050 0.3009 4.9623 0.5991 0.3234 4.9682 0.5774 0.3009 4.9162 0.5682 0.3009 4.8610 0.5601 0.3234 4.8610 0.5698 0.3234 4.9195 0.5698 0.3234 4.8025 0.5774 0.3009 4.8057 0.6050 -0.0503 4.7597 0.5774 -0.0503 4.8057 0.5698 -0.0728 4.8025 0.5991 -0.0728 4.7537 0.7063 0.3016 4.9859 0.7563 0.3016 4.9776 0.7457 0.3386 4.9531 0.7063 0.3393 4.9598 0.7428 0.3470 4.9332 0.7063 0.3484 4.9386 0.6669 0.3386 4.9531 0.6564 0.3016 4.9776 0.7678 0.3442 4.9224 0.6341 0.3378 4.9332 0.6147 0.3016 4.9526 0.6142 0.3386 4.9004 0.6074 0.3393 4.8610 0.5814 0.3016 4.8610 0.5897 0.3016 4.9109 0.6699 0.3470 4.9332 0.6449 0.3442 4.9224 0.7985 -0.0880 4.9004 0.8052 -0.0888 4.8610 0.8254 -0.0568 4.8610 0.8174 -0.0568 4.9086 0.7786 -0.0873 4.7887 0.7936 -0.0568 4.7737 0.8174 -0.0568 4.8133 0.7985 -0.0880 4.8216 0.7539 -0.0568 4.7499 0.7457 -0.0880 4.7688 0.7063 -0.0568 4.7419 0.7063 -0.0888 4.7621 0.6669 -0.0880 4.7688 0.6587 -0.0568 4.7499 0.7936 -0.0568 4.9483 0.7786 -0.0873 4.9332 0.7786 -0.0964 4.8974 0.7839 -0.0978 4.8610 0.7678 -0.0936 4.9224 0.7786 -0.0964 4.8245 0.7678 -0.0936 4.7995 0.7616 0.3009 4.7320 0.7563 0.3016 4.7443 0.7563 0.3016 4.9776 0.7063 0.3016 4.9859 0.7063 0.3009 4.9991 0.7616 0.3009 4.9899 0.6147 0.3016 4.7693 0.6050 0.3009 4.7597 0.7063 0.3009 4.7228 0.7063 0.3016 4.7360 0.7063 0.3016 4.7360 0.7063 0.3393 4.7621 0.7457 0.3386 4.7688 0.7563 0.3016 4.7443 0.6341 0.3378 4.7887 0.6669 0.3386 4.7688 0.6564 0.3016 4.7443 0.6147 0.3016 4.7693 0.5698 -0.0728 4.9195 0.5774 -0.0503 4.9162 0.6050 -0.0503 4.9623 0.5991 -0.0728 4.9682 0.5682 -0.0503 4.8610 0.5873 -0.0568 4.8610 0.5952 -0.0568 4.9086 0.5774 -0.0503 4.9162 0.8429 -0.0728 4.9195 0.8353 -0.0503 4.9162 0.5952 -0.0568 4.8133 0.5774 -0.0503 4.8057 0.5601 -0.0728 4.8610 0.5682 -0.0503 4.8610 0.6190 -0.0568 4.9483 0.6050 -0.0503 4.9623 0.7063 -0.0728 5.0072 0.6478 -0.0728 4.9975 0.6511 -0.0503 4.9899 0.7063 -0.0503 4.9991 0.7063 -0.0503 4.9991 0.7063 -0.0568 4.9800 0.7539 -0.0568 4.9721 0.7616 -0.0503 4.9899 0.6587 -0.0568 4.9721 0.6511 -0.0503 4.9899 0.7936 -0.0568 4.9483 0.8076 -0.0503 4.9623 0.8429 -0.0728 4.8025 0.8353 -0.0503 4.8057 0.8445 -0.0503 4.8610 0.8254 -0.0568 4.8610 0.8174 -0.0568 4.8133 0.8353 -0.0503 4.8057 0.8174 -0.0568 4.9086 0.8353 -0.0503 4.9162 0.8526 -0.0728 4.8610 0.8445 -0.0503 4.8610 0.6511 0.3009 4.9899 0.6564 0.3016 4.9776 0.6147 0.3016 4.9526 0.6050 0.3009 4.9623 0.5897 0.3016 4.9109 0.5814 0.3016 4.8610 0.5682 0.3009 4.8610 0.5774 0.3009 4.9162 0.5774 0.3009 4.8057 0.5897 0.3016 4.8110 0.5897 0.3016 4.8110 0.6142 0.3386 4.8216 0.7063 0.3556 4.8610 0.7063 0.3538 4.8186 0.6669 0.3521 4.8216 0.6640 0.3538 4.8610 0.6341 0.3470 4.8245 0.6287 0.3484 4.8610 0.7063 0.3484 4.7833 0.6699 0.3470 4.7887 0.6449 0.3442 4.7995 0.6669 0.3521 4.9004 0.7063 0.3538 4.9033 0.6341 0.3470 4.8974 0.7457 0.3521 4.9004 0.7486 0.3538 4.8610 0.7786 0.3470 4.8974 0.7839 0.3484 4.8610 0.7457 0.3521 4.8216 0.7428 0.3470 4.7887 0.7786 0.3470 4.8245 0.7678 0.3442 4.7995 0.7063 -0.1050 4.8610 0.7063 -0.1032 4.8186 0.7457 -0.1015 4.8216 0.7486 -0.1032 4.8610 0.7063 -0.0978 4.7833 0.7428 -0.0964 4.7887 0.7457 -0.1015 4.9004 0.7063 -0.1032 4.9033 0.7428 -0.0964 4.9332 0.7063 -0.0978 4.9386 0.6669 -0.1015 4.9004 0.6640 -0.1032 4.8610 0.6341 -0.0964 4.8974 0.6287 -0.0978 4.8610 0.6699 -0.0964 4.9332 0.6449 -0.0936 4.9224 0.6669 -0.1015 4.8216 0.6699 -0.0964 4.7887 0.6341 -0.0964 4.8245 0.6449 -0.0936 4.7995 0.6341 -0.0873 4.7887 0.6190 -0.0568 4.7737 0.5952 -0.0568 4.8133 0.6142 -0.0880 4.8216 0.5873 -0.0568 4.8610 0.6074 -0.0888 4.8610 0.6142 -0.0880 4.9004 0.5952 -0.0568 4.9086 0.6341 -0.0873 4.9332 0.6190 -0.0568 4.9483 0.6587 -0.0568 4.9721 0.6669 -0.0880 4.9531 0.7063 -0.0568 4.9800 0.7063 -0.0888 4.9598 0.7457 -0.0880 4.9531 0.7539 -0.0568 4.9721 0.7063 0.3009 4.7228 0.7063 0.3234 4.7147 2.6863 0.0741 4.5470 2.6863 0.1766 4.5470 2.7445 0.1766 4.4499 2.7445 0.0741 4.4499 2.7161 -0.0233 4.7673 2.6863 0.0741 4.7801 2.6668 0.0741 4.6635 2.6988 -0.0233 4.6635 2.7597 -0.0983 4.5785 2.7455 -0.0983 4.6635 2.7161 -0.0233 4.5598 2.7445 0.1766 4.8772 2.6863 0.1766 4.7801 2.7445 0.0741 4.8772 2.6668 0.1766 4.6635 2.7680 -0.0233 4.8537 2.7680 0.2741 4.8537 2.7161 0.2741 4.7673 2.7161 0.2741 4.5598 2.6988 0.2741 4.6635 2.7680 0.2741 4.4733 3.1484 0.2741 4.4733 3.1718 0.1766 4.4499 3.0747 0.1766 4.3916 3.0619 0.2741 4.4215 2.7597 -0.0983 4.7486 2.8022 -0.0983 4.8195 3.2301 0.0741 4.7801 3.2495 0.0741 4.6635 3.2495 0.1766 4.6635 3.2301 0.1766 4.7801 2.8022 -0.0983 4.5076 2.7680 -0.0233 4.4733 2.7848 -0.1262 4.7378 2.7724 -0.1262 4.6635 2.7848 -0.1262 4.5892 2.8219 -0.1262 4.7997 2.7597 0.3491 4.7486 2.8022 0.3491 4.8195 2.8219 0.3769 4.7997 2.7848 0.3769 4.7378 3.2301 0.1766 4.5470 3.2301 0.0741 4.5470 3.1718 0.0741 4.4499 3.2002 0.2741 4.5598 2.7455 0.3491 4.6635 3.1718 0.0741 4.8772 3.1484 -0.0233 4.8537 3.2002 -0.0233 4.7673 3.1718 0.1766 4.8772 3.2175 0.2741 4.6635 3.2002 0.2741 4.7673 3.2002 -0.0233 4.5598 3.2175 -0.0233 4.6635 3.1484 -0.0233 4.4733 2.8416 0.0741 4.3916 2.8544 -0.0233 4.4215 2.7597 0.3491 4.5785 2.8022 0.3491 4.5076 3.0747 0.0741 4.3916 2.9582 0.0741 4.3722 2.9582 0.1766 4.3722 2.7848 0.3769 4.5892 2.7724 0.3769 4.6635 2.8219 0.3769 4.5273 3.0432 0.3491 4.4650 3.0325 0.3769 4.4902 3.0944 0.3769 4.5273 3.1141 0.3491 4.5076 2.8416 0.1766 4.3916 2.8544 0.2741 4.4215 2.8416 0.0741 4.9354 2.9582 0.0741 4.9549 2.9582 0.1766 4.9549 2.8416 0.1766 4.9354 2.8544 0.2741 4.9056 2.9582 0.1766 4.3722 2.9582 0.0741 4.3722 2.9582 0.2741 4.4042 2.9582 0.2741 4.4042 3.0619 -0.0233 4.4215 3.0747 0.0741 4.9354 3.0619 -0.0233 4.9056 2.9582 -0.0233 4.4042 2.9582 -0.0233 4.4042 3.0747 0.1766 4.9354 3.1484 0.2741 4.8537 3.0619 0.2741 4.9056 3.0432 -0.0983 4.4650 2.9582 -0.0983 4.4509 2.9582 0.2741 4.9229 2.8544 -0.0233 4.9056 2.8219 -0.1262 4.5273 2.9582 -0.0233 4.9229 3.0325 0.3769 4.4902 3.0283 0.3484 4.4998 3.0868 0.3484 4.5349 3.0944 0.3769 4.5273 2.9582 0.3491 4.4509 2.8731 0.3491 4.4650 2.8839 0.3769 4.4902 2.9582 0.3769 4.4778 3.0283 0.3484 4.8273 2.9582 0.3484 4.8390 2.9582 0.3769 4.8493 3.0325 0.3769 4.8369 2.9582 0.3491 4.4509 2.9582 0.3769 4.4778 2.8295 0.3484 4.5349 2.8880 0.3484 4.4998 2.8839 0.3769 4.4902 2.8219 0.3769 4.5273 2.9582 0.3769 4.4778 2.9582 0.3484 4.4881 2.8731 0.3491 4.8620 2.8839 0.3769 4.8369 2.8731 -0.0983 4.4650 3.1566 0.3491 4.5785 3.1708 0.3491 4.6635 3.1141 -0.0983 4.5076 2.9582 -0.0983 4.4509 3.0944 -0.1262 4.5273 3.0325 -0.1262 4.4902 3.0944 -0.1262 4.7997 3.1141 -0.0983 4.8195 3.0432 -0.0983 4.8620 3.0325 -0.1262 4.8369 2.9582 -0.1262 4.4778 2.8839 -0.1262 4.4902 2.9582 -0.1262 4.4778 3.1566 0.3491 4.7486 3.1141 0.3491 4.8195 3.1315 0.3769 4.5892 3.1566 -0.0983 4.7486 3.1315 -0.1262 4.7378 3.1439 0.3769 4.6635 3.1315 0.3769 4.7378 2.8731 -0.0983 4.8620 2.9582 -0.0983 4.8762 3.1708 -0.0983 4.6635 2.8839 -0.1262 4.8369 2.9582 -0.1262 4.8493 3.1566 -0.0983 4.5785 3.0432 0.3491 4.8620 2.9582 0.3491 4.8762 3.1315 -0.1262 4.5892 3.1439 -0.1262 4.6635 3.0944 0.3769 4.7997 3.0325 0.3769 4.8369 2.9582 0.3769 4.8493 3.1219 0.3484 4.7337 3.1063 0.3493 4.7270 3.0745 0.3493 4.7799 3.0868 0.3484 4.7922 3.1315 0.3769 4.5892 3.1219 0.3484 4.5934 2.8947 0.3493 4.5154 2.9582 0.3493 4.5049 2.9582 0.3484 4.4881 2.8880 0.3484 4.4998 3.1315 0.3769 4.7378 3.1219 0.3484 4.7337 3.0868 0.3484 4.7922 3.0944 0.3769 4.7997 3.0745 0.3493 4.5472 3.1063 0.3493 4.6001 3.1219 0.3484 4.5934 3.0868 0.3484 4.5349 3.1336 0.3484 4.6635 3.1168 0.3493 4.6635 3.1439 0.3769 4.6635 3.1336 0.3484 4.6635 3.1168 0.3493 4.6635 3.0837 0.3972 4.6635 3.0752 0.3963 4.7135 3.1063 0.3493 4.7270 3.0499 0.3953 4.5717 3.0752 0.3963 4.6135 3.1063 0.3493 4.6001 3.0745 0.3493 4.5472 3.0499 0.3953 4.7553 3.0745 0.3493 4.7799 2.9582 -0.1262 4.4778 3.0325 -0.1262 4.4902 3.0283 -0.0976 4.4998 2.9582 -0.0976 4.4881 2.9582 -0.0976 4.4881 2.9582 -0.1059 4.5124 2.8977 -0.1059 4.5224 2.8880 -0.0976 4.4998 2.9582 -0.1262 4.4778 2.9582 -0.0976 4.4881 2.8880 -0.0976 4.4998 2.8839 -0.1262 4.4902 3.0186 -0.1059 4.5224 2.9582 -0.1059 4.5124 2.9582 -0.0976 4.4881 3.0283 -0.0976 4.4998 3.0944 -0.1262 4.5273 3.0868 -0.0976 4.5349 3.0325 -0.1262 4.8369 3.0283 -0.0976 4.8273 3.0868 -0.0976 4.7922 3.0944 -0.1262 4.7997 3.0690 -0.1059 4.5527 3.0868 -0.0976 4.5349 2.8473 -0.1059 4.5527 2.8295 -0.0976 4.5349 2.8839 0.3769 4.8369 2.8880 0.3484 4.8273 2.8295 0.3484 4.7922 2.8219 0.3769 4.7997 2.7944 0.3484 4.7337 2.7827 0.3484 4.6635 2.7724 0.3769 4.6635 2.7848 0.3769 4.7378 2.7848 0.3769 4.5892 2.7944 0.3484 4.5934 2.8295 -0.0976 4.5349 2.7944 -0.0976 4.5934 2.7848 -0.1262 4.5892 2.8219 -0.1262 4.5273 2.9582 0.3493 4.8222 3.0216 0.3493 4.8116 3.0082 0.3963 4.7806 2.9582 0.3972 4.7891 3.0045 0.4069 4.7553 2.9582 0.4086 4.7621 2.9081 0.3963 4.7806 2.8947 0.3493 4.8116 3.0362 0.4034 4.7416 2.8664 0.3953 4.7553 2.8418 0.3493 4.7799 2.8411 0.3963 4.7135 2.8326 0.3972 4.6635 2.7995 0.3493 4.6635 2.8101 0.3493 4.7270 2.9119 0.4069 4.7553 2.8801 0.4034 4.7416 3.0752 -0.1455 4.7135 3.0837 -0.1464 4.6635 3.1093 -0.1059 4.6635 3.0993 -0.1059 4.7240 3.0499 -0.1445 4.5717 3.0690 -0.1059 4.5527 3.0993 -0.1059 4.6031 3.0752 -0.1455 4.6135 3.0186 -0.1059 4.5224 3.0082 -0.1455 4.5465 2.9582 -0.1059 4.5124 2.9582 -0.1464 4.5380 2.9081 -0.1455 4.5465 2.8977 -0.1059 4.5224 3.0690 -0.1059 4.7744 3.0499 -0.1445 4.7553 3.0499 -0.1561 4.7098 3.0567 -0.1579 4.6635 3.0362 -0.1526 4.7416 3.0499 -0.1561 4.6172 3.0362 -0.1526 4.5855 3.0283 0.3484 4.4998 3.0216 0.3493 4.5154 3.0216 0.3493 4.8116 2.9582 0.3493 4.8222 2.9582 0.3484 4.8390 3.0283 0.3484 4.8273 2.8418 0.3493 4.5472 2.8295 0.3484 4.5349 2.9582 0.3484 4.4881 2.9582 0.3493 4.5049 2.9582 0.3493 4.5049 2.9582 0.3972 4.5380 3.0082 0.3963 4.5465 3.0216 0.3493 4.5154 2.8664 0.3953 4.5717 2.9081 0.3963 4.5465 2.8947 0.3493 4.5154 2.8418 0.3493 4.5472 2.7848 -0.1262 4.7378 2.7944 -0.0976 4.7337 2.8295 -0.0976 4.7922 2.8219 -0.1262 4.7997 2.7827 -0.0976 4.6635 2.8070 -0.1059 4.6635 2.8171 -0.1059 4.7240 2.7944 -0.0976 4.7337 3.1315 -0.1262 4.7378 3.1219 -0.0976 4.7337 2.8171 -0.1059 4.6031 2.7944 -0.0976 4.5934 2.7724 -0.1262 4.6635 2.7827 -0.0976 4.6635 2.8473 -0.1059 4.7744 2.8295 -0.0976 4.7922 2.9582 -0.1262 4.8493 2.8839 -0.1262 4.8369 2.8880 -0.0976 4.8273 2.9582 -0.0976 4.8390 2.9582 -0.0976 4.8390 2.9582 -0.1059 4.8147 3.0186 -0.1059 4.8046 3.0283 -0.0976 4.8273 2.8977 -0.1059 4.8046 2.8880 -0.0976 4.8273 3.0690 -0.1059 4.7744 3.0868 -0.0976 4.7922 3.1315 -0.1262 4.5892 3.1219 -0.0976 4.5934 3.1336 -0.0976 4.6635 3.1093 -0.1059 4.6635 3.0993 -0.1059 4.6031 3.1219 -0.0976 4.5934 3.0993 -0.1059 4.7240 3.1219 -0.0976 4.7337 3.1439 -0.1262 4.6635 3.1336 -0.0976 4.6635 2.8880 0.3484 4.8273 2.8947 0.3493 4.8116 2.8418 0.3493 4.7799 2.8295 0.3484 4.7922 2.8101 0.3493 4.7270 2.7995 0.3493 4.6635 2.7827 0.3484 4.6635 2.7944 0.3484 4.7337 2.7944 0.3484 4.5934 2.8101 0.3493 4.6001 2.8101 0.3493 4.6001 2.8411 0.3963 4.6135 2.9582 0.4178 4.6635 2.9582 0.4155 4.6098 2.9081 0.4134 4.6135 2.9044 0.4155 4.6635 2.8664 0.4069 4.6172 2.8596 0.4086 4.6635 2.9582 0.4086 4.5650 2.9119 0.4069 4.5717 2.8801 0.4034 4.5855 2.9081 0.4134 4.7135 2.9582 0.4155 4.7173 2.8664 0.4069 4.7098 3.0082 0.4134 4.7135 3.0119 0.4155 4.6635 3.0499 0.4069 4.7098 3.0567 0.4086 4.6635 3.0082 0.4134 4.6135 3.0045 0.4069 4.5717 3.0499 0.4069 4.6172 3.0362 0.4034 4.5855 2.9582 -0.1671 4.6635 2.9582 -0.1648 4.6098 3.0082 -0.1626 4.6135 3.0119 -0.1648 4.6635 2.9582 -0.1579 4.5650 3.0045 -0.1561 4.5717 3.0082 -0.1626 4.7135 2.9582 -0.1648 4.7173 3.0045 -0.1561 4.7553 2.9582 -0.1579 4.7621 2.9081 -0.1626 4.7135 2.9044 -0.1648 4.6635 2.8664 -0.1561 4.7098 2.8596 -0.1579 4.6635 2.9119 -0.1561 4.7553 2.8801 -0.1526 4.7416 2.9081 -0.1626 4.6135 2.9119 -0.1561 4.5717 2.8664 -0.1561 4.6172 2.8801 -0.1526 4.5855 2.8664 -0.1445 4.5717 2.8473 -0.1059 4.5527 2.8171 -0.1059 4.6031 2.8411 -0.1455 4.6135 2.8070 -0.1059 4.6635 2.8326 -0.1464 4.6635 2.8411 -0.1455 4.7135 2.8171 -0.1059 4.7240 2.8664 -0.1445 4.7553 2.8473 -0.1059 4.7744 2.8977 -0.1059 4.8046 2.9081 -0.1455 4.7806 2.9582 -0.1059 4.8147 2.9582 -0.1464 4.7891 3.0082 -0.1455 4.7806 3.0186 -0.1059 4.8046 2.9582 0.3484 4.4881 2.9582 0.3769 4.4778 1.0780 0.0619 4.8872 0.8204 0.0619 4.8900 0.8198 0.0619 4.8338 1.0774 0.0619 4.8310 1.0770 0.1534 4.7957 1.4238 0.1534 4.7919 1.4238 0.0972 4.7919 1.0770 0.0972 4.7957 1.0784 0.1534 4.9225 0.8208 0.1534 4.9253 0.8208 0.0972 4.9253 1.0784 0.0972 4.9225 0.8198 0.1887 4.8338 0.8204 0.1887 4.8900 1.0780 0.1887 4.8872 1.0774 0.1887 4.8310 1.0770 0.1534 4.7957 0.8194 0.1534 4.7984 0.8198 0.1887 4.8338 1.0774 0.1887 4.8310 0.8208 0.1534 4.9253 1.0784 0.1534 4.9225 1.0780 0.1887 4.8872 0.8204 0.1887 4.8900 1.0770 0.0972 4.7957 1.0774 0.0619 4.8310 0.8198 0.0619 4.8338 0.8194 0.0972 4.7984 0.8208 0.0972 4.9253 0.8204 0.0619 4.8900 1.0780 0.0619 4.8872 1.0784 0.0972 4.9225 0.8194 0.1534 4.7984 0.8194 0.0972 4.7984 1.8114 0.1534 4.7880 1.8114 0.0972 4.7880 1.4252 0.1534 4.9188 1.4248 0.1887 4.8834 1.4252 0.0972 4.9188 1.4252 0.1534 4.9188 1.4242 0.1887 4.8272 1.4238 0.1534 4.7919 1.4248 0.1887 4.8834 1.4242 0.1887 4.8272 1.4248 0.0619 4.8834 1.4252 0.0972 4.9188 1.4242 0.0619 4.8272 1.4248 0.0619 4.8834 1.4238 0.0972 4.7919 1.4242 0.0619 4.8272 1.8114 0.0972 4.7880 1.8118 0.0619 4.8234 1.8118 0.1887 4.8234 1.8114 0.1534 4.7880 1.8124 0.1887 4.8796 1.8118 0.1887 4.8234 1.8118 0.0619 4.8234 1.8124 0.0619 4.8796 1.8124 0.0619 4.8796 1.8127 0.0972 4.9149 1.8127 0.1534 4.9149 1.8124 0.1887 4.8796 1.8127 0.0972 4.9149 1.8127 0.1534 4.9149 1.4172 0.1913 4.9631 1.6209 0.1913 4.9609 1.6190 0.2602 4.7824 1.4153 0.2602 4.7846 1.2290 0.1427 4.7413 1.2309 0.0738 4.9198 1.0439 0.0738 4.9218 1.0420 0.1427 4.7433 1.4167 0.0738 4.9178 1.4148 0.1427 4.7393 1.6185 0.1427 4.7371 1.6204 0.0738 4.9156 1.2294 0.2602 4.7866 1.2314 0.1913 4.9651 1.6209 0.1913 4.9609 1.6204 0.0738 4.9156 1.6185 0.1427 4.7371 1.6190 0.2602 4.7824 1.4153 0.2602 4.7846 1.4148 0.1427 4.7393 1.2290 0.1427 4.7413 1.2294 0.2602 4.7866 1.2309 0.0738 4.9198 1.4167 0.0738 4.9178 1.4172 0.1913 4.9631 1.2314 0.1913 4.9651 1.6204 0.0738 4.9156 1.6209 0.1913 4.9609 1.6190 0.2602 4.7824 1.6185 0.1427 4.7371 1.0425 0.2602 4.7886 1.0420 0.1427 4.7433 1.0439 0.0738 4.9218 1.0444 0.1913 4.9671 1.0444 0.1913 4.9671 1.0439 0.0738 4.9218 1.0425 0.2602 4.7886 1.0444 0.1913 4.9671 1.0420 0.1427 4.7433 1.0425 0.2602 4.7886 2.0437 0.1512 4.9828 2.0440 0.0864 4.9718 2.7924 0.0550 5.0132 2.7958 0.1568 5.0303 2.7022 0.3913 4.6892 2.0346 0.2999 4.7586 2.0366 0.3109 4.8233 2.7283 0.4087 4.7876 2.6820 0.3390 4.6114 2.0333 0.2669 4.7076 2.6858 -0.0253 4.6104 2.7071 -0.0776 4.6879 2.0378 0.0025 4.7584 2.0358 0.0355 4.7076 2.0434 0.0355 4.9388 2.0421 0.0025 4.8879 2.7596 -0.0776 4.8846 2.7797 -0.0253 4.9625 2.7903 0.2586 5.0137 2.0426 0.2159 4.9718 2.6659 0.1568 4.5436 2.0330 0.1512 4.6636 2.0327 0.2159 4.6746 2.6694 0.2586 4.5607 2.7335 -0.0950 4.7862 2.0401 -0.0085 4.8232 2.0389 0.2999 4.8880 2.7547 0.3913 4.8859 2.6659 0.1568 4.5436 2.6715 0.0550 4.5601 2.0341 0.0864 4.6746 2.0330 0.1512 4.6636 2.7903 0.2586 5.0137 2.8135 0.2490 4.9824 2.8007 0.3209 4.9378 2.7760 0.3390 4.9635 2.7817 0.3673 4.8684 2.7547 0.3913 4.8859 2.7760 0.3390 4.9635 2.0410 0.2669 4.9389 2.7596 -0.0776 4.8846 2.7861 -0.0530 4.8672 2.8041 -0.0066 4.9368 2.7797 -0.0253 4.9625 2.8154 0.0653 4.9819 2.7924 0.0550 5.0132 2.7022 0.3913 4.6892 2.7343 0.3673 4.6910 2.7163 0.3209 4.6214 2.7050 0.2490 4.5763 2.7070 0.0653 4.5758 2.7197 -0.0066 4.6205 2.7387 -0.0530 4.6898 2.7071 -0.0776 4.6879 2.7283 0.4087 4.7876 2.7579 0.3828 4.7797 2.7020 0.1572 4.5611 2.7020 0.1572 4.5611 2.7335 -0.0950 4.7862 2.7626 -0.0685 4.7785 2.7958 0.1568 5.0303 2.8184 0.1572 4.9971 2.0389 0.2999 4.8880 2.0081 0.2665 4.8752 2.0096 0.2412 4.9146 2.0410 0.2669 4.9389 2.0109 0.2018 4.9398 2.0426 0.2159 4.9718 2.0440 0.0864 4.9718 2.0120 0.0999 4.9398 2.0116 0.0605 4.9145 2.0434 0.0355 4.9388 2.0105 0.0353 4.8751 2.0421 0.0025 4.8879 2.0327 0.2159 4.6746 2.0032 0.2018 4.7087 2.0036 0.2412 4.7339 2.0333 0.2669 4.7076 2.0047 0.2665 4.7733 2.0346 0.2999 4.7586 2.0378 0.0025 4.7584 2.0072 0.0353 4.7733 2.0056 0.0605 4.7339 2.0358 0.0355 4.7076 2.0043 0.0999 4.7087 2.0341 0.0864 4.6746 2.0366 0.3109 4.8233 2.0063 0.2749 4.8243 2.0330 0.1512 4.6636 2.0035 0.1509 4.7003 2.0330 0.1512 4.6636 2.0035 0.1509 4.7003 2.0401 -0.0085 4.8232 2.0089 0.0269 4.8242 2.0437 0.1512 4.9828 2.0117 0.1509 4.9482 2.8007 0.3209 4.9378 2.8135 0.2490 4.9824 2.7163 0.3209 4.6214 2.8184 0.1572 4.9971 2.7626 -0.0685 4.7785 2.8154 0.0653 4.9819 2.8041 -0.0066 4.9368 2.7861 -0.0530 4.8672 2.7387 -0.0530 4.6898 2.7197 -0.0066 4.6205 2.7070 0.0653 4.5758 2.7020 0.1572 4.5611 2.7050 0.2490 4.5763 2.7343 0.3673 4.6910 2.7579 0.3828 4.7797 2.7817 0.3673 4.8684 2.0096 0.2412 4.9146 2.0081 0.2665 4.8752 2.0043 0.0999 4.7087 2.0063 0.2749 4.8243 2.0035 0.1509 4.7003 2.0047 0.2665 4.7733 2.0036 0.2412 4.7339 2.0032 0.2018 4.7087 2.0116 0.0605 4.9145 2.0056 0.0605 4.7339 2.0072 0.0353 4.7733 2.0089 0.0269 4.8242 2.0105 0.0353 4.8751 2.0120 0.0999 4.9398 2.0117 0.1509 4.9482 2.0109 0.2018 4.9398 2.0063 0.1283 4.6911 1.9734 0.1246 5.0131 1.9662 0.0820 5.0126 1.9968 0.0725 4.6905 1.8683 0.2664 4.6926 1.8125 0.2568 4.6925 1.8256 0.2225 5.0141 1.8683 0.2298 5.0142 1.7921 0.2008 5.0139 1.7684 0.2282 4.6922 1.8125 -0.0002 4.6897 1.8256 0.0267 5.0120 1.7921 0.0484 5.0123 1.7684 0.0285 4.6900 1.9445 0.0484 5.0123 1.9109 0.0267 5.0120 1.9241 -0.0002 4.6897 1.9681 0.0285 4.6900 1.9968 0.1841 4.6917 1.9662 0.1672 5.0135 1.7302 0.1283 4.6911 1.7631 0.1246 5.0131 1.7703 0.1672 5.0135 1.7398 0.1841 4.6917 1.8683 -0.0097 4.6896 1.8683 0.0194 5.0120 1.8683 0.2664 4.6926 1.8683 0.2298 5.0142 1.9109 0.2225 5.0141 1.9241 0.2568 4.6925 1.7398 0.0725 4.6905 1.7703 0.0820 5.0126 1.9968 0.1841 4.6917 1.9835 0.1788 4.6750 1.9580 0.2182 4.6754 1.9681 0.2282 4.6922 1.9186 0.2437 4.6757 1.9241 0.2568 4.6925 1.9681 0.2282 4.6922 1.9445 0.2008 5.0139 1.9241 -0.0002 4.6897 1.9186 0.0133 4.6732 1.9580 0.0388 4.6735 1.9681 0.0285 4.6900 1.9835 0.0782 4.6739 1.9968 0.0725 4.6905 1.8125 0.2568 4.6925 1.8179 0.2437 4.6757 1.7785 0.2182 4.6754 1.7684 0.2282 4.6922 1.7531 0.1788 4.6750 1.7398 0.1841 4.6917 1.7398 0.0725 4.6905 1.7531 0.0782 4.6739 1.7785 0.0388 4.6735 1.7684 0.0285 4.6900 1.8179 0.0133 4.6732 1.8125 -0.0002 4.6897 1.8683 0.2664 4.6926 1.8683 0.2522 4.6758 1.8683 0.2664 4.6926 1.8683 0.2522 4.6758 1.7302 0.1283 4.6911 1.7446 0.1285 4.6745 1.8683 -0.0097 4.6896 1.8683 0.0048 4.6731 2.0063 0.1283 4.6911 1.9920 0.1285 4.6745 1.9109 0.2225 5.0141 1.9018 0.2005 5.0342 1.9278 0.1839 5.0340 1.9445 0.2008 5.0139 1.9444 0.1580 5.0337 1.9662 0.1672 5.0135 1.9662 0.0820 5.0126 1.9444 0.0908 5.0330 1.9278 0.0649 5.0327 1.9445 0.0484 5.0123 1.9018 0.0482 5.0325 1.9109 0.0267 5.0120 1.7703 0.1672 5.0135 1.7921 0.1580 5.0337 1.8087 0.1839 5.0340 1.7921 0.2008 5.0139 1.8347 0.2005 5.0342 1.8256 0.2225 5.0141 1.8256 0.0267 5.0120 1.8347 0.0482 5.0325 1.8087 0.0649 5.0327 1.7921 0.0484 5.0123 1.7921 0.0908 5.0330 1.7703 0.0820 5.0126 1.8683 0.2298 5.0142 1.8683 0.2061 5.0342 1.8683 0.2298 5.0142 1.8683 0.2061 5.0342 1.7631 0.1246 5.0131 1.7866 0.1244 5.0333 1.8683 0.0194 5.0120 1.8683 0.0427 5.0325 1.9734 0.1246 5.0131 1.9499 0.1244 5.0333 1.9580 0.2182 4.6754 1.9835 0.1788 4.6750 1.8179 0.0133 4.6732 1.9920 0.1285 4.6745 1.9835 0.0782 4.6739 1.9580 0.0388 4.6735 1.9186 0.0133 4.6732 1.8683 0.0048 4.6731 1.8179 0.2437 4.6757 1.7785 0.0388 4.6735 1.7531 0.0782 4.6739 1.7446 0.1285 4.6745 1.7531 0.1788 4.6750 1.7785 0.2182 4.6754 1.8683 0.2522 4.6758 1.9186 0.2437 4.6757 1.9278 0.1839 5.0340 1.9018 0.2005 5.0342 1.7921 0.0908 5.0330 1.8683 0.2061 5.0342 1.8347 0.2005 5.0342 1.8087 0.1839 5.0340 1.7921 0.1580 5.0337 1.7866 0.1244 5.0333 1.9278 0.0649 5.0327 1.8087 0.0649 5.0327 1.8347 0.0482 5.0325 1.8683 0.0427 5.0325 1.9018 0.0482 5.0325 1.9444 0.0908 5.0330 1.9499 0.1244 5.0333 1.9444 0.1580 5.0337 1.9430 -0.0631 4.8993 1.9416 -0.0631 4.8303 2.0685 -0.0743 4.8267 2.0699 -0.0743 4.9169 2.0815 -0.0644 5.0069 1.9452 -0.0590 4.9542 1.8777 -0.0539 4.9209 1.8777 -0.0582 4.8768 1.8777 -0.0582 4.8247 2.2060 -0.0807 5.0056 2.2053 -0.0387 5.0431 2.1102 -0.0211 5.0281 2.0815 -0.0644 5.0069 2.2081 -0.0947 4.8928 2.2108 -0.0947 4.7699 2.4357 -0.0728 5.0431 2.4349 -0.1137 5.0028 2.4293 -0.1273 4.8817 2.4222 -0.1273 4.7454 2.8308 -0.1232 5.0431 2.7645 -0.1145 5.0431 2.7670 -0.1491 5.0141 2.8323 -0.1562 5.0228 2.8638 -0.1584 5.0298 2.8638 -0.1257 5.0431 2.3303 -0.0496 4.8810 2.3336 -0.0594 4.7488 2.2491 -0.0485 4.7666 2.2394 -0.0381 4.8850 2.3485 0.1366 4.5224 2.3549 0.0009 4.5465 2.2180 0.0232 4.5823 2.2115 0.1366 4.5581 2.3781 0.0166 4.5923 2.3204 0.0290 4.6162 2.3333 -0.0485 4.6670 2.4244 -0.0712 4.6377 2.2134 -0.0947 4.7018 2.4169 -0.1273 4.6595 2.9812 0.1366 5.0423 2.9812 -0.1238 5.0117 2.9812 -0.1162 4.9826 2.9812 0.1366 5.0112 2.7544 -0.1606 4.9271 2.7343 -0.1606 4.8039 2.7988 -0.1673 4.8537 2.8198 -0.1673 4.9616 2.8307 -0.1654 4.9152 2.8538 -0.1692 4.9898 2.8638 -0.1584 5.0298 2.8323 -0.1562 5.0228 2.7670 -0.1491 5.0141 1.9515 -0.0304 4.8212 1.9508 -0.0342 4.9137 2.0844 -0.0366 4.9152 2.0792 -0.0402 4.8129 2.7273 -0.0979 4.8895 2.7884 -0.1043 4.8989 2.7692 -0.1115 4.7741 2.7007 -0.1051 4.7133 2.4461 -0.0656 4.8807 2.4380 -0.0748 4.7318 2.7884 -0.1043 4.8989 2.7273 -0.0979 4.8895 2.7313 -0.0729 4.9157 2.7925 -0.0806 4.9176 2.8318 -0.0865 4.9200 2.8193 -0.1162 4.8916 2.3290 -0.0185 4.9048 2.3303 -0.0496 4.8810 2.2394 -0.0381 4.8850 2.2370 -0.0063 4.9071 2.4466 -0.0355 4.9062 2.4461 -0.0656 4.8807 2.0701 -0.0701 4.7597 2.0745 -0.0574 4.7547 2.2115 -0.0549 4.6738 2.2141 -0.0810 4.6610 2.1128 -0.0016 4.9354 2.0844 -0.0366 4.9152 2.6969 -0.1535 4.5631 2.4061 -0.1138 4.6076 2.4420 -0.0921 4.6037 2.6866 -0.1324 4.5508 2.2531 0.0365 4.6253 2.2498 -0.0436 4.6880 2.3720 0.1366 4.5728 2.3144 0.1366 4.5973 2.2469 0.1366 4.6055 2.3884 0.0052 4.5637 2.9583 -0.1509 4.9602 2.9608 -0.1056 4.9381 2.9812 -0.0990 4.9579 2.8193 -0.1162 4.8916 1.9463 -0.0469 4.7668 2.0745 -0.0574 4.7547 2.0701 -0.0701 4.7597 1.9424 -0.0591 4.7728 1.8777 -0.0539 4.7728 1.8777 -0.0412 4.7668 1.9463 -0.0469 4.7668 1.8777 -0.0412 4.7668 1.8777 -0.0285 4.7728 1.9502 -0.0346 4.7727 2.0787 -0.0447 4.7624 2.0745 -0.0574 4.7547 1.9482 -0.0465 4.9368 1.8777 -0.0411 4.9161 1.8777 -0.0539 4.9209 1.9452 -0.0590 4.9542 2.0815 -0.0644 5.0069 2.0607 -0.0433 4.9727 2.0844 -0.0366 4.9152 1.9508 -0.0342 4.9137 1.8777 -0.0284 4.9108 2.2115 -0.0549 4.6738 2.2498 -0.0436 4.6880 2.0798 -0.0403 4.7812 2.2525 -0.0485 4.7240 2.0977 -0.0102 4.9828 2.1102 -0.0211 5.0281 2.0977 -0.0102 4.9828 2.1128 -0.0016 4.9354 2.0844 -0.0366 4.9152 2.0607 -0.0433 4.9727 2.4244 -0.0712 4.6377 2.4420 -0.0921 4.6037 2.3884 0.0052 4.5637 2.3781 0.0166 4.5923 2.2115 -0.0549 4.6738 2.2137 0.0333 4.6096 2.2180 0.0232 4.5823 2.2141 -0.0810 4.6610 2.2137 0.0333 4.6096 2.2115 -0.0549 4.6738 2.3485 0.1366 4.5224 2.3821 0.1366 4.5419 2.3821 0.1366 4.5419 2.3720 0.1366 4.5728 2.2074 0.1366 4.5875 2.2115 0.1366 4.5581 2.2074 0.1366 4.5875 2.8300 -0.1447 4.8877 2.8307 -0.1654 4.9152 2.7915 -0.1622 4.7197 2.7972 -0.1419 4.7300 2.7725 -0.1561 4.5751 2.7711 -0.1408 4.5751 2.7711 -0.1408 4.5751 2.7687 -0.1247 4.5831 2.7874 -0.1202 4.7164 2.7972 -0.1419 4.7300 2.8193 -0.1162 4.8916 2.8300 -0.1447 4.8877 2.6838 -0.1113 4.5759 2.6866 -0.1324 4.5508 2.4420 -0.0921 4.6037 2.4244 -0.0712 4.6377 2.8994 -0.0981 4.9262 2.9583 -0.1509 4.9602 2.8682 -0.1337 4.9137 2.8682 -0.1337 4.9137 2.8994 -0.0981 4.9262 2.9653 0.1366 5.0685 2.8638 0.1366 5.0772 2.9653 -0.1259 5.0353 2.7711 -0.1408 4.5751 2.7725 -0.1561 4.5751 2.7549 -0.1601 4.5580 2.7452 -0.1388 4.5532 2.7452 -0.1388 4.5532 2.7549 -0.1601 4.5580 2.7459 -0.1176 4.5737 2.7452 -0.1388 4.5532 2.7687 -0.1247 4.5831 2.7711 -0.1408 4.5751 2.4349 -0.1137 5.0028 2.6969 -0.1535 4.5631 2.7140 -0.1606 4.6664 2.6898 -0.1046 4.6346 2.4349 -0.0744 4.6779 2.7572 -0.1111 4.6713 2.7874 -0.1202 4.7164 2.7687 -0.1247 4.5831 2.3333 -0.0485 4.6670 2.3347 -0.0592 4.7010 2.0683 -0.0743 4.7790 1.9502 -0.0346 4.7727 1.9515 -0.0305 4.7904 1.8777 -0.0285 4.7728 1.8777 -0.0243 4.7909 1.8777 -0.0242 4.8224 2.7549 -0.1601 4.5580 2.7750 -0.1673 4.6930 2.7725 -0.1561 4.5751 2.7915 -0.1622 4.7197 2.2141 -0.0810 4.6610 2.0701 -0.0701 4.7597 1.9424 -0.0591 4.7728 1.9411 -0.0631 4.7911 1.8777 -0.0582 4.7911 1.8777 -0.0539 4.7728 2.7645 0.1366 5.0772 2.4357 0.1366 5.0772 2.8318 0.1366 4.9532 2.7925 0.1366 4.9517 2.8308 0.1366 5.0772 2.7313 0.1366 4.9497 2.9527 -0.1503 5.0250 2.3290 0.1366 4.9388 2.2370 0.1366 4.9411 2.9812 0.1366 4.9874 2.0977 0.1366 5.0169 2.1102 0.1366 5.0621 2.9653 -0.1259 5.0353 2.9653 0.1366 5.0685 2.8994 0.1366 4.9568 2.2060 -0.0807 5.0056 2.9527 -0.1503 5.0250 2.9638 -0.1584 5.0023 2.9583 -0.1509 4.9602 2.9638 -0.1584 5.0023 2.8307 -0.1654 4.9152 2.8300 -0.1447 4.8877 2.8682 -0.1337 4.9137 2.9583 -0.1509 4.9602 2.9527 -0.1503 5.0250 2.8300 -0.1447 4.8877 1.8777 -0.0284 4.9108 1.8777 -0.0582 4.7911 1.8777 -0.0582 4.8247 1.8777 -0.0242 4.8224 1.8777 -0.0243 4.7909 1.8777 -0.0539 4.7728 1.8777 -0.0285 4.7728 1.8777 -0.0412 4.7668 1.8777 -0.0539 4.7728 1.8777 -0.0285 4.7728 1.8777 -0.0411 4.9161 1.8777 -0.0284 4.9108 1.8777 -0.0539 4.9209 1.8777 -0.0582 4.8768 2.1128 0.1366 4.9694 2.9608 0.1366 4.9667 2.9812 0.1366 4.9874 2.8994 0.1366 4.9568 2.1128 0.1366 4.9694 2.1128 -0.0016 4.9354 2.4466 0.1366 4.9403 2.2053 0.1366 5.0772 2.1102 0.1366 5.0621 1.9430 0.3363 4.8993 2.0699 0.3475 4.9169 2.0685 0.3475 4.8267 1.9416 0.3363 4.8303 1.9452 0.3321 4.9542 2.0815 0.3375 5.0069 1.8777 0.3313 4.8768 1.8777 0.3270 4.9209 1.8777 0.3313 4.8247 2.2060 0.3538 5.0056 2.0815 0.3375 5.0069 2.1102 0.2942 5.0281 2.2053 0.3119 5.0431 2.2081 0.3678 4.8928 2.2108 0.3678 4.7699 2.4357 0.3459 5.0431 2.4349 0.3868 5.0028 2.4293 0.4004 4.8817 2.4222 0.4004 4.7454 2.8308 0.3963 5.0431 2.8323 0.4294 5.0228 2.7670 0.4222 5.0141 2.7645 0.3876 5.0431 2.8638 0.3989 5.0431 2.8638 0.4315 5.0298 2.2491 0.3216 4.7666 2.3336 0.3325 4.7488 2.3303 0.3227 4.8810 2.2394 0.3112 4.8850 2.2180 0.2499 4.5823 2.3549 0.2723 4.5465 2.3333 0.3216 4.6670 2.3204 0.2442 4.6162 2.3781 0.2565 4.5923 2.4244 0.3443 4.6377 2.4169 0.4004 4.6595 2.2134 0.3678 4.7018 2.9812 0.3893 4.9826 2.9812 0.3969 5.0117 2.7988 0.4404 4.8537 2.7343 0.4337 4.8039 2.7544 0.4337 4.9271 2.8198 0.4404 4.9616 2.8538 0.4424 4.9898 2.8307 0.4386 4.9152 2.8323 0.4294 5.0228 2.8638 0.4315 5.0298 2.7670 0.4222 5.0141 1.9515 0.3035 4.8212 2.0792 0.3133 4.8129 2.0844 0.3098 4.9152 1.9508 0.3073 4.9137 2.7273 0.3710 4.8895 2.7007 0.3782 4.7133 2.7692 0.3847 4.7741 2.7884 0.3775 4.8989 2.4380 0.3479 4.7318 2.4461 0.3388 4.8807 2.7313 0.3460 4.9157 2.7273 0.3710 4.8895 2.7884 0.3775 4.8989 2.7925 0.3537 4.9176 2.8193 0.3893 4.8916 2.8318 0.3596 4.9200 2.3290 0.2917 4.9048 2.2370 0.2794 4.9071 2.2394 0.3112 4.8850 2.3303 0.3227 4.8810 2.4461 0.3388 4.8807 2.4466 0.3087 4.9062 2.2115 0.3280 4.6738 2.0745 0.3305 4.7547 2.0701 0.3432 4.7597 2.2141 0.3541 4.6610 2.1128 0.2747 4.9354 2.0844 0.3098 4.9152 2.6969 0.4266 4.5631 2.6866 0.4055 4.5508 2.4420 0.3652 4.6037 2.4061 0.3869 4.6076 2.2531 0.2366 4.6253 2.2498 0.3167 4.6880 2.3144 0.1366 4.5973 2.3720 0.1366 4.5728 2.2469 0.1366 4.6055 2.3884 0.2679 4.5637 2.9608 0.3787 4.9381 2.9583 0.4241 4.9602 2.9812 0.3722 4.9579 2.8193 0.3893 4.8916 1.9463 0.3200 4.7668 1.9424 0.3322 4.7728 2.0701 0.3432 4.7597 2.0745 0.3305 4.7547 1.8777 0.3144 4.7668 1.8777 0.3271 4.7728 1.9463 0.3200 4.7668 1.9502 0.3078 4.7727 1.8777 0.3016 4.7728 1.8777 0.3144 4.7668 2.0745 0.3305 4.7547 2.0787 0.3178 4.7624 1.9482 0.3197 4.9368 1.9452 0.3321 4.9542 1.8777 0.3270 4.9209 1.8777 0.3143 4.9161 2.0607 0.3164 4.9727 2.0815 0.3375 5.0069 1.9508 0.3073 4.9137 2.0844 0.3098 4.9152 1.8777 0.3015 4.9108 2.2115 0.3280 4.6738 2.2498 0.3167 4.6880 2.2525 0.3216 4.7240 2.0798 0.3135 4.7812 2.0977 0.2833 4.9828 2.1102 0.2942 5.0281 2.0977 0.2833 4.9828 2.0607 0.3164 4.9727 2.0844 0.3098 4.9152 2.1128 0.2747 4.9354 2.4244 0.3443 4.6377 2.3781 0.2565 4.5923 2.3884 0.2679 4.5637 2.4420 0.3652 4.6037 2.2180 0.2499 4.5823 2.2137 0.2398 4.6096 2.2115 0.3280 4.6738 2.2141 0.3541 4.6610 2.2115 0.3280 4.6738 2.2137 0.2398 4.6096 2.3720 0.1366 4.5728 2.3821 0.1366 4.5419 2.2074 0.1366 4.5875 2.7915 0.4354 4.7197 2.8307 0.4386 4.9152 2.8300 0.4178 4.8877 2.7972 0.4150 4.7300 2.7711 0.4139 4.5751 2.7725 0.4292 4.5751 2.7874 0.3933 4.7164 2.7687 0.3979 4.5831 2.7711 0.4139 4.5751 2.7972 0.4150 4.7300 2.8300 0.4178 4.8877 2.8193 0.3893 4.8916 2.6838 0.3845 4.5759 2.4244 0.3443 4.6377 2.4420 0.3652 4.6037 2.6866 0.4055 4.5508 2.8994 0.3712 4.9262 2.8682 0.4068 4.9137 2.9583 0.4241 4.9602 2.8682 0.4068 4.9137 2.8994 0.3712 4.9262 2.9653 0.3990 5.0353 2.7549 0.4333 4.5580 2.7725 0.4292 4.5751 2.7711 0.4139 4.5751 2.7452 0.4119 4.5532 2.7452 0.4119 4.5532 2.7549 0.4333 4.5580 2.7459 0.3907 4.5737 2.7452 0.4119 4.5532 2.7711 0.4139 4.5751 2.7687 0.3979 4.5831 2.4349 0.3868 5.0028 2.6969 0.4266 4.5631 2.7140 0.4337 4.6664 2.4349 0.3476 4.6779 2.6898 0.3778 4.6346 2.7572 0.3842 4.6713 2.7874 0.3933 4.7164 2.7687 0.3979 4.5831 2.3333 0.3216 4.6670 2.3347 0.3323 4.7010 2.0683 0.3475 4.7790 1.9502 0.3078 4.7727 1.9515 0.3036 4.7904 1.8777 0.2974 4.7909 1.8777 0.3016 4.7728 1.8777 0.2973 4.8224 2.7549 0.4333 4.5580 2.7750 0.4404 4.6930 2.7915 0.4354 4.7197 2.7725 0.4292 4.5751 2.2141 0.3541 4.6610 2.0701 0.3432 4.7597 1.9424 0.3322 4.7728 1.9411 0.3363 4.7911 1.8777 0.3313 4.7911 1.8777 0.3271 4.7728 2.9527 0.4235 5.0250 2.9653 0.3990 5.0353 2.2060 0.3538 5.0056 2.9638 0.4315 5.0023 2.9527 0.4235 5.0250 2.9638 0.4315 5.0023 2.9583 0.4241 4.9602 2.8307 0.4386 4.9152 2.9583 0.4241 4.9602 2.8682 0.4068 4.9137 2.8300 0.4178 4.8877 2.9527 0.4235 5.0250 2.8300 0.4178 4.8877 1.8777 0.3015 4.9108 1.8777 0.3313 4.7911 1.8777 0.2974 4.7909 1.8777 0.2973 4.8224 1.8777 0.3313 4.8247 1.8777 0.3271 4.7728 1.8777 0.3016 4.7728 1.8777 0.3144 4.7668 1.8777 0.3015 4.9108 1.8777 0.3143 4.9161 1.8777 0.3313 4.8768 1.8777 0.3270 4.9209 2.1128 0.2747 4.9354 -0.4922 0.0849 4.7692 -0.5381 0.0849 4.6927 -0.5381 0.1657 4.6927 -0.4922 0.1657 4.7692 -0.4769 0.0849 4.8610 -0.4922 0.0849 4.9527 -0.5157 0.0082 4.9427 -0.5021 0.0082 4.8610 -0.5389 -0.0508 4.8610 -0.5500 -0.0508 4.7940 -0.5157 0.0082 4.7793 -0.4922 0.1657 4.9527 -0.5381 0.1657 5.0292 -0.5381 0.0849 5.0292 -0.4769 0.1657 4.8610 -0.5566 0.0082 5.0107 -0.5566 0.2424 5.0107 -0.5157 0.2424 4.9427 -0.5157 0.2424 4.7793 -0.5021 0.2424 4.8610 -0.5566 0.2424 4.7112 -0.7981 0.1657 4.6468 -0.8746 0.1657 4.6927 -0.8561 0.2424 4.7112 -0.7880 0.2424 4.6703 -0.5835 -0.0508 4.9838 -0.5500 -0.0508 4.9279 -0.9357 0.1657 4.8610 -0.9357 0.0849 4.8610 -0.9204 0.0849 4.9527 -0.9204 0.1657 4.9527 -0.5835 -0.0508 4.7382 -0.5566 0.0082 4.7112 -0.5698 -0.0728 4.9195 -0.5601 -0.0728 4.8610 -0.5698 -0.0728 4.8025 -0.5991 -0.0728 4.9682 -0.5991 0.3234 4.9682 -0.5835 0.3014 4.9838 -0.5500 0.3014 4.9279 -0.5698 0.3234 4.9195 -0.9204 0.1657 4.7692 -0.8746 0.0849 4.6927 -0.9204 0.0849 4.7692 -0.8969 0.2424 4.7793 -0.5389 0.3014 4.8610 -0.8561 0.0082 5.0107 -0.8746 0.0849 5.0292 -0.8969 0.0082 4.9427 -0.8746 0.1657 5.0292 -0.9106 0.2424 4.8610 -0.8969 0.2424 4.9427 -0.8969 0.0082 4.7793 -0.9106 0.0082 4.8610 -0.8561 0.0082 4.7112 -0.6146 0.0849 4.6468 -0.6246 0.0082 4.6703 -0.5835 0.3014 4.7382 -0.5500 0.3014 4.7940 -0.7063 0.1657 4.6316 -0.7063 0.0849 4.6316 -0.7981 0.0849 4.6468 -0.5698 0.3234 4.8025 -0.5601 0.3234 4.8610 -0.5991 0.3234 4.7537 -0.7733 0.3014 4.7047 -0.8291 0.3014 4.7382 -0.8136 0.3234 4.7537 -0.7648 0.3234 4.7244 -0.6146 0.1657 4.6468 -0.6246 0.2424 4.6703 -0.7063 0.1657 5.0904 -0.7063 0.0849 5.0904 -0.6146 0.0849 5.0751 -0.6146 0.1657 5.0751 -0.6246 0.2424 5.0516 -0.7063 0.0849 4.6316 -0.7063 0.1657 4.6316 -0.7063 0.2424 4.6567 -0.7063 0.2424 4.6567 -0.7880 0.0082 4.6703 -0.7981 0.0849 5.0751 -0.7880 0.0082 5.0516 -0.7063 0.0082 4.6567 -0.7063 0.0082 4.6567 -0.7981 0.1657 5.0751 -0.8561 0.2424 5.0107 -0.7880 0.2424 5.0516 -0.7063 -0.0508 4.6935 -0.7733 -0.0508 4.7047 -0.7063 0.2424 5.0652 -0.6246 0.0082 5.0516 -0.5991 -0.0728 4.7537 -0.7063 0.0082 5.0652 -0.7648 0.3234 4.7244 -0.8136 0.3234 4.7537 -0.8076 0.3009 4.7597 -0.7616 0.3009 4.7320 -0.7063 0.3014 4.6935 -0.7063 0.3234 4.7147 -0.6478 0.3234 4.7244 -0.6393 0.3014 4.7047 -0.7063 0.3234 5.0072 -0.7063 0.3009 4.9991 -0.7616 0.3009 4.9899 -0.7648 0.3234 4.9975 -0.7063 0.3014 4.6935 -0.7063 0.3234 4.7147 -0.6478 0.3234 4.7244 -0.6511 0.3009 4.7320 -0.6050 0.3009 4.7597 -0.5991 0.3234 4.7537 -0.7063 0.3234 4.7147 -0.7063 0.3009 4.7228 -0.6393 0.3014 5.0173 -0.6478 0.3234 4.9975 -0.6393 -0.0508 4.7047 -0.8738 0.3014 4.8610 -0.8626 0.3014 4.7940 -0.8291 -0.0508 4.7382 -0.7063 -0.0508 4.6935 -0.8136 -0.0728 4.7537 -0.7648 -0.0728 4.7244 -0.7733 -0.0508 5.0173 -0.8291 -0.0508 4.9838 -0.8136 -0.0728 4.9682 -0.7648 -0.0728 4.9975 -0.7063 -0.0728 4.7147 -0.6478 -0.0728 4.7244 -0.7063 -0.0728 4.7147 -0.8291 0.3014 4.9838 -0.8626 0.3014 4.9279 -0.8429 0.3234 4.8025 -0.8626 -0.0508 4.9279 -0.8429 -0.0728 4.9195 -0.8526 0.3234 4.8610 -0.8429 0.3234 4.9195 -0.7063 -0.0508 5.0284 -0.6393 -0.0508 5.0173 -0.8738 -0.0508 4.8610 -0.6478 -0.0728 4.9975 -0.7063 -0.0728 5.0072 -0.8626 -0.0508 4.7940 -0.7063 0.3014 5.0284 -0.7733 0.3014 5.0173 -0.8429 -0.0728 4.8025 -0.8526 -0.0728 4.8610 -0.8136 0.3234 4.9682 -0.7648 0.3234 4.9975 -0.7063 0.3234 5.0072 -0.8353 0.3009 4.9162 -0.8076 0.3009 4.9623 -0.7980 0.3016 4.9526 -0.8230 0.3016 4.9109 -0.8429 0.3234 4.8025 -0.8353 0.3009 4.8057 -0.7063 0.3009 4.7228 -0.7063 0.3016 4.7360 -0.6564 0.3016 4.7443 -0.6511 0.3009 4.7320 -0.8429 0.3234 4.9195 -0.8136 0.3234 4.9682 -0.8076 0.3009 4.9623 -0.8353 0.3009 4.9162 -0.8353 0.3009 4.8057 -0.8230 0.3016 4.8110 -0.7980 0.3016 4.7693 -0.8076 0.3009 4.7597 -0.8445 0.3009 4.8610 -0.8313 0.3016 4.8610 -0.8445 0.3009 4.8610 -0.8526 0.3234 4.8610 -0.8313 0.3016 4.8610 -0.8230 0.3016 4.9109 -0.7985 0.3386 4.9004 -0.8052 0.3393 4.8610 -0.8230 0.3016 4.8110 -0.7985 0.3386 4.8216 -0.7786 0.3378 4.7887 -0.7980 0.3016 4.7693 -0.7980 0.3016 4.9526 -0.7786 0.3378 4.9332 -0.7063 -0.0728 4.7147 -0.7063 -0.0503 4.7228 -0.7616 -0.0503 4.7320 -0.7648 -0.0728 4.7244 -0.7063 -0.0503 4.7228 -0.6511 -0.0503 4.7320 -0.6587 -0.0568 4.7499 -0.7063 -0.0568 4.7419 -0.7063 -0.0728 4.7147 -0.6478 -0.0728 4.7244 -0.6511 -0.0503 4.7320 -0.7063 -0.0503 4.7228 -0.7063 -0.0503 4.7228 -0.7063 -0.0568 4.7419 -0.7539 -0.0568 4.7499 -0.7616 -0.0503 4.7320 -0.8076 -0.0503 4.7597 -0.8136 -0.0728 4.7537 -0.7648 -0.0728 4.9975 -0.8136 -0.0728 4.9682 -0.8076 -0.0503 4.9623 -0.7616 -0.0503 4.9899 -0.7936 -0.0568 4.7737 -0.8076 -0.0503 4.7597 -0.6050 -0.0503 4.7597 -0.6190 -0.0568 4.7737 -0.6478 0.3234 4.9975 -0.5991 0.3234 4.9682 -0.6050 0.3009 4.9623 -0.6511 0.3009 4.9899 -0.5601 0.3234 4.8610 -0.5682 0.3009 4.8610 -0.5774 0.3009 4.9162 -0.5698 0.3234 4.9195 -0.5698 0.3234 4.8025 -0.5774 0.3009 4.8057 -0.5698 -0.0728 4.8025 -0.5774 -0.0503 4.8057 -0.6050 -0.0503 4.7597 -0.5991 -0.0728 4.7537 -0.7457 0.3386 4.9531 -0.7563 0.3016 4.9776 -0.7063 0.3016 4.9859 -0.7063 0.3393 4.9598 -0.7063 0.3484 4.9386 -0.7428 0.3470 4.9332 -0.6669 0.3386 4.9531 -0.6564 0.3016 4.9776 -0.7678 0.3442 4.9224 -0.6341 0.3378 4.9332 -0.6147 0.3016 4.9526 -0.5814 0.3016 4.8610 -0.6074 0.3393 4.8610 -0.6142 0.3386 4.9004 -0.5897 0.3016 4.9109 -0.6699 0.3470 4.9332 -0.6449 0.3442 4.9224 -0.8254 -0.0568 4.8610 -0.8052 -0.0888 4.8610 -0.7985 -0.0880 4.9004 -0.8174 -0.0568 4.9086 -0.7786 -0.0873 4.7887 -0.7985 -0.0880 4.8216 -0.8174 -0.0568 4.8133 -0.7936 -0.0568 4.7737 -0.7539 -0.0568 4.7499 -0.7457 -0.0880 4.7688 -0.7063 -0.0568 4.7419 -0.6587 -0.0568 4.7499 -0.6669 -0.0880 4.7688 -0.7063 -0.0888 4.7621 -0.7786 -0.0873 4.9332 -0.7936 -0.0568 4.9483 -0.7839 -0.0978 4.8610 -0.7786 -0.0964 4.8974 -0.7678 -0.0936 4.9224 -0.7786 -0.0964 4.8245 -0.7678 -0.0936 4.7995 -0.7616 0.3009 4.7320 -0.7563 0.3016 4.7443 -0.7063 0.3009 4.9991 -0.7063 0.3016 4.9859 -0.7563 0.3016 4.9776 -0.7616 0.3009 4.9899 -0.6147 0.3016 4.7693 -0.6050 0.3009 4.7597 -0.7063 0.3009 4.7228 -0.7063 0.3016 4.7360 -0.7063 0.3016 4.7360 -0.7563 0.3016 4.7443 -0.7457 0.3386 4.7688 -0.7063 0.3393 4.7621 -0.6341 0.3378 4.7887 -0.6147 0.3016 4.7693 -0.6564 0.3016 4.7443 -0.6669 0.3386 4.7688 -0.5698 -0.0728 4.9195 -0.5991 -0.0728 4.9682 -0.6050 -0.0503 4.9623 -0.5774 -0.0503 4.9162 -0.5682 -0.0503 4.8610 -0.5774 -0.0503 4.9162 -0.5952 -0.0568 4.9086 -0.5873 -0.0568 4.8610 -0.8429 -0.0728 4.9195 -0.8353 -0.0503 4.9162 -0.5952 -0.0568 4.8133 -0.5774 -0.0503 4.8057 -0.5601 -0.0728 4.8610 -0.5682 -0.0503 4.8610 -0.6050 -0.0503 4.9623 -0.6190 -0.0568 4.9483 -0.7063 -0.0728 5.0072 -0.7063 -0.0503 4.9991 -0.6511 -0.0503 4.9899 -0.6478 -0.0728 4.9975 -0.7063 -0.0503 4.9991 -0.7616 -0.0503 4.9899 -0.7539 -0.0568 4.9721 -0.7063 -0.0568 4.9800 -0.6587 -0.0568 4.9721 -0.6511 -0.0503 4.9899 -0.8076 -0.0503 4.9623 -0.7936 -0.0568 4.9483 -0.8429 -0.0728 4.8025 -0.8353 -0.0503 4.8057 -0.8445 -0.0503 4.8610 -0.8353 -0.0503 4.8057 -0.8174 -0.0568 4.8133 -0.8254 -0.0568 4.8610 -0.8174 -0.0568 4.9086 -0.8353 -0.0503 4.9162 -0.8526 -0.0728 4.8610 -0.8445 -0.0503 4.8610 -0.6511 0.3009 4.9899 -0.6050 0.3009 4.9623 -0.6147 0.3016 4.9526 -0.6564 0.3016 4.9776 -0.5682 0.3009 4.8610 -0.5814 0.3016 4.8610 -0.5897 0.3016 4.9109 -0.5774 0.3009 4.9162 -0.5774 0.3009 4.8057 -0.5897 0.3016 4.8110 -0.5897 0.3016 4.8110 -0.6142 0.3386 4.8216 -0.7063 0.3556 4.8610 -0.6640 0.3538 4.8610 -0.6669 0.3521 4.8216 -0.7063 0.3538 4.8186 -0.6287 0.3484 4.8610 -0.6341 0.3470 4.8245 -0.6699 0.3470 4.7887 -0.7063 0.3484 4.7833 -0.6449 0.3442 4.7995 -0.7063 0.3538 4.9033 -0.6669 0.3521 4.9004 -0.6341 0.3470 4.8974 -0.7486 0.3538 4.8610 -0.7457 0.3521 4.9004 -0.7839 0.3484 4.8610 -0.7786 0.3470 4.8974 -0.7457 0.3521 4.8216 -0.7428 0.3470 4.7887 -0.7786 0.3470 4.8245 -0.7678 0.3442 4.7995 -0.7063 -0.1050 4.8610 -0.7486 -0.1032 4.8610 -0.7457 -0.1015 4.8216 -0.7063 -0.1032 4.8186 -0.7428 -0.0964 4.7887 -0.7063 -0.0978 4.7833 -0.7063 -0.1032 4.9033 -0.7457 -0.1015 4.9004 -0.7063 -0.0978 4.9386 -0.7428 -0.0964 4.9332 -0.6640 -0.1032 4.8610 -0.6669 -0.1015 4.9004 -0.6287 -0.0978 4.8610 -0.6341 -0.0964 4.8974 -0.6699 -0.0964 4.9332 -0.6449 -0.0936 4.9224 -0.6669 -0.1015 4.8216 -0.6699 -0.0964 4.7887 -0.6341 -0.0964 4.8245 -0.6449 -0.0936 4.7995 -0.6341 -0.0873 4.7887 -0.6190 -0.0568 4.7737 -0.5952 -0.0568 4.8133 -0.6142 -0.0880 4.8216 -0.5873 -0.0568 4.8610 -0.5952 -0.0568 4.9086 -0.6142 -0.0880 4.9004 -0.6074 -0.0888 4.8610 -0.6341 -0.0873 4.9332 -0.6190 -0.0568 4.9483 -0.6587 -0.0568 4.9721 -0.6669 -0.0880 4.9531 -0.7063 -0.0568 4.9800 -0.7539 -0.0568 4.9721 -0.7457 -0.0880 4.9531 -0.7063 -0.0888 4.9598 -0.7063 0.3234 4.7147 -0.7063 0.3009 4.7228 -2.6863 0.0741 4.5470 -2.7445 0.0741 4.4499 -2.7445 0.1766 4.4499 -2.6863 0.1766 4.5470 -2.6668 0.0741 4.6635 -2.6863 0.0741 4.7801 -2.7161 -0.0233 4.7673 -2.6988 -0.0233 4.6635 -2.7455 -0.0983 4.6635 -2.7597 -0.0983 4.5785 -2.7161 -0.0233 4.5598 -2.6863 0.1766 4.7801 -2.7445 0.1766 4.8772 -2.7445 0.0741 4.8772 -2.6668 0.1766 4.6635 -2.7680 -0.0233 4.8537 -2.7680 0.2741 4.8537 -2.7161 0.2741 4.7673 -2.7161 0.2741 4.5598 -2.6988 0.2741 4.6635 -2.7680 0.2741 4.4733 -3.0747 0.1766 4.3916 -3.1718 0.1766 4.4499 -3.1484 0.2741 4.4733 -3.0619 0.2741 4.4215 -2.8022 -0.0983 4.8195 -2.7597 -0.0983 4.7486 -3.2495 0.1766 4.6635 -3.2495 0.0741 4.6635 -3.2301 0.0741 4.7801 -3.2301 0.1766 4.7801 -2.8022 -0.0983 4.5076 -2.7680 -0.0233 4.4733 -2.7848 -0.1262 4.7378 -2.7724 -0.1262 4.6635 -2.7848 -0.1262 4.5892 -2.8219 -0.1262 4.7997 -2.8219 0.3769 4.7997 -2.8022 0.3491 4.8195 -2.7597 0.3491 4.7486 -2.7848 0.3769 4.7378 -3.2301 0.1766 4.5470 -3.1718 0.0741 4.4499 -3.2301 0.0741 4.5470 -3.2002 0.2741 4.5598 -2.7455 0.3491 4.6635 -3.1484 -0.0233 4.8537 -3.1718 0.0741 4.8772 -3.2002 -0.0233 4.7673 -3.1718 0.1766 4.8772 -3.2175 0.2741 4.6635 -3.2002 0.2741 4.7673 -3.2002 -0.0233 4.5598 -3.2175 -0.0233 4.6635 -3.1484 -0.0233 4.4733 -2.8416 0.0741 4.3916 -2.8544 -0.0233 4.4215 -2.8022 0.3491 4.5076 -2.7597 0.3491 4.5785 -2.9582 0.1766 4.3722 -2.9582 0.0741 4.3722 -3.0747 0.0741 4.3916 -2.7848 0.3769 4.5892 -2.7724 0.3769 4.6635 -2.8219 0.3769 4.5273 -3.0432 0.3491 4.4650 -3.1141 0.3491 4.5076 -3.0944 0.3769 4.5273 -3.0325 0.3769 4.4902 -2.8416 0.1766 4.3916 -2.8544 0.2741 4.4215 -2.9582 0.1766 4.9549 -2.9582 0.0741 4.9549 -2.8416 0.0741 4.9354 -2.8416 0.1766 4.9354 -2.8544 0.2741 4.9056 -2.9582 0.1766 4.3722 -2.9582 0.0741 4.3722 -2.9582 0.2741 4.4042 -2.9582 0.2741 4.4042 -3.0619 -0.0233 4.4215 -3.0747 0.0741 4.9354 -3.0619 -0.0233 4.9056 -2.9582 -0.0233 4.4042 -2.9582 -0.0233 4.4042 -3.0747 0.1766 4.9354 -3.1484 0.2741 4.8537 -3.0619 0.2741 4.9056 -2.9582 -0.0983 4.4509 -3.0432 -0.0983 4.4650 -2.9582 0.2741 4.9229 -2.8544 -0.0233 4.9056 -2.8219 -0.1262 4.5273 -2.9582 -0.0233 4.9229 -3.0325 0.3769 4.4902 -3.0944 0.3769 4.5273 -3.0868 0.3484 4.5349 -3.0283 0.3484 4.4998 -2.9582 0.3491 4.4509 -2.9582 0.3769 4.4778 -2.8839 0.3769 4.4902 -2.8731 0.3491 4.4650 -2.9582 0.3769 4.8493 -2.9582 0.3484 4.8390 -3.0283 0.3484 4.8273 -3.0325 0.3769 4.8369 -2.9582 0.3491 4.4509 -2.9582 0.3769 4.4778 -2.8839 0.3769 4.4902 -2.8880 0.3484 4.4998 -2.8295 0.3484 4.5349 -2.8219 0.3769 4.5273 -2.9582 0.3769 4.4778 -2.9582 0.3484 4.4881 -2.8731 0.3491 4.8620 -2.8839 0.3769 4.8369 -2.8731 -0.0983 4.4650 -3.1708 0.3491 4.6635 -3.1566 0.3491 4.5785 -3.1141 -0.0983 4.5076 -2.9582 -0.0983 4.4509 -3.0944 -0.1262 4.5273 -3.0325 -0.1262 4.4902 -3.0432 -0.0983 4.8620 -3.1141 -0.0983 4.8195 -3.0944 -0.1262 4.7997 -3.0325 -0.1262 4.8369 -2.9582 -0.1262 4.4778 -2.8839 -0.1262 4.4902 -2.9582 -0.1262 4.4778 -3.1141 0.3491 4.8195 -3.1566 0.3491 4.7486 -3.1315 0.3769 4.5892 -3.1566 -0.0983 4.7486 -3.1315 -0.1262 4.7378 -3.1439 0.3769 4.6635 -3.1315 0.3769 4.7378 -2.9582 -0.0983 4.8762 -2.8731 -0.0983 4.8620 -3.1708 -0.0983 4.6635 -2.8839 -0.1262 4.8369 -2.9582 -0.1262 4.8493 -3.1566 -0.0983 4.5785 -2.9582 0.3491 4.8762 -3.0432 0.3491 4.8620 -3.1315 -0.1262 4.5892 -3.1439 -0.1262 4.6635 -3.0944 0.3769 4.7997 -3.0325 0.3769 4.8369 -2.9582 0.3769 4.8493 -3.1219 0.3484 4.7337 -3.0868 0.3484 4.7922 -3.0745 0.3493 4.7799 -3.1063 0.3493 4.7270 -3.1315 0.3769 4.5892 -3.1219 0.3484 4.5934 -2.9582 0.3484 4.4881 -2.9582 0.3493 4.5049 -2.8947 0.3493 4.5154 -2.8880 0.3484 4.4998 -3.1315 0.3769 4.7378 -3.0944 0.3769 4.7997 -3.0868 0.3484 4.7922 -3.1219 0.3484 4.7337 -3.1219 0.3484 4.5934 -3.1063 0.3493 4.6001 -3.0745 0.3493 4.5472 -3.0868 0.3484 4.5349 -3.1336 0.3484 4.6635 -3.1168 0.3493 4.6635 -3.1336 0.3484 4.6635 -3.1439 0.3769 4.6635 -3.1168 0.3493 4.6635 -3.1063 0.3493 4.7270 -3.0752 0.3963 4.7135 -3.0837 0.3972 4.6635 -3.1063 0.3493 4.6001 -3.0752 0.3963 4.6135 -3.0499 0.3953 4.5717 -3.0745 0.3493 4.5472 -3.0745 0.3493 4.7799 -3.0499 0.3953 4.7553 -2.9582 -0.1262 4.4778 -2.9582 -0.0976 4.4881 -3.0283 -0.0976 4.4998 -3.0325 -0.1262 4.4902 -2.9582 -0.0976 4.4881 -2.8880 -0.0976 4.4998 -2.8977 -0.1059 4.5224 -2.9582 -0.1059 4.5124 -2.9582 -0.1262 4.4778 -2.8839 -0.1262 4.4902 -2.8880 -0.0976 4.4998 -2.9582 -0.0976 4.4881 -2.9582 -0.0976 4.4881 -2.9582 -0.1059 4.5124 -3.0186 -0.1059 4.5224 -3.0283 -0.0976 4.4998 -3.0868 -0.0976 4.5349 -3.0944 -0.1262 4.5273 -3.0325 -0.1262 4.8369 -3.0944 -0.1262 4.7997 -3.0868 -0.0976 4.7922 -3.0283 -0.0976 4.8273 -3.0690 -0.1059 4.5527 -3.0868 -0.0976 4.5349 -2.8295 -0.0976 4.5349 -2.8473 -0.1059 4.5527 -2.8839 0.3769 4.8369 -2.8219 0.3769 4.7997 -2.8295 0.3484 4.7922 -2.8880 0.3484 4.8273 -2.7724 0.3769 4.6635 -2.7827 0.3484 4.6635 -2.7944 0.3484 4.7337 -2.7848 0.3769 4.7378 -2.7848 0.3769 4.5892 -2.7944 0.3484 4.5934 -2.7848 -0.1262 4.5892 -2.7944 -0.0976 4.5934 -2.8295 -0.0976 4.5349 -2.8219 -0.1262 4.5273 -3.0082 0.3963 4.7806 -3.0216 0.3493 4.8116 -2.9582 0.3493 4.8222 -2.9582 0.3972 4.7891 -2.9582 0.4086 4.7621 -3.0045 0.4069 4.7553 -2.9081 0.3963 4.7806 -2.8947 0.3493 4.8116 -3.0362 0.4034 4.7416 -2.8664 0.3953 4.7553 -2.8418 0.3493 4.7799 -2.7995 0.3493 4.6635 -2.8326 0.3972 4.6635 -2.8411 0.3963 4.7135 -2.8101 0.3493 4.7270 -2.9119 0.4069 4.7553 -2.8801 0.4034 4.7416 -3.1093 -0.1059 4.6635 -3.0837 -0.1464 4.6635 -3.0752 -0.1455 4.7135 -3.0993 -0.1059 4.7240 -3.0499 -0.1445 4.5717 -3.0752 -0.1455 4.6135 -3.0993 -0.1059 4.6031 -3.0690 -0.1059 4.5527 -3.0186 -0.1059 4.5224 -3.0082 -0.1455 4.5465 -2.9582 -0.1059 4.5124 -2.8977 -0.1059 4.5224 -2.9081 -0.1455 4.5465 -2.9582 -0.1464 4.5380 -3.0499 -0.1445 4.7553 -3.0690 -0.1059 4.7744 -3.0567 -0.1579 4.6635 -3.0499 -0.1561 4.7098 -3.0362 -0.1526 4.7416 -3.0499 -0.1561 4.6172 -3.0362 -0.1526 4.5855 -3.0283 0.3484 4.4998 -3.0216 0.3493 4.5154 -2.9582 0.3484 4.8390 -2.9582 0.3493 4.8222 -3.0216 0.3493 4.8116 -3.0283 0.3484 4.8273 -2.8418 0.3493 4.5472 -2.8295 0.3484 4.5349 -2.9582 0.3484 4.4881 -2.9582 0.3493 4.5049 -2.9582 0.3493 4.5049 -3.0216 0.3493 4.5154 -3.0082 0.3963 4.5465 -2.9582 0.3972 4.5380 -2.8664 0.3953 4.5717 -2.8418 0.3493 4.5472 -2.8947 0.3493 4.5154 -2.9081 0.3963 4.5465 -2.7848 -0.1262 4.7378 -2.8219 -0.1262 4.7997 -2.8295 -0.0976 4.7922 -2.7944 -0.0976 4.7337 -2.7827 -0.0976 4.6635 -2.7944 -0.0976 4.7337 -2.8171 -0.1059 4.7240 -2.8070 -0.1059 4.6635 -3.1315 -0.1262 4.7378 -3.1219 -0.0976 4.7337 -2.8171 -0.1059 4.6031 -2.7944 -0.0976 4.5934 -2.7724 -0.1262 4.6635 -2.7827 -0.0976 4.6635 -2.8295 -0.0976 4.7922 -2.8473 -0.1059 4.7744 -2.9582 -0.1262 4.8493 -2.9582 -0.0976 4.8390 -2.8880 -0.0976 4.8273 -2.8839 -0.1262 4.8369 -2.9582 -0.0976 4.8390 -3.0283 -0.0976 4.8273 -3.0186 -0.1059 4.8046 -2.9582 -0.1059 4.8147 -2.8977 -0.1059 4.8046 -2.8880 -0.0976 4.8273 -3.0868 -0.0976 4.7922 -3.0690 -0.1059 4.7744 -3.1315 -0.1262 4.5892 -3.1219 -0.0976 4.5934 -3.1336 -0.0976 4.6635 -3.1219 -0.0976 4.5934 -3.0993 -0.1059 4.6031 -3.1093 -0.1059 4.6635 -3.0993 -0.1059 4.7240 -3.1219 -0.0976 4.7337 -3.1439 -0.1262 4.6635 -3.1336 -0.0976 4.6635 -2.8880 0.3484 4.8273 -2.8295 0.3484 4.7922 -2.8418 0.3493 4.7799 -2.8947 0.3493 4.8116 -2.7827 0.3484 4.6635 -2.7995 0.3493 4.6635 -2.8101 0.3493 4.7270 -2.7944 0.3484 4.7337 -2.7944 0.3484 4.5934 -2.8101 0.3493 4.6001 -2.8101 0.3493 4.6001 -2.8411 0.3963 4.6135 -2.9582 0.4178 4.6635 -2.9044 0.4155 4.6635 -2.9081 0.4134 4.6135 -2.9582 0.4155 4.6098 -2.8596 0.4086 4.6635 -2.8664 0.4069 4.6172 -2.9119 0.4069 4.5717 -2.9582 0.4086 4.5650 -2.8801 0.4034 4.5855 -2.9582 0.4155 4.7173 -2.9081 0.4134 4.7135 -2.8664 0.4069 4.7098 -3.0119 0.4155 4.6635 -3.0082 0.4134 4.7135 -3.0567 0.4086 4.6635 -3.0499 0.4069 4.7098 -3.0082 0.4134 4.6135 -3.0045 0.4069 4.5717 -3.0499 0.4069 4.6172 -3.0362 0.4034 4.5855 -2.9582 -0.1671 4.6635 -3.0119 -0.1648 4.6635 -3.0082 -0.1626 4.6135 -2.9582 -0.1648 4.6098 -3.0045 -0.1561 4.5717 -2.9582 -0.1579 4.5650 -2.9582 -0.1648 4.7173 -3.0082 -0.1626 4.7135 -2.9582 -0.1579 4.7621 -3.0045 -0.1561 4.7553 -2.9044 -0.1648 4.6635 -2.9081 -0.1626 4.7135 -2.8596 -0.1579 4.6635 -2.8664 -0.1561 4.7098 -2.9119 -0.1561 4.7553 -2.8801 -0.1526 4.7416 -2.9081 -0.1626 4.6135 -2.9119 -0.1561 4.5717 -2.8664 -0.1561 4.6172 -2.8801 -0.1526 4.5855 -2.8664 -0.1445 4.5717 -2.8473 -0.1059 4.5527 -2.8171 -0.1059 4.6031 -2.8411 -0.1455 4.6135 -2.8070 -0.1059 4.6635 -2.8171 -0.1059 4.7240 -2.8411 -0.1455 4.7135 -2.8326 -0.1464 4.6635 -2.8664 -0.1445 4.7553 -2.8473 -0.1059 4.7744 -2.8977 -0.1059 4.8046 -2.9081 -0.1455 4.7806 -2.9582 -0.1059 4.8147 -3.0186 -0.1059 4.8046 -3.0082 -0.1455 4.7806 -2.9582 -0.1464 4.7891 -2.9582 0.3769 4.4778 -2.9582 0.3484 4.4881 -0.8198 0.0619 4.8338 -0.8204 0.0619 4.8900 -1.0780 0.0619 4.8872 -1.0774 0.0619 4.8310 -1.4238 0.0972 4.7919 -1.4238 0.1534 4.7919 -1.0770 0.1534 4.7957 -1.0770 0.0972 4.7957 -1.0784 0.1534 4.9225 -1.0784 0.0972 4.9225 -0.8208 0.0972 4.9253 -0.8208 0.1534 4.9253 -0.8198 0.1887 4.8338 -1.0774 0.1887 4.8310 -1.0780 0.1887 4.8872 -0.8204 0.1887 4.8900 -1.0770 0.1534 4.7957 -1.0774 0.1887 4.8310 -0.8198 0.1887 4.8338 -0.8194 0.1534 4.7984 -0.8208 0.1534 4.9253 -0.8204 0.1887 4.8900 -1.0780 0.1887 4.8872 -1.0784 0.1534 4.9225 -0.8198 0.0619 4.8338 -1.0774 0.0619 4.8310 -1.0770 0.0972 4.7957 -0.8194 0.0972 4.7984 -1.0780 0.0619 4.8872 -0.8204 0.0619 4.8900 -0.8208 0.0972 4.9253 -1.0784 0.0972 4.9225 -0.8194 0.1534 4.7984 -0.8194 0.0972 4.7984 -1.8114 0.0972 4.7880 -1.8114 0.1534 4.7880 -1.4248 0.1887 4.8834 -1.4252 0.1534 4.9188 -1.4252 0.1534 4.9188 -1.4252 0.0972 4.9188 -1.4238 0.1534 4.7919 -1.4242 0.1887 4.8272 -1.4242 0.1887 4.8272 -1.4248 0.1887 4.8834 -1.4252 0.0972 4.9188 -1.4248 0.0619 4.8834 -1.4248 0.0619 4.8834 -1.4242 0.0619 4.8272 -1.4242 0.0619 4.8272 -1.4238 0.0972 4.7919 -1.8118 0.0619 4.8234 -1.8114 0.0972 4.7880 -1.8114 0.1534 4.7880 -1.8118 0.1887 4.8234 -1.8118 0.1887 4.8234 -1.8124 0.1887 4.8796 -1.8124 0.0619 4.8796 -1.8118 0.0619 4.8234 -1.8127 0.0972 4.9149 -1.8124 0.0619 4.8796 -1.8124 0.1887 4.8796 -1.8127 0.1534 4.9149 -1.8127 0.1534 4.9149 -1.8127 0.0972 4.9149 -1.4172 0.1913 4.9631 -1.4153 0.2602 4.7846 -1.6190 0.2602 4.7824 -1.6209 0.1913 4.9609 -1.2290 0.1427 4.7413 -1.0420 0.1427 4.7433 -1.0439 0.0738 4.9218 -1.2309 0.0738 4.9198 -1.4167 0.0738 4.9178 -1.6204 0.0738 4.9156 -1.6185 0.1427 4.7371 -1.4148 0.1427 4.7393 -1.2294 0.2602 4.7866 -1.2314 0.1913 4.9651 -1.6209 0.1913 4.9609 -1.6190 0.2602 4.7824 -1.6185 0.1427 4.7371 -1.6204 0.0738 4.9156 -1.4153 0.2602 4.7846 -1.2294 0.2602 4.7866 -1.2290 0.1427 4.7413 -1.4148 0.1427 4.7393 -1.4172 0.1913 4.9631 -1.4167 0.0738 4.9178 -1.2309 0.0738 4.9198 -1.2314 0.1913 4.9651 -1.6209 0.1913 4.9609 -1.6204 0.0738 4.9156 -1.6190 0.2602 4.7824 -1.6185 0.1427 4.7371 -1.0425 0.2602 4.7886 -1.0444 0.1913 4.9671 -1.0439 0.0738 4.9218 -1.0420 0.1427 4.7433 -1.0439 0.0738 4.9218 -1.0444 0.1913 4.9671 -1.0444 0.1913 4.9671 -1.0425 0.2602 4.7886 -1.0425 0.2602 4.7886 -1.0420 0.1427 4.7433 -2.7924 0.0550 5.0132 -2.0440 0.0864 4.9718 -2.0437 0.1512 4.9828 -2.7958 0.1568 5.0303 -2.0366 0.3109 4.8233 -2.0346 0.2999 4.7586 -2.7022 0.3913 4.6892 -2.7283 0.4087 4.7876 -2.6820 0.3390 4.6114 -2.0333 0.2669 4.7076 -2.6858 -0.0253 4.6104 -2.0358 0.0355 4.7076 -2.0378 0.0025 4.7584 -2.7071 -0.0776 4.6879 -2.7596 -0.0776 4.8846 -2.0421 0.0025 4.8879 -2.0434 0.0355 4.9388 -2.7797 -0.0253 4.9625 -2.0426 0.2159 4.9718 -2.7903 0.2586 5.0137 -2.6659 0.1568 4.5436 -2.6694 0.2586 4.5607 -2.0327 0.2159 4.6746 -2.0330 0.1512 4.6636 -2.7335 -0.0950 4.7862 -2.0401 -0.0085 4.8232 -2.7547 0.3913 4.8859 -2.0389 0.2999 4.8880 -2.6659 0.1568 4.5436 -2.0330 0.1512 4.6636 -2.0341 0.0864 4.6746 -2.6715 0.0550 4.5601 -2.8007 0.3209 4.9378 -2.8135 0.2490 4.9824 -2.7903 0.2586 5.0137 -2.7760 0.3390 4.9635 -2.7547 0.3913 4.8859 -2.7817 0.3673 4.8684 -2.0410 0.2669 4.9389 -2.7760 0.3390 4.9635 -2.8041 -0.0066 4.9368 -2.7861 -0.0530 4.8672 -2.7596 -0.0776 4.8846 -2.7797 -0.0253 4.9625 -2.7924 0.0550 5.0132 -2.8154 0.0653 4.9819 -2.7163 0.3209 4.6214 -2.7343 0.3673 4.6910 -2.7022 0.3913 4.6892 -2.7050 0.2490 4.5763 -2.7197 -0.0066 4.6205 -2.7070 0.0653 4.5758 -2.7071 -0.0776 4.6879 -2.7387 -0.0530 4.6898 -2.7283 0.4087 4.7876 -2.7579 0.3828 4.7797 -2.7020 0.1572 4.5611 -2.7020 0.1572 4.5611 -2.7335 -0.0950 4.7862 -2.7626 -0.0685 4.7785 -2.7958 0.1568 5.0303 -2.8184 0.1572 4.9971 -2.0096 0.2412 4.9146 -2.0081 0.2665 4.8752 -2.0389 0.2999 4.8880 -2.0410 0.2669 4.9389 -2.0426 0.2159 4.9718 -2.0109 0.2018 4.9398 -2.0116 0.0605 4.9145 -2.0120 0.0999 4.9398 -2.0440 0.0864 4.9718 -2.0434 0.0355 4.9388 -2.0421 0.0025 4.8879 -2.0105 0.0353 4.8751 -2.0036 0.2412 4.7339 -2.0032 0.2018 4.7087 -2.0327 0.2159 4.6746 -2.0333 0.2669 4.7076 -2.0346 0.2999 4.7586 -2.0047 0.2665 4.7733 -2.0056 0.0605 4.7339 -2.0072 0.0353 4.7733 -2.0378 0.0025 4.7584 -2.0358 0.0355 4.7076 -2.0341 0.0864 4.6746 -2.0043 0.0999 4.7087 -2.0366 0.3109 4.8233 -2.0063 0.2749 4.8243 -2.0330 0.1512 4.6636 -2.0035 0.1509 4.7003 -2.0330 0.1512 4.6636 -2.0035 0.1509 4.7003 -2.0401 -0.0085 4.8232 -2.0089 0.0269 4.8242 -2.0437 0.1512 4.9828 -2.0117 0.1509 4.9482 -2.8184 0.1572 4.9971 -2.8135 0.2490 4.9824 -2.7579 0.3828 4.7797 -2.8007 0.3209 4.9378 -2.7817 0.3673 4.8684 -2.8154 0.0653 4.9819 -2.7343 0.3673 4.6910 -2.7197 -0.0066 4.6205 -2.7163 0.3209 4.6214 -2.7050 0.2490 4.5763 -2.7020 0.1572 4.5611 -2.7070 0.0653 4.5758 -2.7387 -0.0530 4.6898 -2.7626 -0.0685 4.7785 -2.7861 -0.0530 4.8672 -2.8041 -0.0066 4.9368 -2.0063 0.2749 4.8243 -2.0081 0.2665 4.8752 -2.0117 0.1509 4.9482 -2.0096 0.2412 4.9146 -2.0109 0.2018 4.9398 -2.0047 0.2665 4.7733 -2.0120 0.0999 4.9398 -2.0043 0.0999 4.7087 -2.0116 0.0605 4.9145 -2.0105 0.0353 4.8751 -2.0089 0.0269 4.8242 -2.0072 0.0353 4.7733 -2.0056 0.0605 4.7339 -2.0035 0.1509 4.7003 -2.0032 0.2018 4.7087 -2.0036 0.2412 4.7339 -2.0063 0.1283 4.6911 -1.9968 0.0725 4.6905 -1.9662 0.0820 5.0126 -1.9734 0.1246 5.0131 -1.8683 0.2664 4.6926 -1.8683 0.2298 5.0142 -1.8256 0.2225 5.0141 -1.8125 0.2568 4.6925 -1.7921 0.2008 5.0139 -1.7684 0.2282 4.6922 -1.7921 0.0484 5.0123 -1.8256 0.0267 5.0120 -1.8125 -0.0002 4.6897 -1.7684 0.0285 4.6900 -1.9241 -0.0002 4.6897 -1.9109 0.0267 5.0120 -1.9445 0.0484 5.0123 -1.9681 0.0285 4.6900 -1.9662 0.1672 5.0135 -1.9968 0.1841 4.6917 -1.7302 0.1283 4.6911 -1.7398 0.1841 4.6917 -1.7703 0.1672 5.0135 -1.7631 0.1246 5.0131 -1.8683 -0.0097 4.6896 -1.8683 0.0194 5.0120 -1.8683 0.2664 4.6926 -1.9241 0.2568 4.6925 -1.9109 0.2225 5.0141 -1.8683 0.2298 5.0142 -1.7703 0.0820 5.0126 -1.7398 0.0725 4.6905 -1.9580 0.2182 4.6754 -1.9835 0.1788 4.6750 -1.9968 0.1841 4.6917 -1.9681 0.2282 4.6922 -1.9241 0.2568 4.6925 -1.9186 0.2437 4.6757 -1.9445 0.2008 5.0139 -1.9681 0.2282 4.6922 -1.9580 0.0388 4.6735 -1.9186 0.0133 4.6732 -1.9241 -0.0002 4.6897 -1.9681 0.0285 4.6900 -1.9968 0.0725 4.6905 -1.9835 0.0782 4.6739 -1.7785 0.2182 4.6754 -1.8179 0.2437 4.6757 -1.8125 0.2568 4.6925 -1.7684 0.2282 4.6922 -1.7398 0.1841 4.6917 -1.7531 0.1788 4.6750 -1.7785 0.0388 4.6735 -1.7531 0.0782 4.6739 -1.7398 0.0725 4.6905 -1.7684 0.0285 4.6900 -1.8125 -0.0002 4.6897 -1.8179 0.0133 4.6732 -1.8683 0.2664 4.6926 -1.8683 0.2522 4.6758 -1.8683 0.2664 4.6926 -1.8683 0.2522 4.6758 -1.7302 0.1283 4.6911 -1.7446 0.1285 4.6745 -1.8683 -0.0097 4.6896 -1.8683 0.0048 4.6731 -2.0063 0.1283 4.6911 -1.9920 0.1285 4.6745 -1.9278 0.1839 5.0340 -1.9018 0.2005 5.0342 -1.9109 0.2225 5.0141 -1.9445 0.2008 5.0139 -1.9662 0.1672 5.0135 -1.9444 0.1580 5.0337 -1.9278 0.0649 5.0327 -1.9444 0.0908 5.0330 -1.9662 0.0820 5.0126 -1.9445 0.0484 5.0123 -1.9109 0.0267 5.0120 -1.9018 0.0482 5.0325 -1.8087 0.1839 5.0340 -1.7921 0.1580 5.0337 -1.7703 0.1672 5.0135 -1.7921 0.2008 5.0139 -1.8256 0.2225 5.0141 -1.8347 0.2005 5.0342 -1.8087 0.0649 5.0327 -1.8347 0.0482 5.0325 -1.8256 0.0267 5.0120 -1.7921 0.0484 5.0123 -1.7703 0.0820 5.0126 -1.7921 0.0908 5.0330 -1.8683 0.2298 5.0142 -1.8683 0.2061 5.0342 -1.8683 0.2298 5.0142 -1.8683 0.2061 5.0342 -1.7631 0.1246 5.0131 -1.7866 0.1244 5.0333 -1.8683 0.0194 5.0120 -1.8683 0.0427 5.0325 -1.9734 0.1246 5.0131 -1.9499 0.1244 5.0333 -1.9920 0.1285 4.6745 -1.9835 0.1788 4.6750 -1.9186 0.2437 4.6757 -1.9580 0.2182 4.6754 -1.8683 0.2522 4.6758 -1.8179 0.2437 4.6757 -1.7785 0.0388 4.6735 -1.7785 0.2182 4.6754 -1.7531 0.1788 4.6750 -1.7446 0.1285 4.6745 -1.7531 0.0782 4.6739 -1.8179 0.0133 4.6732 -1.8683 0.0048 4.6731 -1.9186 0.0133 4.6732 -1.9580 0.0388 4.6735 -1.9835 0.0782 4.6739 -1.8683 0.2061 5.0342 -1.9018 0.2005 5.0342 -1.9444 0.1580 5.0337 -1.9278 0.1839 5.0340 -1.9499 0.1244 5.0333 -1.9444 0.0908 5.0330 -1.7921 0.0908 5.0330 -1.9278 0.0649 5.0327 -1.9018 0.0482 5.0325 -1.8683 0.0427 5.0325 -1.8347 0.0482 5.0325 -1.8087 0.0649 5.0327 -1.7866 0.1244 5.0333 -1.7921 0.1580 5.0337 -1.8087 0.1839 5.0340 -1.8347 0.2005 5.0342 -1.9430 -0.0631 4.8993 -2.0699 -0.0743 4.9169 -2.0685 -0.0743 4.8267 -1.9416 -0.0631 4.8303 -1.9452 -0.0590 4.9542 -2.0815 -0.0644 5.0069 -1.8777 -0.0582 4.8768 -1.8777 -0.0539 4.9209 -1.8777 -0.0582 4.8247 -2.2060 -0.0807 5.0056 -2.0815 -0.0644 5.0069 -2.1102 -0.0211 5.0281 -2.2053 -0.0387 5.0431 -2.2081 -0.0947 4.8928 -2.2108 -0.0947 4.7699 -2.4357 -0.0728 5.0431 -2.4349 -0.1137 5.0028 -2.4293 -0.1273 4.8817 -2.4222 -0.1273 4.7454 -2.8308 -0.1232 5.0431 -2.8323 -0.1562 5.0228 -2.7670 -0.1491 5.0141 -2.7645 -0.1145 5.0431 -2.8638 -0.1257 5.0431 -2.8638 -0.1584 5.0298 -2.2491 -0.0485 4.7666 -2.3336 -0.0594 4.7488 -2.3303 -0.0496 4.8810 -2.2394 -0.0381 4.8850 -2.3485 0.1366 4.5224 -2.2115 0.1366 4.5581 -2.2180 0.0232 4.5823 -2.3549 0.0009 4.5465 -2.3333 -0.0485 4.6670 -2.3204 0.0290 4.6162 -2.3781 0.0166 4.5923 -2.4244 -0.0712 4.6377 -2.4169 -0.1273 4.6595 -2.2134 -0.0947 4.7018 -2.9812 -0.1162 4.9826 -2.9812 -0.1238 5.0117 -2.9812 0.1366 5.0423 -2.9812 0.1366 5.0112 -2.7988 -0.1673 4.8537 -2.7343 -0.1606 4.8039 -2.7544 -0.1606 4.9271 -2.8198 -0.1673 4.9616 -2.8538 -0.1692 4.9898 -2.8307 -0.1654 4.9152 -2.8323 -0.1562 5.0228 -2.8638 -0.1584 5.0298 -2.7670 -0.1491 5.0141 -1.9515 -0.0304 4.8212 -2.0792 -0.0402 4.8129 -2.0844 -0.0366 4.9152 -1.9508 -0.0342 4.9137 -2.7273 -0.0979 4.8895 -2.7007 -0.1051 4.7133 -2.7692 -0.1115 4.7741 -2.7884 -0.1043 4.8989 -2.4380 -0.0748 4.7318 -2.4461 -0.0656 4.8807 -2.7313 -0.0729 4.9157 -2.7273 -0.0979 4.8895 -2.7884 -0.1043 4.8989 -2.7925 -0.0806 4.9176 -2.8193 -0.1162 4.8916 -2.8318 -0.0865 4.9200 -2.3290 -0.0185 4.9048 -2.2370 -0.0063 4.9071 -2.2394 -0.0381 4.8850 -2.3303 -0.0496 4.8810 -2.4461 -0.0656 4.8807 -2.4466 -0.0355 4.9062 -2.2115 -0.0549 4.6738 -2.0745 -0.0574 4.7547 -2.0701 -0.0701 4.7597 -2.2141 -0.0810 4.6610 -2.1128 -0.0016 4.9354 -2.0844 -0.0366 4.9152 -2.6969 -0.1535 4.5631 -2.6866 -0.1324 4.5508 -2.4420 -0.0921 4.6037 -2.4061 -0.1138 4.6076 -2.2531 0.0365 4.6253 -2.2498 -0.0436 4.6880 -2.3144 0.1366 4.5973 -2.3720 0.1366 4.5728 -2.2469 0.1366 4.6055 -2.3884 0.0052 4.5637 -2.9608 -0.1056 4.9381 -2.9583 -0.1509 4.9602 -2.9812 -0.0990 4.9579 -2.8193 -0.1162 4.8916 -1.9463 -0.0469 4.7668 -1.9424 -0.0591 4.7728 -2.0701 -0.0701 4.7597 -2.0745 -0.0574 4.7547 -1.8777 -0.0412 4.7668 -1.8777 -0.0539 4.7728 -1.9463 -0.0469 4.7668 -1.9502 -0.0346 4.7727 -1.8777 -0.0285 4.7728 -1.8777 -0.0412 4.7668 -2.0745 -0.0574 4.7547 -2.0787 -0.0447 4.7624 -1.9482 -0.0465 4.9368 -1.9452 -0.0590 4.9542 -1.8777 -0.0539 4.9209 -1.8777 -0.0411 4.9161 -2.0607 -0.0433 4.9727 -2.0815 -0.0644 5.0069 -1.9508 -0.0342 4.9137 -2.0844 -0.0366 4.9152 -1.8777 -0.0284 4.9108 -2.2115 -0.0549 4.6738 -2.2498 -0.0436 4.6880 -2.2525 -0.0485 4.7240 -2.0798 -0.0403 4.7812 -2.0977 -0.0102 4.9828 -2.1102 -0.0211 5.0281 -2.0977 -0.0102 4.9828 -2.0607 -0.0433 4.9727 -2.0844 -0.0366 4.9152 -2.1128 -0.0016 4.9354 -2.4244 -0.0712 4.6377 -2.3781 0.0166 4.5923 -2.3884 0.0052 4.5637 -2.4420 -0.0921 4.6037 -2.2180 0.0232 4.5823 -2.2137 0.0333 4.6096 -2.2115 -0.0549 4.6738 -2.2141 -0.0810 4.6610 -2.2115 -0.0549 4.6738 -2.2137 0.0333 4.6096 -2.3821 0.1366 4.5419 -2.3485 0.1366 4.5224 -2.3720 0.1366 4.5728 -2.3821 0.1366 4.5419 -2.2115 0.1366 4.5581 -2.2074 0.1366 4.5875 -2.2074 0.1366 4.5875 -2.7915 -0.1622 4.7197 -2.8307 -0.1654 4.9152 -2.8300 -0.1447 4.8877 -2.7972 -0.1419 4.7300 -2.7711 -0.1408 4.5751 -2.7725 -0.1561 4.5751 -2.7874 -0.1202 4.7164 -2.7687 -0.1247 4.5831 -2.7711 -0.1408 4.5751 -2.7972 -0.1419 4.7300 -2.8300 -0.1447 4.8877 -2.8193 -0.1162 4.8916 -2.6838 -0.1113 4.5759 -2.4244 -0.0712 4.6377 -2.4420 -0.0921 4.6037 -2.6866 -0.1324 4.5508 -2.8994 -0.0981 4.9262 -2.8682 -0.1337 4.9137 -2.9583 -0.1509 4.9602 -2.8682 -0.1337 4.9137 -2.8994 -0.0981 4.9262 -2.9653 0.1366 5.0685 -2.9653 -0.1259 5.0353 -2.8638 0.1366 5.0772 -2.7549 -0.1601 4.5580 -2.7725 -0.1561 4.5751 -2.7711 -0.1408 4.5751 -2.7452 -0.1388 4.5532 -2.7452 -0.1388 4.5532 -2.7549 -0.1601 4.5580 -2.7459 -0.1176 4.5737 -2.7452 -0.1388 4.5532 -2.7711 -0.1408 4.5751 -2.7687 -0.1247 4.5831 -2.4349 -0.1137 5.0028 -2.6969 -0.1535 4.5631 -2.7140 -0.1606 4.6664 -2.4349 -0.0744 4.6779 -2.6898 -0.1046 4.6346 -2.7572 -0.1111 4.6713 -2.7874 -0.1202 4.7164 -2.7687 -0.1247 4.5831 -2.3333 -0.0485 4.6670 -2.3347 -0.0592 4.7010 -2.0683 -0.0743 4.7790 -1.9502 -0.0346 4.7727 -1.9515 -0.0305 4.7904 -1.8777 -0.0243 4.7909 -1.8777 -0.0285 4.7728 -1.8777 -0.0242 4.8224 -2.7549 -0.1601 4.5580 -2.7750 -0.1673 4.6930 -2.7915 -0.1622 4.7197 -2.7725 -0.1561 4.5751 -2.2141 -0.0810 4.6610 -2.0701 -0.0701 4.7597 -1.9424 -0.0591 4.7728 -1.9411 -0.0631 4.7911 -1.8777 -0.0582 4.7911 -1.8777 -0.0539 4.7728 -2.7645 0.1366 5.0772 -2.4357 0.1366 5.0772 -2.8318 0.1366 4.9532 -2.7925 0.1366 4.9517 -2.8308 0.1366 5.0772 -2.7313 0.1366 4.9497 -2.9527 -0.1503 5.0250 -2.3290 0.1366 4.9388 -2.2370 0.1366 4.9411 -2.9812 0.1366 4.9874 -2.0977 0.1366 5.0169 -2.1102 0.1366 5.0621 -2.9653 -0.1259 5.0353 -2.9653 0.1366 5.0685 -2.8994 0.1366 4.9568 -2.2060 -0.0807 5.0056 -2.9638 -0.1584 5.0023 -2.9527 -0.1503 5.0250 -2.9638 -0.1584 5.0023 -2.9583 -0.1509 4.9602 -2.8307 -0.1654 4.9152 -2.9583 -0.1509 4.9602 -2.8682 -0.1337 4.9137 -2.8300 -0.1447 4.8877 -2.9527 -0.1503 5.0250 -2.8300 -0.1447 4.8877 -1.8777 -0.0284 4.9108 -1.8777 -0.0582 4.7911 -1.8777 -0.0243 4.7909 -1.8777 -0.0242 4.8224 -1.8777 -0.0582 4.8247 -1.8777 -0.0539 4.7728 -1.8777 -0.0285 4.7728 -1.8777 -0.0412 4.7668 -1.8777 -0.0285 4.7728 -1.8777 -0.0539 4.7728 -1.8777 -0.0284 4.9108 -1.8777 -0.0411 4.9161 -1.8777 -0.0582 4.8768 -1.8777 -0.0539 4.9209 -2.1128 0.1366 4.9694 -2.9812 0.1366 4.9874 -2.9608 0.1366 4.9667 -2.8994 0.1366 4.9568 -2.1128 0.1366 4.9694 -2.1128 -0.0016 4.9354 -2.4466 0.1366 4.9403 -2.2053 0.1366 5.0772 -2.1102 0.1366 5.0621 -1.9430 0.3363 4.8993 -1.9416 0.3363 4.8303 -2.0685 0.3475 4.8267 -2.0699 0.3475 4.9169 -2.0815 0.3375 5.0069 -1.9452 0.3321 4.9542 -1.8777 0.3270 4.9209 -1.8777 0.3313 4.8768 -1.8777 0.3313 4.8247 -2.2060 0.3538 5.0056 -2.2053 0.3119 5.0431 -2.1102 0.2942 5.0281 -2.0815 0.3375 5.0069 -2.2081 0.3678 4.8928 -2.2108 0.3678 4.7699 -2.4357 0.3459 5.0431 -2.4349 0.3868 5.0028 -2.4293 0.4004 4.8817 -2.4222 0.4004 4.7454 -2.8308 0.3963 5.0431 -2.7645 0.3876 5.0431 -2.7670 0.4222 5.0141 -2.8323 0.4294 5.0228 -2.8638 0.4315 5.0298 -2.8638 0.3989 5.0431 -2.3303 0.3227 4.8810 -2.3336 0.3325 4.7488 -2.2491 0.3216 4.7666 -2.2394 0.3112 4.8850 -2.3549 0.2723 4.5465 -2.2180 0.2499 4.5823 -2.3781 0.2565 4.5923 -2.3204 0.2442 4.6162 -2.3333 0.3216 4.6670 -2.4244 0.3443 4.6377 -2.2134 0.3678 4.7018 -2.4169 0.4004 4.6595 -2.9812 0.3969 5.0117 -2.9812 0.3893 4.9826 -2.7544 0.4337 4.9271 -2.7343 0.4337 4.8039 -2.7988 0.4404 4.8537 -2.8198 0.4404 4.9616 -2.8307 0.4386 4.9152 -2.8538 0.4424 4.9898 -2.8638 0.4315 5.0298 -2.8323 0.4294 5.0228 -2.7670 0.4222 5.0141 -1.9515 0.3035 4.8212 -1.9508 0.3073 4.9137 -2.0844 0.3098 4.9152 -2.0792 0.3133 4.8129 -2.7273 0.3710 4.8895 -2.7884 0.3775 4.8989 -2.7692 0.3847 4.7741 -2.7007 0.3782 4.7133 -2.4461 0.3388 4.8807 -2.4380 0.3479 4.7318 -2.7884 0.3775 4.8989 -2.7273 0.3710 4.8895 -2.7313 0.3460 4.9157 -2.7925 0.3537 4.9176 -2.8318 0.3596 4.9200 -2.8193 0.3893 4.8916 -2.3290 0.2917 4.9048 -2.3303 0.3227 4.8810 -2.2394 0.3112 4.8850 -2.2370 0.2794 4.9071 -2.4466 0.3087 4.9062 -2.4461 0.3388 4.8807 -2.0701 0.3432 4.7597 -2.0745 0.3305 4.7547 -2.2115 0.3280 4.6738 -2.2141 0.3541 4.6610 -2.1128 0.2747 4.9354 -2.0844 0.3098 4.9152 -2.6969 0.4266 4.5631 -2.4061 0.3869 4.6076 -2.4420 0.3652 4.6037 -2.6866 0.4055 4.5508 -2.2531 0.2366 4.6253 -2.2498 0.3167 4.6880 -2.3720 0.1366 4.5728 -2.3144 0.1366 4.5973 -2.2469 0.1366 4.6055 -2.3884 0.2679 4.5637 -2.9583 0.4241 4.9602 -2.9608 0.3787 4.9381 -2.9812 0.3722 4.9579 -2.8193 0.3893 4.8916 -1.9463 0.3200 4.7668 -2.0745 0.3305 4.7547 -2.0701 0.3432 4.7597 -1.9424 0.3322 4.7728 -1.8777 0.3271 4.7728 -1.8777 0.3144 4.7668 -1.9463 0.3200 4.7668 -1.8777 0.3144 4.7668 -1.8777 0.3016 4.7728 -1.9502 0.3078 4.7727 -2.0787 0.3178 4.7624 -2.0745 0.3305 4.7547 -1.9482 0.3197 4.9368 -1.8777 0.3143 4.9161 -1.8777 0.3270 4.9209 -1.9452 0.3321 4.9542 -2.0815 0.3375 5.0069 -2.0607 0.3164 4.9727 -2.0844 0.3098 4.9152 -1.9508 0.3073 4.9137 -1.8777 0.3015 4.9108 -2.2115 0.3280 4.6738 -2.2498 0.3167 4.6880 -2.0798 0.3135 4.7812 -2.2525 0.3216 4.7240 -2.0977 0.2833 4.9828 -2.1102 0.2942 5.0281 -2.0977 0.2833 4.9828 -2.1128 0.2747 4.9354 -2.0844 0.3098 4.9152 -2.0607 0.3164 4.9727 -2.4244 0.3443 4.6377 -2.4420 0.3652 4.6037 -2.3884 0.2679 4.5637 -2.3781 0.2565 4.5923 -2.2115 0.3280 4.6738 -2.2137 0.2398 4.6096 -2.2180 0.2499 4.5823 -2.2141 0.3541 4.6610 -2.2137 0.2398 4.6096 -2.2115 0.3280 4.6738 -2.3821 0.1366 4.5419 -2.3720 0.1366 4.5728 -2.2074 0.1366 4.5875 -2.8300 0.4178 4.8877 -2.8307 0.4386 4.9152 -2.7915 0.4354 4.7197 -2.7972 0.4150 4.7300 -2.7725 0.4292 4.5751 -2.7711 0.4139 4.5751 -2.7711 0.4139 4.5751 -2.7687 0.3979 4.5831 -2.7874 0.3933 4.7164 -2.7972 0.4150 4.7300 -2.8193 0.3893 4.8916 -2.8300 0.4178 4.8877 -2.6838 0.3845 4.5759 -2.6866 0.4055 4.5508 -2.4420 0.3652 4.6037 -2.4244 0.3443 4.6377 -2.8994 0.3712 4.9262 -2.9583 0.4241 4.9602 -2.8682 0.4068 4.9137 -2.8682 0.4068 4.9137 -2.8994 0.3712 4.9262 -2.9653 0.3990 5.0353 -2.7711 0.4139 4.5751 -2.7725 0.4292 4.5751 -2.7549 0.4333 4.5580 -2.7452 0.4119 4.5532 -2.7452 0.4119 4.5532 -2.7549 0.4333 4.5580 -2.7459 0.3907 4.5737 -2.7452 0.4119 4.5532 -2.7687 0.3979 4.5831 -2.7711 0.4139 4.5751 -2.4349 0.3868 5.0028 -2.6969 0.4266 4.5631 -2.7140 0.4337 4.6664 -2.6898 0.3778 4.6346 -2.4349 0.3476 4.6779 -2.7572 0.3842 4.6713 -2.7874 0.3933 4.7164 -2.7687 0.3979 4.5831 -2.3333 0.3216 4.6670 -2.3347 0.3323 4.7010 -2.0683 0.3475 4.7790 -1.9502 0.3078 4.7727 -1.9515 0.3036 4.7904 -1.8777 0.3016 4.7728 -1.8777 0.2974 4.7909 -1.8777 0.2973 4.8224 -2.7549 0.4333 4.5580 -2.7750 0.4404 4.6930 -2.7725 0.4292 4.5751 -2.7915 0.4354 4.7197 -2.2141 0.3541 4.6610 -2.0701 0.3432 4.7597 -1.9424 0.3322 4.7728 -1.9411 0.3363 4.7911 -1.8777 0.3313 4.7911 -1.8777 0.3271 4.7728 -2.9527 0.4235 5.0250 -2.9653 0.3990 5.0353 -2.2060 0.3538 5.0056 -2.9527 0.4235 5.0250 -2.9638 0.4315 5.0023 -2.9583 0.4241 4.9602 -2.9638 0.4315 5.0023 -2.8307 0.4386 4.9152 -2.8300 0.4178 4.8877 -2.8682 0.4068 4.9137 -2.9583 0.4241 4.9602 -2.9527 0.4235 5.0250 -2.8300 0.4178 4.8877 -1.8777 0.3015 4.9108 -1.8777 0.3313 4.7911 -1.8777 0.3313 4.8247 -1.8777 0.2973 4.8224 -1.8777 0.2974 4.7909 -1.8777 0.3271 4.7728 -1.8777 0.3016 4.7728 -1.8777 0.3144 4.7668 -1.8777 0.3143 4.9161 -1.8777 0.3015 4.9108 -1.8777 0.3270 4.9209 -1.8777 0.3313 4.8768 -2.1128 0.2747 4.9354 </float_array><technique_common><accessor source="#g-p-a" count="7755" stride="3"><param name="X" type="float"/><param name="Y" type="float"/><param name="Z" type="float"/></accessor></technique_common></source>
<source id="g-n"><float_array id="g-n-a" count="23265">0 0 -1.000 0 0 -1.000 0 0 -1.000 0 0 -1.000 0.001 0.303 0.953 0.001 0.303 0.953 0.001 0.147 0.989 0.001 0.147 0.989 0 0 1.000 0 0 1.000 0 0 -1.000 0 0 -1.000 -1.000 0.004 0 -1.000 0.004 0 -0.998 0.066 0 -0.997 0.073 0 0.998 0.058 0 1.000 -0.004 0 1.000 -0.004 0 0.998 0.066 0 -0.004 -1.000 0 -0.004 -1.000 0 -0.004 -1.000 0 -0.004 -1.000 0 0.004 1.000 0 0.004 1.000 0 0.004 1.000 0 0.004 1.000 0 -0.990 0.142 0 -0.990 0.142 0 0.991 0.135 0 0.991 0.135 0 0.377 -0.123 -0.918 0.378 -0.122 -0.918 0.378 -0.122 -0.918 0.377 -0.123 -0.918 -0.308 -0.951 0 -0.306 -0.952 0 -0.305 -0.952 0 -0.308 -0.951 0 0 0 -1.000 0.193 -0.063 -0.979 0.192 -0.063 -0.979 0 0 -1.000 -0.092 0.030 0.995 -0.093 0.030 0.995 0 0 1.000 0 0 1.000 0.305 0.952 0 0.306 0.952 0 0.308 0.951 0 0.308 0.951 0 -0.602 0.193 0.775 -0.603 0.193 0.774 -0.291 0.094 0.952 -0.290 0.094 0.952 -0.303 -0.953 0 -0.303 -0.953 0 -0.303 -0.953 0 -0.303 -0.953 0 0.303 0.953 0 0.303 0.953 0 0.303 0.953 0 0.303 0.953 0 -0.450 0.881 -0.145 -0.450 0.881 -0.145 -0.450 0.881 -0.145 -0.450 0.881 -0.145 -0.434 0.140 -0.890 -0.434 0.140 -0.890 -0.434 0.140 -0.890 -0.434 0.140 -0.890 -0.936 0.300 0.187 -0.936 0.300 0.187 -0.877 -0.457 -0.146 -0.877 -0.457 -0.146 -0.877 -0.457 -0.146 -0.877 -0.457 -0.146 -0.932 0.299 -0.205 -0.936 0.300 0.187 -0.936 0.300 0.187 -0.932 0.299 -0.205 0.397 0.001 -0.918 0.397 0.001 -0.918 0.397 0.001 -0.918 0.397 0.001 -0.918 -0.001 -1.000 0 0.003 -1.000 0 0.004 -1.000 0 -0.001 -1.000 0 0.203 0 -0.979 0.202 0 -0.979 0 0 -1.000 0 0 -1.000 0 0 1.000 -0.097 0 0.995 -0.097 0 0.995 0 0 1.000 -0.004 1.000 0 -0.003 1.000 0 0.001 1.000 0 0.001 1.000 0 -0.632 -0.003 0.775 -0.633 -0.003 0.774 -0.306 -0.001 0.952 -0.305 -0.001 0.952 0.008 -1.000 0 0.008 -1.000 0 0.008 -1.000 0 0.008 -1.000 0 -0.008 1.000 0 -0.008 1.000 0 -0.008 1.000 0 -0.008 1.000 0 -0.701 0.698 -0.145 -0.701 0.698 -0.145 -0.701 0.698 -0.145 -0.701 0.698 -0.145 -0.456 -0.002 -0.890 -0.456 -0.002 -0.890 -0.456 -0.002 -0.890 -0.456 -0.002 -0.890 -0.982 -0.006 0.187 -0.982 -0.006 0.187 -0.692 -0.707 -0.146 -0.692 -0.707 -0.146 -0.692 -0.707 -0.146 -0.692 -0.707 -0.146 -0.979 -0.005 -0.205 -0.979 -0.005 -0.205 -0.982 -0.006 0.187 -0.982 -0.006 0.187 0.366 0.154 -0.918 0.365 0.155 -0.918 0.365 0.155 -0.918 0.366 0.154 -0.918 0.390 -0.921 0 0.391 -0.920 0 0.387 -0.922 0 0.387 -0.922 0 0.187 0.079 -0.979 0.186 0.078 -0.979 0 0 -1.000 0 0 -1.000 0 0 1.000 -0.089 -0.038 0.995 -0.090 -0.038 0.995 0 0 1.000 -0.387 0.922 0 -0.391 0.920 0 -0.390 0.921 0 -0.387 0.922 0 -0.582 -0.248 0.775 -0.582 -0.248 0.774 -0.282 -0.119 0.952 -0.281 -0.119 0.952 0.394 -0.919 0 0.394 -0.919 0 0.394 -0.919 0 0.394 -0.919 0 -0.394 0.919 0 -0.394 0.919 0 -0.394 0.919 0 -0.394 0.919 0 -0.917 0.372 -0.145 -0.917 0.372 -0.145 -0.917 0.372 -0.145 -0.917 0.372 -0.145 -0.420 -0.178 -0.890 -0.420 -0.178 -0.890 -0.420 -0.178 -0.890 -0.420 -0.178 -0.890 -0.903 -0.386 0.187 -0.904 -0.386 0.187 -0.364 -0.920 -0.146 -0.364 -0.920 -0.146 -0.364 -0.920 -0.146 -0.364 -0.920 -0.146 -0.900 -0.384 -0.205 -0.904 -0.386 0.187 -0.903 -0.386 0.187 -0.900 -0.384 -0.205 0.293 0.231 -0.928 0.293 0.231 -0.928 0.291 0.254 -0.922 0.291 0.261 -0.920 0.756 -0.655 0 0.720 -0.694 0 0.901 -0.433 0 0.901 -0.433 0 0 0 -1.000 0.156 0.153 -0.976 0.143 0.140 -0.980 0 0 -1.000 -0.069 -0.068 0.995 -0.075 -0.073 0.995 0 0 1.000 0 0 1.000 -0.894 0.448 0 -0.715 0.699 0 -0.750 0.662 0 -0.894 0.448 0 -0.235 -0.198 0.952 -0.305 -0.241 0.921 -0.305 -0.241 0.921 -0.212 -0.183 0.960 0.492 -0.871 -0.009 0.492 -0.871 -0.009 0.506 -0.862 -0.005 0.509 -0.861 -0.004 -0.524 0.852 0 -0.524 0.852 0 -0.524 0.852 0 -0.524 0.852 0 -0.961 0.235 -0.145 -0.961 0.235 -0.145 -0.961 0.235 -0.145 -0.961 0.235 -0.145 -0.389 -0.237 -0.890 -0.389 -0.237 -0.890 -0.389 -0.237 -0.890 -0.389 -0.237 -0.890 -0.838 -0.513 0.187 -0.838 -0.513 0.187 -0.759 -0.465 0.456 -0.759 -0.465 0.456 -0.226 -0.963 -0.146 -0.226 -0.963 -0.146 -0.226 -0.963 -0.146 -0.226 -0.963 -0.146 -0.835 -0.511 -0.205 -0.838 -0.513 0.187 -0.838 -0.513 0.187 -0.835 -0.511 -0.205 -0.377 -0.123 -0.918 -0.377 -0.123 -0.918 -0.378 -0.122 -0.918 -0.378 -0.122 -0.918 0.308 -0.951 0 0.308 -0.951 0 0.305 -0.952 0 0.306 -0.952 0 0 0 -1.000 0 0 -1.000 -0.192 -0.063 -0.979 -0.193 -0.063 -0.979 0 0 1.000 0.093 0.030 0.995 0.092 0.030 0.995 0 0 1.000 -0.308 0.951 0 -0.306 0.952 0 -0.305 0.952 0 -0.308 0.951 0 0.291 0.094 0.952 0.603 0.193 0.774 0.602 0.193 0.775 0.290 0.094 0.952 0.303 -0.953 0 0.303 -0.953 0 0.303 -0.953 0 0.303 -0.953 0 -0.303 0.953 0 -0.303 0.953 0 -0.303 0.953 0 -0.303 0.953 0 0.450 0.881 -0.145 0.450 0.881 -0.145 0.450 0.881 -0.145 0.450 0.881 -0.145 0.434 0.140 -0.890 0.434 0.140 -0.890 0.434 0.140 -0.890 0.434 0.140 -0.890 0.936 0.300 0.187 0.936 0.300 0.187 0.877 -0.457 -0.146 0.877 -0.457 -0.146 0.877 -0.457 -0.146 0.877 -0.457 -0.146 0.936 0.300 0.187 0.936 0.300 0.187 0.932 0.299 -0.205 0.932 0.299 -0.205 -0.397 0.001 -0.918 -0.397 0.001 -0.918 -0.397 0.001 -0.918 -0.397 0.001 -0.918 0.001 -1.000 0 0.001 -1.000 0 -0.004 -1.000 0 -0.003 -1.000 0 0 0 -1.000 -0.202 0 -0.979 -0.203 0 -0.979 0 0 -1.000 0 0 1.000 0 0 1.000 0.097 0 0.995 0.097 0 0.995 -0.001 1.000 0 0.003 1.000 0 0.004 1.000 0 -0.001 1.000 0 0.306 -0.001 0.952 0.633 -0.003 0.774 0.632 -0.003 0.775 0.305 -0.001 0.952 -0.008 -1.000 0 -0.008 -1.000 0 -0.008 -1.000 0 -0.008 -1.000 0 0.008 1.000 0 0.008 1.000 0 0.008 1.000 0 0.008 1.000 0 0.701 0.698 -0.145 0.701 0.698 -0.145 0.701 0.698 -0.145 0.701 0.698 -0.145 0.456 -0.002 -0.890 0.456 -0.002 -0.890 0.456 -0.002 -0.890 0.456 -0.002 -0.890 0.982 -0.006 0.187 0.982 -0.006 0.187 0.692 -0.707 -0.146 0.692 -0.707 -0.146 0.692 -0.707 -0.146 0.692 -0.707 -0.146 0.979 -0.005 -0.205 0.982 -0.006 0.187 0.982 -0.006 0.187 0.979 -0.005 -0.205 -0.366 0.154 -0.918 -0.366 0.154 -0.918 -0.365 0.155 -0.918 -0.365 0.155 -0.918 -0.387 -0.922 0 -0.391 -0.920 0 -0.390 -0.921 0 -0.387 -0.922 0 0 0 -1.000 -0.186 0.078 -0.979 -0.187 0.079 -0.979 0 0 -1.000 0 0 1.000 0 0 1.000 0.090 -0.038 0.995 0.089 -0.038 0.995 0.387 0.922 0 0.387 0.922 0 0.390 0.921 0 0.391 0.920 0 0.282 -0.119 0.952 0.582 -0.248 0.774 0.582 -0.248 0.775 0.281 -0.119 0.952 -0.394 -0.919 0 -0.394 -0.919 0 -0.394 -0.919 0 -0.394 -0.919 0 0.394 0.919 0 0.394 0.919 0 0.394 0.919 0 0.394 0.919 0 0.917 0.372 -0.145 0.917 0.372 -0.145 0.917 0.372 -0.145 0.917 0.372 -0.145 0.420 -0.178 -0.890 0.420 -0.178 -0.890 0.420 -0.178 -0.890 0.420 -0.178 -0.890 0.904 -0.386 0.187 0.903 -0.386 0.187 0.364 -0.920 -0.146 0.364 -0.920 -0.146 0.364 -0.920 -0.146 0.364 -0.920 -0.146 0.903 -0.386 0.187 0.904 -0.386 0.187 0.900 -0.384 -0.205 0.900 -0.384 -0.205 -0.291 0.254 -0.922 -0.293 0.231 -0.928 -0.293 0.231 -0.928 -0.291 0.261 -0.920 -0.901 -0.433 0 -0.720 -0.694 0 -0.756 -0.655 0 -0.901 -0.433 0 0 0 -1.000 0 0 -1.000 -0.143 0.140 -0.980 -0.156 0.153 -0.976 0 0 1.000 0.075 -0.073 0.995 0.069 -0.068 0.995 0 0 1.000 0.894 0.448 0 0.894 0.448 0 0.750 0.662 0 0.715 0.699 0 0.235 -0.198 0.952 0.212 -0.183 0.960 0.305 -0.241 0.921 0.305 -0.241 0.921 -0.506 -0.862 -0.005 -0.492 -0.871 -0.009 -0.492 -0.871 -0.009 -0.509 -0.861 -0.004 0.524 0.852 0 0.524 0.852 0 0.524 0.852 0 0.524 0.852 0 0.961 0.235 -0.145 0.961 0.235 -0.145 0.961 0.235 -0.145 0.961 0.235 -0.145 0.389 -0.237 -0.890 0.389 -0.237 -0.890 0.389 -0.237 -0.890 0.389 -0.237 -0.890 0.759 -0.465 0.456 0.838 -0.513 0.187 0.838 -0.513 0.187 0.759 -0.465 0.456 0.226 -0.963 -0.146 0.226 -0.963 -0.146 0.226 -0.963 -0.146 0.226 -0.963 -0.146 0.838 -0.513 0.187 0.838 -0.513 0.187 0.835 -0.511 -0.205 0.835 -0.511 -0.205 0.970 -0.147 -0.192 0.808 -0.155 -0.569 0.808 0.155 -0.569 0.970 0.147 -0.192 0.990 -0.144 0 0.970 -0.147 0.192 0.883 -0.435 0.175 0.904 -0.427 0 0.735 -0.678 0 0.714 -0.685 -0.146 0.883 -0.435 -0.175 0.808 -0.155 0.569 0.970 0.147 0.192 0.808 0.155 0.569 0.990 0.144 0 0.723 -0.462 0.513 0.723 0.462 0.513 0.808 0.155 0.569 0.970 0.147 0.192 0.883 0.435 0.175 0.990 0.144 0 0.970 0.147 -0.192 0.883 0.435 -0.175 0.904 0.427 0 0.808 0.155 -0.569 0.723 0.462 -0.513 0.232 0.147 -0.962 0.423 0.150 -0.894 0.423 -0.150 -0.894 0.232 -0.147 -0.962 0.573 -0.717 0.398 0.714 -0.685 0.146 0.735 0.678 0 0.714 0.685 0.146 0.573 -0.717 -0.398 0.723 -0.462 -0.513 0.472 -0.882 0 0.460 -0.877 -0.135 0.422 -0.864 -0.275 0.460 -0.877 0.135 0.422 -0.864 0.275 0.573 0.717 -0.398 0.714 0.685 -0.146 0.423 0.150 0.894 0.232 0.147 0.962 0.232 -0.147 0.962 0.423 -0.150 0.894 0.573 0.717 0.398 0.472 0.882 0 0.460 0.877 0.135 0.422 0.864 0.275 0.460 0.877 -0.135 0.422 0.864 -0.275 0.303 0.953 0 0.302 0.941 -0.154 0.249 0.464 0.850 0.394 0.459 0.796 0.345 0.733 0.586 0.274 0.743 0.610 0.309 0.887 -0.342 0.345 0.733 -0.586 -0.632 -0.137 -0.763 -0.632 0.137 -0.763 -0.515 0.143 -0.845 -0.515 -0.143 -0.845 0.232 0.147 0.962 0.423 0.150 0.894 0.394 -0.459 0.796 0.345 -0.733 0.586 0.302 0.941 0.154 0.309 0.887 0.342 0.301 0.954 0 0.298 0.941 0.161 0.291 0.889 0.355 0.298 0.941 -0.161 0.291 0.889 -0.355 0.394 0.459 -0.796 0.274 0.743 -0.610 0.232 0.147 -0.962 0.249 0.464 -0.850 0.423 0.150 -0.894 0.309 -0.887 0.342 0.249 -0.464 0.850 0.274 -0.743 0.610 0.291 -0.889 0.355 0.309 -0.887 -0.342 0.291 -0.889 -0.355 0.274 -0.743 -0.610 0.345 -0.733 -0.586 0.303 -0.953 0 0.302 -0.941 0.154 0.302 -0.941 -0.154 0.301 -0.954 0 0.298 -0.941 -0.161 0.298 -0.941 0.161 0.249 -0.464 -0.850 0.394 -0.459 -0.796 -0.394 0.141 -0.908 -0.394 -0.141 -0.908 -0.543 -0.432 -0.720 -0.429 -0.439 -0.789 -0.543 -0.432 0.720 -0.656 -0.409 0.635 -0.680 -0.609 0.407 -0.573 -0.657 0.490 -0.765 -0.094 -0.637 -0.765 0.094 -0.637 -0.765 0.093 -0.637 -0.765 -0.093 -0.637 -0.515 0.143 0.845 -0.543 0.432 0.720 -0.656 0.409 0.635 -0.632 0.137 0.763 -0.656 0.409 -0.635 -0.543 0.432 -0.720 -0.694 -0.714 -0.096 -0.595 -0.794 -0.122 -0.596 -0.803 0 -0.694 -0.720 0 -0.496 -0.856 -0.144 -0.497 -0.868 0 -0.692 -0.690 -0.213 -0.590 -0.760 -0.272 -0.490 -0.810 -0.321 -0.595 -0.794 0.122 -0.694 -0.714 0.096 -0.590 -0.760 0.272 -0.692 -0.690 0.213 -0.496 -0.856 0.144 -0.490 -0.810 0.321 -0.429 -0.439 0.789 -0.471 -0.686 0.555 -0.429 0.439 -0.789 -0.680 0.609 -0.407 -0.573 0.657 -0.490 -0.515 -0.143 0.845 -0.632 -0.137 0.763 -0.471 0.686 -0.555 -0.573 -0.657 -0.490 -0.680 -0.609 -0.407 -0.656 -0.409 -0.635 -0.692 0.690 -0.213 -0.590 0.760 -0.272 -0.490 0.810 -0.321 -0.471 -0.686 -0.555 -0.573 0.657 0.490 -0.680 0.609 0.407 -0.694 0.714 0.096 -0.595 0.794 0.122 -0.596 0.803 0 -0.694 0.720 0 -0.496 0.856 0.144 -0.497 0.868 0 -0.692 0.690 0.213 -0.590 0.760 0.272 -0.490 0.810 0.321 -0.595 0.794 -0.122 -0.694 0.714 -0.096 -0.496 0.856 -0.144 -0.429 0.439 0.789 -0.471 0.686 0.555 -0.632 -0.137 0.763 -0.515 -0.143 0.845 -0.394 0.141 0.908 -0.394 -0.141 0.908 -0.394 -0.141 0.908 -1.000 0 0 -1.000 0 0 -1.000 0 0 -1.000 0 0 -1.000 0 0 -1.000 0 0 -1.000 0 0 -1.000 0 0 -1.000 0 0 -1.000 0 0 -1.000 0 0 -1.000 0 0 -1.000 0 0 -1.000 0 0 -1.000 0 0 -1.000 0 0 -1.000 0 0 -1.000 0 0 -1.000 0 0 -1.000 0 0 -1.000 0 0 -1.000 0 0 -0.765 0.093 0.637 -0.765 0.094 0.637 -0.765 -0.094 0.637 -0.765 -0.093 0.637 -0.764 0.301 0.570 -0.765 0.298 0.571 -0.765 0.093 -0.637 -0.765 0.094 -0.637 -0.764 0.301 -0.570 -0.765 0.298 -0.571 -0.764 -0.487 -0.422 -0.764 -0.301 -0.570 -0.765 -0.298 -0.571 -0.764 -0.492 -0.417 -0.764 0.487 -0.422 -0.764 0.492 -0.417 -0.765 -0.595 -0.247 -0.765 -0.595 -0.247 -0.765 -0.298 0.571 -0.764 -0.301 0.570 -0.764 -0.487 0.422 -0.764 -0.492 0.417 -0.765 0.595 -0.247 -0.765 0.595 -0.247 -0.764 0.487 0.422 -0.764 0.492 0.417 -0.765 -0.595 0.247 -0.765 -0.595 0.247 -0.765 0.595 0.247 -0.765 0.595 0.247 -0.765 0.635 0.111 -0.765 0.635 0.112 -0.765 0.644 0 -0.765 0.644 0 -0.765 0.635 -0.112 -0.765 0.635 -0.111 -0.765 -0.635 -0.111 -0.765 -0.635 -0.112 -0.765 -0.644 0 -0.765 -0.644 0 -0.765 -0.635 0.112 -0.765 -0.635 0.111 -0.970 -0.147 -0.192 -0.970 0.147 -0.192 -0.808 0.155 -0.569 -0.808 -0.155 -0.569 -0.883 -0.435 0.175 -0.970 -0.147 0.192 -0.990 -0.144 0 -0.904 -0.427 0 -0.714 -0.685 -0.146 -0.735 -0.678 0 -0.883 -0.435 -0.175 -0.808 -0.155 0.569 -0.808 0.155 0.569 -0.970 0.147 0.192 -0.990 0.144 0 -0.723 -0.462 0.513 -0.970 0.147 0.192 -0.808 0.155 0.569 -0.723 0.462 0.513 -0.883 0.435 0.175 -0.883 0.435 -0.175 -0.970 0.147 -0.192 -0.990 0.144 0 -0.904 0.427 0 -0.723 0.462 -0.513 -0.808 0.155 -0.569 -0.232 0.147 -0.962 -0.232 -0.147 -0.962 -0.423 -0.150 -0.894 -0.423 0.150 -0.894 -0.714 -0.685 0.146 -0.573 -0.717 0.398 -0.714 0.685 0.146 -0.735 0.678 0 -0.573 -0.717 -0.398 -0.723 -0.462 -0.513 -0.460 -0.877 -0.135 -0.472 -0.882 0 -0.422 -0.864 -0.275 -0.460 -0.877 0.135 -0.422 -0.864 0.275 -0.714 0.685 -0.146 -0.573 0.717 -0.398 -0.423 0.150 0.894 -0.423 -0.150 0.894 -0.232 -0.147 0.962 -0.232 0.147 0.962 -0.573 0.717 0.398 -0.460 0.877 0.135 -0.472 0.882 0 -0.422 0.864 0.275 -0.460 0.877 -0.135 -0.422 0.864 -0.275 -0.303 0.953 0 -0.302 0.941 -0.154 -0.249 0.464 0.850 -0.274 0.743 0.610 -0.345 0.733 0.586 -0.394 0.459 0.796 -0.309 0.887 -0.342 -0.345 0.733 -0.586 0.515 0.143 -0.845 0.632 0.137 -0.763 0.632 -0.137 -0.763 0.515 -0.143 -0.845 -0.423 0.150 0.894 -0.232 0.147 0.962 -0.345 -0.733 0.586 -0.394 -0.459 0.796 -0.302 0.941 0.154 -0.309 0.887 0.342 -0.298 0.941 0.161 -0.301 0.954 0 -0.291 0.889 0.355 -0.298 0.941 -0.161 -0.291 0.889 -0.355 -0.394 0.459 -0.796 -0.274 0.743 -0.610 -0.249 0.464 -0.850 -0.232 0.147 -0.962 -0.423 0.150 -0.894 -0.309 -0.887 0.342 -0.249 -0.464 0.850 -0.274 -0.743 0.610 -0.291 -0.889 0.355 -0.274 -0.743 -0.610 -0.291 -0.889 -0.355 -0.309 -0.887 -0.342 -0.345 -0.733 -0.586 -0.303 -0.953 0 -0.302 -0.941 0.154 -0.302 -0.941 -0.154 -0.298 -0.941 -0.161 -0.301 -0.954 0 -0.298 -0.941 0.161 -0.249 -0.464 -0.850 -0.394 -0.459 -0.796 0.394 0.141 -0.908 0.394 -0.141 -0.908 0.543 -0.432 -0.720 0.429 -0.439 -0.789 0.543 -0.432 0.720 0.573 -0.657 0.490 0.680 -0.609 0.407 0.656 -0.409 0.635 0.765 0.093 -0.637 0.765 0.094 -0.637 0.765 -0.094 -0.637 0.765 -0.093 -0.637 0.656 0.409 0.635 0.543 0.432 0.720 0.515 0.143 0.845 0.632 0.137 0.763 0.656 0.409 -0.635 0.543 0.432 -0.720 0.596 -0.803 0 0.595 -0.794 -0.122 0.694 -0.714 -0.096 0.694 -0.720 0 0.497 -0.868 0 0.496 -0.856 -0.144 0.590 -0.760 -0.272 0.692 -0.690 -0.213 0.490 -0.810 -0.321 0.694 -0.714 0.096 0.595 -0.794 0.122 0.692 -0.690 0.213 0.590 -0.760 0.272 0.496 -0.856 0.144 0.490 -0.810 0.321 0.429 -0.439 0.789 0.471 -0.686 0.555 0.429 0.439 -0.789 0.573 0.657 -0.490 0.680 0.609 -0.407 0.515 -0.143 0.845 0.632 -0.137 0.763 0.471 0.686 -0.555 0.680 -0.609 -0.407 0.573 -0.657 -0.490 0.656 -0.409 -0.635 0.590 0.760 -0.272 0.692 0.690 -0.213 0.490 0.810 -0.321 0.471 -0.686 -0.555 0.680 0.609 0.407 0.573 0.657 0.490 0.596 0.803 0 0.595 0.794 0.122 0.694 0.714 0.096 0.694 0.720 0 0.497 0.868 0 0.496 0.856 0.144 0.590 0.760 0.272 0.692 0.690 0.213 0.490 0.810 0.321 0.694 0.714 -0.096 0.595 0.794 -0.122 0.496 0.856 -0.144 0.471 0.686 0.555 0.429 0.439 0.789 0.632 -0.137 0.763 0.515 -0.143 0.845 0.394 0.141 0.908 0.394 -0.141 0.908 0.394 -0.141 0.908 1.000 0 0 1.000 0 0 1.000 0 0 1.000 0 0 1.000 0 0 1.000 0 0 1.000 0 0 1.000 0 0 1.000 0 0 1.000 0 0 1.000 0 0 1.000 0 0 1.000 0 0 1.000 0 0 1.000 0 0 1.000 0 0 1.000 0 0 1.000 0 0 1.000 0 0 1.000 0 0 1.000 0 0 1.000 0 0 0.765 0.093 0.637 0.765 -0.093 0.637 0.765 -0.094 0.637 0.765 0.094 0.637 0.764 0.301 0.570 0.765 0.298 0.571 0.765 0.093 -0.637 0.765 0.298 -0.571 0.764 0.301 -0.570 0.765 0.094 -0.637 0.765 -0.298 -0.571 0.764 -0.301 -0.570 0.764 -0.487 -0.422 0.764 -0.492 -0.417 0.764 0.492 -0.417 0.764 0.487 -0.422 0.765 -0.595 -0.247 0.765 -0.595 -0.247 0.765 -0.298 0.571 0.764 -0.492 0.417 0.764 -0.487 0.422 0.764 -0.301 0.570 0.765 0.595 -0.247 0.765 0.595 -0.247 0.764 0.487 0.422 0.764 0.492 0.417 0.765 -0.595 0.247 0.765 -0.595 0.247 0.765 0.595 0.247 0.765 0.595 0.247 0.765 0.635 0.111 0.765 0.635 0.112 0.765 0.644 0 0.765 0.644 0 0.765 0.635 -0.112 0.765 0.635 -0.111 0.765 -0.635 -0.111 0.765 -0.635 -0.112 0.765 -0.644 0 0.765 -0.644 0 0.765 -0.635 0.112 0.765 -0.635 0.111 0 -0.221 0.975 0 0.039 0.999 0 0.039 0.999 0 -0.221 0.975 0 0.966 0.260 0 0.966 0.260 0 0.985 0.172 0 0.985 0.172 1.000 0 0 1.000 0 0 1.000 0 0 1.000 0 0 1.000 0 0 1.000 0 0 1.000 0 0 1.000 0 0 1.000 0 0 1.000 0 0 0 -0.577 0.817 0 -0.577 0.817 0 -0.908 0.418 0 -0.908 0.418 0 -1.000 -0.001 0 -1.000 -0.001 0 0.817 0.577 0 0.817 0.577 0 0.418 0.908 0 0.418 0.908 0 -0.985 -0.172 0 -0.985 -0.172 0 -0.221 0.975 0 0.039 0.999 0 0.985 0.172 0 0.966 0.260 -1.000 0 0 -1.000 0 0 -1.000 0 0 -1.000 0 0 -1.000 0 0 -1.000 0 0 -1.000 0 0 -1.000 0 0 -1.000 0 0 -1.000 0 0 0 -0.577 0.817 0 -0.908 0.418 0 -1.000 -0.001 0 0.817 0.577 0 0.418 0.908 0 -0.985 -0.172 -0.646 -0.339 -0.684 -0.662 -0.285 -0.694 -0.886 -0.306 -0.348 -0.872 -0.356 -0.336 0.885 -0.308 -0.348 0.660 -0.287 -0.694 0.645 -0.341 -0.684 0.871 -0.359 -0.336 -0.334 -0.915 -0.228 -0.369 -0.925 -0.094 -0.369 -0.925 -0.094 -0.332 -0.914 -0.232 -0.962 -0.272 -0.028 -0.945 -0.326 -0.033 -0.901 -0.250 -0.353 0.031 -0.997 -0.068 0.045 -0.995 -0.086 0.045 -0.995 -0.085 0.031 -0.997 -0.068 -0.001 -0.231 -0.973 -0.001 -0.280 -0.960 0.297 -0.300 -0.906 0.314 -0.250 -0.916 -0.034 -0.997 -0.068 -0.017 -0.998 -0.055 -0.018 -0.998 -0.055 -0.034 -0.997 -0.068 0.885 -0.372 0.279 0.660 -0.421 0.621 0.674 -0.367 0.641 0.901 -0.319 0.295 -0.034 -0.990 -0.134 -0.048 -0.992 -0.117 -0.048 -0.992 -0.117 -0.034 -0.990 -0.134 0.909 -0.281 0.307 0.683 -0.327 0.653 0.683 -0.327 0.653 0.909 -0.281 0.307 -0.335 -0.338 0.880 -0.684 -0.325 0.654 -0.684 -0.325 0.654 -0.334 -0.338 0.880 0.245 -0.958 0.150 0.331 -0.943 0.039 0.329 -0.943 0.043 0.245 -0.958 0.150 -0.135 -0.962 0.236 -0.001 -0.963 0.271 -0.001 -0.963 0.271 -0.139 -0.962 0.234 -0.886 -0.370 0.279 -0.901 -0.316 0.296 -0.675 -0.365 0.641 -0.662 -0.419 0.622 -0.248 -0.907 -0.340 -0.248 -0.907 -0.340 -0.646 -0.470 0.601 -0.315 -0.428 0.847 -0.299 -0.476 0.827 -0.872 -0.417 0.257 0.961 -0.275 -0.028 0.944 -0.329 -0.033 -0.248 -0.957 0.150 -0.248 -0.957 0.150 0.645 -0.472 0.601 0.871 -0.419 0.257 0.137 -0.963 0.234 0.133 -0.963 0.236 0 -0.176 -0.984 0.326 -0.194 -0.925 0.015 -0.989 -0.147 0.031 -0.990 -0.134 0.031 -0.990 -0.134 0.014 -0.989 -0.148 -0.327 -0.375 0.867 0 -0.371 0.928 0 -0.423 0.906 0 -0.335 0.942 0 -0.335 0.942 -0.053 -0.993 -0.101 -0.053 -0.993 -0.101 0.889 -0.356 0.288 0.670 -0.383 0.635 0.670 -0.383 0.635 0.886 -0.357 0.296 -0.002 -0.988 -0.152 -0.002 -0.988 -0.152 0.334 -0.154 -0.930 0.683 -0.189 -0.706 0.683 -0.189 -0.706 0.333 -0.154 -0.930 0.322 -0.233 -0.918 0.330 -0.232 -0.915 -0.001 -0.235 -0.972 -0.001 -0.235 -0.972 0.322 -0.413 0.852 -0.001 -0.426 0.905 -0.001 -0.426 0.905 0.330 -0.412 0.849 -0.671 -0.245 -0.699 -0.887 -0.287 -0.362 -0.890 -0.288 -0.354 -0.671 -0.245 -0.699 0.674 -0.230 -0.702 -0.910 -0.211 -0.358 -0.684 -0.187 -0.706 -0.684 -0.187 -0.706 -0.910 -0.211 -0.357 0.333 -0.339 0.880 0.334 -0.339 0.880 0 -0.335 0.942 0 -0.335 0.942 -0.315 -0.249 -0.916 -0.327 -0.193 -0.925 -0.675 -0.228 -0.702 0.245 -0.908 -0.340 0.133 -0.895 -0.426 0.137 -0.896 -0.423 0.245 -0.908 -0.340 -0.002 -0.988 -0.152 -0.002 -0.988 -0.152 -0.017 -0.989 -0.148 -0.018 -0.989 -0.147 0 -0.138 -0.990 0 -0.138 -0.990 -0.002 -0.999 -0.050 -0.002 -0.999 -0.050 -0.323 -0.412 0.852 -0.671 -0.381 0.636 -0.671 -0.381 0.636 -0.331 -0.411 0.849 -0.944 -0.329 -0.034 -0.944 -0.329 -0.034 0.943 -0.332 -0.034 0.943 -0.332 -0.034 -0.972 -0.235 -0.024 -0.972 -0.235 -0.024 0.050 -0.994 -0.101 0.050 -0.994 -0.101 0.014 -0.998 -0.055 0.015 -0.998 -0.055 0.670 -0.247 -0.700 0.670 -0.247 -0.700 0.971 -0.238 -0.024 0.971 -0.238 -0.024 -0.334 -0.153 -0.930 -0.335 -0.153 -0.930 -0.323 -0.232 -0.918 -0.001 -0.235 -0.972 -0.001 -0.235 -0.972 -0.331 -0.231 -0.915 0.314 -0.429 0.847 0.297 -0.477 0.827 -0.299 -0.299 -0.906 0.326 -0.376 0.867 0.901 -0.253 -0.354 0.045 -0.992 -0.117 0.045 -0.992 -0.117 0 -0.176 -0.984 -0.001 -0.231 -0.973 -0.001 -0.468 0.884 -0.139 -0.895 -0.423 -0.135 -0.895 -0.426 -0.887 -0.354 0.296 -0.890 -0.354 0.288 -0.001 -0.280 -0.960 0.329 -0.915 -0.232 0.331 -0.916 -0.228 -0.001 -0.888 -0.460 -0.001 -0.888 -0.460 -0.002 -0.995 -0.101 -0.002 -0.995 -0.101 -0.002 -0.995 -0.101 -0.002 -0.995 -0.101 -0.002 -0.995 -0.101 -0.002 -0.995 -0.101 -0.002 -0.995 -0.101 -0.002 -0.995 -0.101 -0.002 -0.995 -0.101 -0.002 -0.995 -0.101 -0.002 -0.995 -0.101 -0.002 -0.995 -0.101 -0.002 -0.995 -0.101 -0.002 -0.995 -0.101 -0.002 -0.995 -0.101 -0.002 -0.995 -0.101 -0.048 -0.995 -0.086 -0.048 -0.995 -0.085 -0.910 -0.279 0.308 -0.910 -0.278 0.307 0.889 -0.291 -0.354 0.886 -0.290 -0.362 -0.001 -0.888 -0.460 -0.001 -0.888 -0.460 0.909 -0.213 -0.358 0.909 -0.213 -0.357 0.926 -0.375 -0.038 -0.332 -0.942 0.043 -0.334 -0.942 0.039 0.366 -0.926 -0.094 0.366 -0.926 -0.094 -0.927 -0.372 -0.038 0 0.270 -0.963 0 0.270 -0.963 0 0.270 -0.963 0 0.270 -0.963 0 0.270 -0.963 0 0.270 -0.963 0 0.270 -0.963 0 -1.000 0.004 0 -0.958 0.286 0 -0.958 0.286 0.014 -1.000 0.011 0.022 -0.146 0.989 0 -0.146 0.989 0 -0.146 0.989 0.029 -0.146 0.989 0.054 -0.387 0.921 0.083 -0.387 0.918 0 -0.386 0.922 0 -0.386 0.922 0.193 -0.217 0.957 0.213 -0.240 0.947 0.190 -0.315 0.930 0.165 -0.343 0.925 0.095 -0.163 0.982 0.125 -0.176 0.976 1.000 0 0 1.000 0 0 1.000 0 0 1.000 0 0 1.000 0 0 1.000 0 0 -1.000 0 0 -1.000 0 0 -1.000 0 0 -1.000 0 0 -1.000 0 0 -1.000 0 0 0 0.931 -0.365 0 0.931 -0.365 0 0.931 -0.365 0 0.931 -0.365 0 0.931 -0.365 0 0.931 -0.365 0 -0.938 0.346 0 -0.938 0.346 0 -0.945 0.327 0 -0.945 0.327 0 -0.931 0.365 0 -0.931 0.365 0 -0.365 -0.931 0 -0.365 -0.931 0 -0.365 -0.931 0 -0.365 -0.931 0 0.389 0.921 0 0.389 0.921 0 0.389 0.921 0 0.389 0.921 0 0.949 0.314 0 0.949 0.314 0.195 0.931 0.308 0.194 0.931 0.308 0.924 0.364 0.120 0.981 0.185 0.061 0.980 0.191 0.063 0.924 0.364 0.120 0.382 0.877 0.290 0.382 0.877 0.290 0 -0.906 -0.423 0 -0.906 -0.423 0.139 -0.897 -0.419 0.139 -0.897 -0.419 -0.325 0.836 -0.443 -0.584 0.703 -0.407 -0.584 0.703 -0.407 -0.204 0.871 -0.446 0.996 -0.088 -0.027 1.000 -0.024 -0.007 0.698 -0.714 0.056 0.787 -0.615 -0.061 0.878 -0.479 0.013 0.704 -0.710 -0.007 0.908 -0.384 -0.170 0.818 -0.521 -0.243 0 0.900 -0.436 0 0.900 -0.436 0.027 -0.960 -0.279 0 -0.960 -0.279 0 0.949 0.314 0.196 0.931 0.308 0.924 0.364 0.120 0.982 0.180 0.060 0.382 0.877 0.290 0.707 -0.686 -0.171 0.707 -0.686 -0.171 1.000 0 0 1.000 0 0 0.980 0.191 0.063 0.982 0.180 0.060 1.000 0 0 0 0.509 0.861 0 0.628 0.778 0.140 0.599 0.788 0.150 0.459 0.876 0.707 -0.686 -0.171 0.707 -0.686 -0.171 0.707 -0.686 -0.171 0.707 -0.686 -0.171 0.196 0.931 0.308 0.382 0.877 0.290 0.382 0.877 0.290 0.194 0.931 0.308 0.924 0.364 0.120 0.924 0.364 0.120 0 0.949 0.314 0 0.949 0.314 0.818 0.010 0.574 0.945 0.089 0.316 0.968 -0.068 0.243 0.726 -0.460 0.511 0.540 0.379 0.752 0.461 0.227 0.858 0 -0.770 0.638 0.248 -0.725 0.643 0.274 -0.821 0.500 0 -0.880 0.475 0.577 -0.454 0.679 0.652 -0.070 0.755 0 -0.271 0.963 0 -0.271 0.963 0 -0.271 0.963 0 -0.271 0.963 0 -0.271 0.963 0 -0.271 0.963 0 -0.271 0.963 0.881 0.270 0.388 0 -0.956 0.295 0 -0.956 0.295 0 0.734 0.679 0.192 0.727 0.659 0.349 0.700 0.623 0.651 -0.732 0.200 0.651 -0.732 0.200 0.077 -0.957 -0.278 0 -0.960 -0.279 0 -0.960 -0.279 0.077 -0.957 -0.278 0 0.270 -0.963 0 0.270 -0.963 0 0.270 -0.963 0 0.270 -0.963 0 0.270 -0.963 0 -0.958 0.286 -0.014 -1.000 0.011 -0.022 -0.146 0.989 -0.029 -0.146 0.989 -0.083 -0.387 0.918 -0.054 -0.387 0.921 -0.190 -0.315 0.930 -0.213 -0.240 0.947 -0.193 -0.217 0.957 -0.165 -0.343 0.925 -0.095 -0.163 0.982 -0.125 -0.176 0.976 -1.000 0 0 -1.000 0 0 -1.000 0 0 -1.000 0 0 -1.000 0 0 -1.000 0 0 1.000 0 0 1.000 0 0 1.000 0 0 1.000 0 0 1.000 0 0 1.000 0 0 0 0.931 -0.365 0 0.931 -0.365 0 0.931 -0.365 0 0.931 -0.365 0 0.931 -0.365 0 0.931 -0.365 0 -0.938 0.346 0 -0.945 0.327 0 -0.945 0.327 0 -0.938 0.346 0 -0.931 0.365 0 -0.931 0.365 0 -0.365 -0.931 0 -0.365 -0.931 0 -0.365 -0.931 0 -0.365 -0.931 0 0.389 0.921 0 0.389 0.921 0 0.389 0.921 0 0.389 0.921 -0.194 0.931 0.308 -0.195 0.931 0.308 -0.980 0.191 0.063 -0.981 0.185 0.061 -0.924 0.364 0.120 -0.924 0.364 0.120 -0.382 0.877 0.290 -0.382 0.877 0.290 -0.139 -0.897 -0.419 -0.139 -0.897 -0.419 0.325 0.836 -0.443 0.204 0.871 -0.446 0.584 0.703 -0.407 0.584 0.703 -0.407 -0.996 -0.088 -0.027 -1.000 -0.024 -0.007 -0.878 -0.479 0.013 -0.787 -0.615 -0.061 -0.698 -0.714 0.056 -0.704 -0.710 -0.007 -0.908 -0.384 -0.170 -0.818 -0.521 -0.243 -0.027 -0.960 -0.279 -0.196 0.931 0.308 -0.982 0.180 0.060 -0.924 0.364 0.120 -0.382 0.877 0.290 -0.707 -0.686 -0.171 -0.707 -0.686 -0.171 -1.000 0 0 -1.000 0 0 -1.000 0 0 -0.982 0.180 0.060 -0.980 0.191 0.063 -0.140 0.599 0.788 -0.150 0.459 0.876 -0.707 -0.686 -0.171 -0.707 -0.686 -0.171 -0.707 -0.686 -0.171 -0.707 -0.686 -0.171 -0.382 0.877 0.290 -0.382 0.877 0.290 -0.196 0.931 0.308 -0.194 0.931 0.308 -0.924 0.364 0.120 -0.924 0.364 0.120 -0.968 -0.068 0.243 -0.945 0.089 0.316 -0.818 0.010 0.574 -0.726 -0.460 0.511 -0.540 0.379 0.752 -0.461 0.227 0.858 -0.274 -0.821 0.500 -0.248 -0.725 0.643 -0.577 -0.454 0.679 -0.652 -0.070 0.755 0 -0.271 0.963 0 -0.271 0.963 0 -0.271 0.963 0 -0.271 0.963 0 -0.271 0.963 -0.881 0.270 0.388 0 -0.956 0.295 -0.192 0.727 0.659 -0.349 0.700 0.623 -0.651 -0.732 0.200 -0.651 -0.732 0.200 -0.077 -0.957 -0.278 -0.077 -0.957 -0.278 -0.689 -0.720 0.087 -0.834 -0.552 0.021 -0.713 -0.646 -0.272 -0.588 -0.794 -0.157 -0.455 -0.710 -0.538 -0.386 -0.848 -0.364 0.147 -0.719 -0.679 0.453 -0.711 -0.537 0.384 -0.849 -0.363 0.131 -0.868 -0.478 -0.410 -0.912 -0.003 -0.492 -0.855 0.164 0.313 -0.838 0.447 0.388 -0.863 0.323 0.386 -0.863 0.326 0.309 -0.837 0.452 -0.274 -0.951 -0.140 -0.486 -0.802 0.347 -0.678 -0.654 0.334 0.390 -0.893 0.224 0.391 -0.893 0.225 -0.190 -0.981 -0.034 -0.185 -0.982 -0.038 -0.323 -0.941 0.100 -0.323 -0.941 0.100 0.908 -0.419 -0.020 0.894 -0.352 0.276 0.936 -0.253 0.246 0.944 -0.322 -0.067 0.827 -0.077 0.558 0.968 -0.143 0.208 0.790 -0.194 0.581 0.747 -0.299 0.594 0.518 -0.012 0.855 0.489 -0.131 0.862 0.970 -0.213 -0.119 -0.149 -0.719 -0.679 -0.133 -0.868 -0.478 0.712 -0.648 -0.271 0.586 -0.795 -0.156 -0.136 -0.332 0.933 -0.423 -0.379 0.823 -0.360 -0.553 0.751 -0.122 -0.519 0.846 0.272 -0.952 -0.139 0.097 -0.968 -0.231 -0.311 -0.836 0.452 -0.315 -0.837 0.447 -0.177 -0.799 0.575 -0.178 -0.799 0.574 0.408 -0.913 -0.002 0.052 -0.992 -0.114 -0.054 -0.992 -0.114 -0.056 -0.992 -0.113 0.054 -0.992 -0.113 -0.099 -0.968 -0.231 -0.052 -0.769 0.637 -0.051 -0.769 0.637 0.121 -0.520 0.846 0.135 -0.332 0.933 -0.682 -0.437 0.586 -0.563 -0.602 0.567 0.820 -0.488 0.300 0.680 -0.440 0.586 0.561 -0.603 0.567 0.676 -0.657 0.334 -0.259 -0.728 0.635 -0.092 -0.698 0.710 0.188 -0.982 -0.034 0.321 -0.942 0.101 0.321 -0.942 0.100 0.183 -0.982 -0.038 -0.395 -0.764 0.511 0.176 -0.799 0.575 0.176 -0.800 0.574 0.091 -0.698 0.710 0.832 -0.555 0.022 0.686 -0.722 0.088 0.422 -0.381 0.823 0.358 -0.554 0.751 0.393 -0.765 0.511 0.484 -0.804 0.347 -0.393 -0.892 0.224 -0.393 -0.892 0.225 0.257 -0.729 0.635 0.489 -0.857 0.164 -0.390 -0.863 0.322 -0.389 -0.862 0.326 -0.157 -0.589 -0.792 0.157 -0.590 -0.792 0.162 -0.491 -0.856 -0.163 -0.490 -0.856 0.522 -0.361 -0.773 0.166 -0.379 -0.911 0.514 -0.477 -0.713 0.459 -0.237 0.856 0.498 -0.580 -0.644 0.830 -0.298 -0.471 0.814 -0.412 -0.408 -0.166 -0.378 -0.911 -0.910 -0.415 -0.021 -0.946 -0.318 -0.068 -0.937 -0.249 0.245 -0.896 -0.349 0.275 -0.816 -0.409 -0.410 -0.831 -0.294 -0.472 -0.971 -0.209 -0.120 0.786 -0.513 -0.344 -0.788 -0.510 -0.346 -0.514 -0.475 -0.714 -0.523 -0.358 -0.774 -0.969 -0.138 0.207 -0.144 -0.190 0.971 -0.154 -0.087 0.984 0.154 -0.087 0.984 0.143 -0.190 0.971 -0.490 -0.129 0.862 -0.519 -0.010 0.855 -0.164 0.027 0.986 -0.499 -0.578 -0.645 -0.460 -0.235 0.856 -0.792 -0.191 0.580 -0.828 -0.073 0.557 0.163 0.027 0.986 -0.748 -0.296 0.594 0.049 -0.769 0.637 0.050 -0.769 0.637 -0.001 -0.954 0.299 -0.001 -0.954 0.299 -0.001 -0.954 0.299 -0.001 -0.954 0.299 -0.001 -0.954 0.299 -0.001 -0.954 0.299 -0.001 -0.954 0.299 -0.001 -0.954 0.299 -0.001 -0.954 0.299 -0.001 -0.954 0.299 -0.001 -0.954 0.299 -0.001 -0.954 0.299 -0.001 -0.954 0.299 -0.001 -0.954 0.299 -0.001 -0.954 0.299 -0.001 -0.954 0.299 -0.822 -0.485 0.299 -0.417 -0.369 0.830 -0.685 -0.429 0.589 0.724 -0.637 -0.264 0.840 -0.542 0.032 -0.842 -0.539 0.031 -0.827 -0.476 0.299 0.457 -0.704 -0.544 -0.458 -0.702 -0.545 -0.144 -0.710 -0.689 0.825 -0.479 0.300 -0.726 -0.634 -0.265 0.416 -0.371 0.830 0.129 -0.322 0.938 0.144 -0.711 -0.689 0.684 -0.431 0.589 -0.130 -0.321 0.938 0 0.970 -0.243 0 0.970 -0.243 0 0.970 -0.243 0 0.970 -0.243 0 -0.950 0.313 0 -0.950 0.313 0 -0.950 0.313 0 -0.950 0.313 1.000 0 0 1.000 0 0 1.000 0 0 1.000 0 0 1.000 0 0 1.000 0 0 1.000 0 0 1.000 0 0 -0.076 0.383 0.920 -0.076 0.383 0.920 0 0.384 0.923 -0.076 0.383 0.920 0 0.384 0.923 0 0.996 -0.090 0 0.996 -0.090 0 0.996 -0.090 0 0.996 -0.090 0 0.009 -1.000 0 0.009 -1.000 0 0.009 -1.000 0 0.009 -1.000 0 0.009 -1.000 0.705 -0.706 0.063 0.705 -0.706 0.063 0.705 -0.706 0.063 0.705 -0.706 0.063 0 -0.996 0.089 0 -0.996 0.089 0 -0.996 0.089 0 -0.996 0.089 0.009 0.375 -0.927 -0.110 0.025 -0.994 -0.091 0.022 -0.996 -0.021 0.035 -0.999 -0.008 0.052 -0.999 0.010 0.384 -0.923 0.009 0.375 -0.927 0.010 0.384 -0.923 0.026 0.658 -0.753 0.041 0.659 -0.751 0.110 0.644 -0.757 0.097 0.648 -0.756 0.138 0.915 0.379 0.352 0.863 0.361 0.328 0.941 0.088 0.130 0.987 0.091 0.086 0.993 0.081 0.090 0.921 0.380 0.085 0.761 0.644 0.129 0.762 0.634 0.330 0.722 0.608 0.091 -0.082 0.992 0.102 -0.086 0.991 0.037 -0.067 0.997 0.005 -0.392 0.920 0.023 -0.067 0.998 0.007 -0.381 0.925 -0.010 -0.669 0.743 -0.025 -0.683 0.730 -0.101 -0.691 0.716 -0.121 -0.688 0.716 -0.228 -0.898 -0.375 -0.237 -0.967 -0.091 -0.057 -0.994 -0.090 -0.057 -0.922 -0.382 -0.027 -0.996 -0.080 -0.028 -0.924 -0.382 -0.027 -0.762 -0.647 -0.055 -0.766 -0.640 -0.229 -0.747 -0.625 0.252 -0.249 0.935 0.258 -0.258 0.931 -0.233 -0.637 0.734 -0.231 -0.639 0.734 -0.277 -0.620 0.734 0.089 -0.610 0.787 0.366 -0.520 0.772 -0.380 -0.854 -0.356 -0.369 -0.926 -0.082 -0.360 -0.711 -0.605 -0.960 0.054 -0.275 -0.950 0.242 -0.197 -0.998 0.035 0.043 -0.989 -0.150 -0.006 -0.949 -0.200 0.242 -0.936 -0.293 0.197 0.710 0.704 -0.019 0.753 0.600 0.270 0.721 0.463 0.516 0.952 -0.017 0.305 0.988 0.138 0.072 0.939 0.279 -0.201 -0.316 0.234 -0.919 -0.327 0.249 -0.912 0.181 0.615 -0.768 0.181 0.615 -0.768 0.203 0.617 -0.760 -0.088 0.622 -0.778 -0.088 0.622 -0.778 -0.449 0.572 -0.686 0.153 -0.507 0.848 0.253 -0.618 0.745 -0.072 -0.549 0.832 -0.144 -0.399 0.906 -0.408 -0.383 0.829 -0.457 -0.202 0.866 -0.411 0.019 0.911 -0.434 -0.038 0.900 -0.020 -0.565 0.825 0.017 -0.545 0.838 0.097 0.391 -0.915 -0.226 0.519 -0.824 -0.312 0.599 -0.737 0 0.551 -0.835 0 0.551 -0.835 0.296 0.472 -0.830 0.378 0.250 -0.892 0.097 0.391 -0.915 0.347 0.039 -0.937 0.326 -0.001 -0.945 -0.104 0.553 -0.827 -0.087 0.564 -0.821 -0.902 0.267 0.340 -0.930 0.113 0.350 -0.941 0.329 0.081 -0.902 0.430 0.051 -0.867 0.467 -0.173 -0.821 0.523 -0.227 -0.549 0.817 -0.179 -0.624 0.774 0.107 -0.868 0.374 0.326 0.908 -0.413 -0.069 0.899 -0.297 -0.321 0.939 -0.124 -0.320 0.960 -0.263 -0.097 0.893 -0.420 0.164 0.832 -0.518 0.200 0.768 -0.609 0.200 0.849 -0.524 -0.073 0.857 -0.404 -0.319 0.080 0.609 -0.789 0.116 0.605 -0.788 0.128 -0.133 -0.983 0.089 -0.137 -0.987 -0.120 -0.049 -0.991 0.030 0.244 -0.969 0.030 0.244 -0.969 0.200 0.566 -0.800 -0.356 0.848 0.393 -0.356 0.848 0.393 -0.321 0.939 0.125 -0.273 0.957 -0.100 0.536 0.813 0.228 0.532 0.847 0.014 0.582 0.813 -0.014 0.623 0.749 0.225 0.612 0.614 0.498 0.510 0.725 0.462 0.032 -0.978 -0.206 0.064 -0.900 -0.432 0.324 -0.862 -0.390 0.272 -0.948 -0.164 0.209 -0.976 0.058 -0.034 -0.998 0.044 -0.385 -0.922 0.044 -0.382 -0.891 -0.245 -0.337 -0.809 -0.481 -0.157 -0.586 0.795 -0.175 -0.572 0.801 -0.198 0.156 0.968 -0.091 0.174 0.981 0.206 0.053 0.977 0.005 -0.288 0.958 -0.166 -0.546 0.821 0.724 0.650 0.232 0.711 0.472 0.522 0.664 0.745 -0.068 0.679 0.729 -0.084 0.679 0.729 -0.084 0.727 0.444 0.523 0.727 0.444 0.523 -0.555 -0.644 -0.526 -0.585 -0.769 -0.256 -0.551 -0.833 0.056 -0.595 -0.801 0.055 -0.641 -0.742 -0.196 -0.628 -0.562 -0.539 -0.105 -0.574 0.812 0.104 -0.390 0.915 0.316 -0.142 0.938 0.328 -0.213 0.921 0.111 -0.432 0.895 -0.098 -0.597 0.796 -0.001 0.319 -0.948 0.209 0.548 -0.810 -0.001 0.319 -0.948 -0.198 0.079 -0.977 -0.212 0.116 -0.970 -0.007 0.341 -0.940 -0.007 0.341 -0.940 0.216 0.549 -0.808 0.986 -0.152 -0.075 0.953 0.005 -0.303 0.927 -0.339 0.158 -0.945 0.002 0.328 -0.964 0.243 0.106 -0.893 0.430 -0.131 -0.079 0.663 -0.744 -0.396 0.672 -0.626 0.217 0.613 -0.760 -0.079 0.663 -0.744 0.340 -0.666 0.664 0.028 -0.671 0.741 -0.320 -0.569 0.758 -0.028 0.235 -0.972 -0.130 -0.118 -0.984 -0.103 -0.125 -0.987 -0.021 -0.120 -0.993 -0.006 -0.105 -0.994 -0.024 0.216 -0.976 -0.028 0.235 -0.972 -0.024 0.216 -0.976 -0.041 0.539 -0.842 -0.019 0.547 -0.837 0.083 0.529 -0.845 0.063 0.535 -0.843 0.068 0.970 0.233 0.344 0.913 0.220 0.314 0.948 -0.060 0.052 0.997 -0.060 -0.013 0.997 -0.072 -0.003 0.971 0.239 0.007 0.857 0.516 0.069 0.859 0.507 0.324 0.810 0.489 0.108 0.064 0.992 0.121 0.058 0.991 0.048 0.087 0.995 0.048 -0.250 0.967 0.026 0.090 0.996 0.050 -0.257 0.965 0.068 -0.551 0.832 0.053 -0.573 0.818 -0.054 -0.588 0.807 -0.086 -0.581 0.809 -0.175 -0.956 -0.235 -0.183 -0.982 0.056 0.071 -0.996 0.056 0.065 -0.970 -0.234 0.106 -0.992 0.071 0.099 -0.970 -0.224 0.082 -0.854 -0.514 0.045 -0.862 -0.505 -0.204 -0.841 -0.501 0.098 -0.326 0.940 0.289 -0.152 0.945 -0.188 -0.574 0.797 -0.172 -0.679 0.714 0.148 -0.603 0.784 0.401 -0.508 0.762 -0.397 -0.891 -0.222 -0.378 -0.923 0.066 -0.382 -0.786 -0.485 -0.959 -0.002 -0.285 -0.757 0.436 -0.487 -0.999 -0.033 0.035 -0.971 -0.236 0.028 -0.924 -0.293 0.247 -0.904 -0.364 0.222 0.696 0.708 -0.123 0.747 0.640 0.181 0.717 0.543 0.436 0.947 0.067 0.315 0.981 0.180 0.068 0.914 0.336 -0.225 -0.344 0.126 -0.930 -0.055 0.407 -0.912 -0.055 0.407 -0.912 0.147 0.533 -0.833 0.126 0.622 -0.773 -0.153 0.631 -0.760 -0.153 0.631 -0.760 -0.156 -0.554 0.818 0.144 -0.573 0.807 0.265 -0.667 0.697 -0.024 -0.676 0.736 -0.334 -0.610 0.719 -0.483 -0.461 0.745 -0.491 -0.154 0.857 -0.474 -0.113 0.873 0.069 -0.512 0.856 0.065 -0.506 0.860 -0.267 0.545 -0.795 -0.342 0.634 -0.694 -0.051 0.631 -0.774 0.088 0.491 -0.867 -0.051 0.631 -0.774 0.229 0.600 -0.766 0.390 0.392 -0.833 0.088 0.491 -0.867 0.349 0.083 -0.933 0.379 0.137 -0.915 -0.146 0.523 -0.840 -0.170 0.521 -0.836 -0.980 -0.072 0.183 -0.954 -0.126 0.273 -0.960 -0.143 0.240 -0.985 0.140 -0.100 -0.896 0.363 -0.256 -0.902 0.320 -0.288 -0.886 0.308 -0.347 -0.729 0.627 -0.276 -0.859 0.509 -0.049 -0.989 0.054 0.136 0.964 -0.265 -0.001 0.961 -0.133 -0.244 0.965 0.028 -0.260 0.988 -0.153 -0.035 0.904 -0.367 0.219 0.882 -0.393 0.260 0.679 -0.704 0.207 0.748 -0.658 -0.092 0.940 -0.243 -0.238 -0.020 0.513 -0.858 -0.003 0.510 -0.860 0.126 -0.121 -0.985 0.098 -0.132 -0.986 -0.186 -0.093 -0.978 -0.067 0.141 -0.988 -0.067 0.141 -0.988 0.105 0.475 -0.874 -0.638 0.767 0.068 -0.661 0.664 0.349 -0.661 0.664 0.349 -0.566 0.801 -0.195 0.265 0.952 0.152 0.222 0.967 -0.123 0.453 0.877 -0.159 0.563 0.817 0.125 0.601 0.665 0.443 0.290 0.841 0.456 0.205 -0.878 -0.432 0.496 -0.771 -0.399 0.173 -0.971 -0.165 0.139 -0.981 0.135 -0.393 -0.905 0.164 -0.411 -0.899 -0.153 -0.385 -0.818 -0.428 0.009 -0.460 0.888 0.010 -0.460 0.888 -0.111 0.171 0.979 -0.103 0.173 0.980 0.313 0.089 0.946 0.119 -0.237 0.964 -0.028 -0.457 0.889 0.855 0.505 0.118 0.839 0.358 0.410 0.763 0.618 -0.187 0.841 0.510 -0.180 0.898 0.385 0.213 0.862 0.286 0.419 -0.728 -0.541 -0.421 -0.750 -0.648 -0.132 -0.710 -0.683 0.175 -0.786 -0.596 0.163 -0.841 -0.536 -0.073 -0.820 -0.372 -0.436 -0.068 -0.462 0.884 0.161 -0.306 0.938 0.424 -0.101 0.900 0.405 -0.155 0.901 0.186 -0.298 0.936 -0.122 -0.453 0.883 -0.117 0.248 -0.962 0.170 0.442 -0.881 -0.335 0.051 -0.941 -0.117 0.248 -0.962 -0.353 0.119 -0.928 -0.042 0.313 -0.949 -0.042 0.313 -0.949 0.197 0.431 -0.880 0.995 -0.094 -0.039 0.955 0.102 -0.278 0.928 -0.313 0.203 -0.947 -0.114 0.299 -0.947 -0.112 0.300 -0.893 0.413 -0.181 -0.690 0.593 -0.415 -0.139 0.719 -0.681 0.120 0.696 -0.708 -0.139 0.719 -0.681 0.359 -0.699 0.618 0.094 -0.735 0.671 -0.207 -0.702 0.681 0 0.970 -0.243 0 0.970 -0.243 0 -0.950 0.313 0 -0.950 0.313 -1.000 0 0 -1.000 0 0 -1.000 0 0 -1.000 0 0 -1.000 0 0 -1.000 0 0 -1.000 0 0 -1.000 0 0 0.076 0.383 0.920 0.076 0.383 0.920 0.076 0.383 0.920 0 0.996 -0.090 0 0.996 -0.090 0 0.009 -1.000 0 0.009 -1.000 0 0.009 -1.000 -0.705 -0.706 0.063 -0.705 -0.706 0.063 -0.705 -0.706 0.063 -0.705 -0.706 0.063 0 -0.996 0.089 0 -0.996 0.089 -0.009 0.375 -0.927 0.021 0.035 -0.999 0.091 0.022 -0.996 0.110 0.025 -0.994 -0.010 0.384 -0.923 0.008 0.052 -0.999 -0.009 0.375 -0.927 -0.041 0.659 -0.751 -0.026 0.658 -0.753 -0.010 0.384 -0.923 -0.097 0.648 -0.756 -0.110 0.644 -0.757 -0.138 0.915 0.379 -0.130 0.987 0.091 -0.328 0.941 0.088 -0.352 0.863 0.361 -0.090 0.921 0.380 -0.086 0.993 0.081 -0.129 0.762 0.634 -0.085 0.761 0.644 -0.330 0.722 0.608 -0.037 -0.067 0.997 -0.102 -0.086 0.991 -0.091 -0.082 0.992 -0.005 -0.392 0.920 -0.007 -0.381 0.925 -0.023 -0.067 0.998 0.025 -0.683 0.730 0.010 -0.669 0.743 0.121 -0.688 0.716 0.101 -0.691 0.716 0.057 -0.994 -0.090 0.237 -0.967 -0.091 0.228 -0.898 -0.375 0.057 -0.922 -0.382 0.028 -0.924 -0.382 0.027 -0.996 -0.080 0.055 -0.766 -0.640 0.027 -0.762 -0.647 0.229 -0.747 -0.625 -0.252 -0.249 0.935 -0.258 -0.258 0.931 0.233 -0.637 0.734 0.231 -0.639 0.734 -0.089 -0.610 0.787 0.277 -0.620 0.734 -0.366 -0.520 0.772 0.380 -0.854 -0.356 0.369 -0.926 -0.082 0.360 -0.711 -0.605 0.998 0.035 0.043 0.950 0.242 -0.197 0.960 0.054 -0.275 0.989 -0.150 -0.006 0.936 -0.293 0.197 0.949 -0.200 0.242 -0.710 0.704 -0.019 -0.753 0.600 0.270 -0.721 0.463 0.516 -0.988 0.138 0.072 -0.952 -0.017 0.305 -0.939 0.279 -0.201 0.316 0.234 -0.919 0.327 0.249 -0.912 -0.181 0.615 -0.768 -0.181 0.615 -0.768 0.088 0.622 -0.778 -0.203 0.617 -0.760 0.449 0.572 -0.686 0.088 0.622 -0.778 0.072 -0.549 0.832 -0.253 -0.618 0.745 -0.153 -0.507 0.848 0.144 -0.399 0.906 0.457 -0.202 0.866 0.408 -0.383 0.829 0.434 -0.038 0.900 0.411 0.019 0.911 -0.017 -0.545 0.838 0.020 -0.565 0.825 -0.097 0.391 -0.915 0 0.551 -0.835 0.312 0.599 -0.737 0.226 0.519 -0.824 -0.378 0.250 -0.892 -0.296 0.472 -0.830 0 0.551 -0.835 -0.097 0.391 -0.915 -0.326 -0.001 -0.945 -0.347 0.039 -0.937 0.087 0.564 -0.821 0.104 0.553 -0.827 0.941 0.329 0.081 0.930 0.113 0.350 0.902 0.267 0.340 0.902 0.430 0.051 0.821 0.523 -0.227 0.867 0.467 -0.173 0.624 0.774 0.107 0.549 0.817 -0.179 0.868 0.374 0.326 -0.908 -0.413 -0.069 -0.960 -0.263 -0.097 -0.939 -0.124 -0.320 -0.899 -0.297 -0.321 -0.832 -0.518 0.200 -0.893 -0.420 0.164 -0.849 -0.524 -0.073 -0.768 -0.609 0.200 -0.857 -0.404 -0.319 -0.080 0.609 -0.789 -0.116 0.605 -0.788 -0.128 -0.133 -0.983 -0.089 -0.137 -0.987 -0.030 0.244 -0.969 0.120 -0.049 -0.991 -0.200 0.566 -0.800 -0.030 0.244 -0.969 0.356 0.848 0.393 0.356 0.848 0.393 0.321 0.939 0.125 0.273 0.957 -0.100 -0.536 0.813 0.228 -0.623 0.749 0.225 -0.582 0.813 -0.014 -0.532 0.847 0.014 -0.510 0.725 0.462 -0.612 0.614 0.498 -0.032 -0.978 -0.206 -0.272 -0.948 -0.164 -0.324 -0.862 -0.390 -0.064 -0.900 -0.432 0.034 -0.998 0.044 -0.209 -0.976 0.058 0.382 -0.891 -0.245 0.385 -0.922 0.044 0.337 -0.809 -0.481 0.157 -0.586 0.795 0.175 -0.572 0.801 0.198 0.156 0.968 0.091 0.174 0.981 -0.005 -0.288 0.958 -0.206 0.053 0.977 0.166 -0.546 0.821 -0.724 0.650 0.232 -0.711 0.472 0.522 -0.664 0.745 -0.068 -0.679 0.729 -0.084 -0.679 0.729 -0.084 -0.727 0.444 0.523 -0.727 0.444 0.523 0.555 -0.644 -0.526 0.585 -0.769 -0.256 0.551 -0.833 0.056 0.641 -0.742 -0.196 0.595 -0.801 0.055 0.628 -0.562 -0.539 0.105 -0.574 0.812 -0.104 -0.390 0.915 -0.316 -0.142 0.938 -0.111 -0.432 0.895 -0.328 -0.213 0.921 0.098 -0.597 0.796 0.001 0.319 -0.948 -0.209 0.548 -0.810 0.001 0.319 -0.948 0.198 0.079 -0.977 0.007 0.341 -0.940 0.212 0.116 -0.970 -0.216 0.549 -0.808 0.007 0.341 -0.940 -0.986 -0.152 -0.075 -0.953 0.005 -0.303 -0.927 -0.339 0.158 0.945 0.002 0.328 0.964 0.243 0.106 0.893 0.430 -0.131 0.079 0.663 -0.744 0.396 0.672 -0.626 -0.217 0.613 -0.760 0.079 0.663 -0.744 -0.340 -0.666 0.664 -0.028 -0.671 0.741 0.320 -0.569 0.758 0.028 0.235 -0.972 0.021 -0.120 -0.993 0.103 -0.125 -0.987 0.130 -0.118 -0.984 0.024 0.216 -0.976 0.006 -0.105 -0.994 0.028 0.235 -0.972 0.019 0.547 -0.837 0.041 0.539 -0.842 0.024 0.216 -0.976 -0.063 0.535 -0.843 -0.083 0.529 -0.845 -0.068 0.970 0.233 -0.052 0.997 -0.060 -0.314 0.948 -0.060 -0.344 0.913 0.220 0.003 0.971 0.239 0.013 0.997 -0.072 -0.069 0.859 0.507 -0.007 0.857 0.516 -0.324 0.810 0.489 -0.048 0.087 0.995 -0.121 0.058 0.991 -0.108 0.064 0.992 -0.048 -0.250 0.967 -0.050 -0.257 0.965 -0.026 0.090 0.996 -0.053 -0.573 0.818 -0.068 -0.551 0.832 0.086 -0.581 0.809 0.054 -0.588 0.807 -0.071 -0.996 0.056 0.183 -0.982 0.056 0.175 -0.956 -0.235 -0.065 -0.970 -0.234 -0.099 -0.970 -0.224 -0.106 -0.992 0.071 -0.045 -0.862 -0.505 -0.082 -0.854 -0.514 0.204 -0.841 -0.501 -0.098 -0.326 0.940 -0.289 -0.152 0.945 0.188 -0.574 0.797 -0.148 -0.603 0.784 0.172 -0.679 0.714 -0.401 -0.508 0.762 0.397 -0.891 -0.222 0.378 -0.923 0.066 0.382 -0.786 -0.485 0.999 -0.033 0.035 0.757 0.436 -0.487 0.959 -0.002 -0.285 0.971 -0.236 0.028 0.904 -0.364 0.222 0.924 -0.293 0.247 -0.696 0.708 -0.123 -0.747 0.640 0.181 -0.717 0.543 0.436 -0.981 0.180 0.068 -0.947 0.067 0.315 -0.914 0.336 -0.225 0.344 0.126 -0.930 0.055 0.407 -0.912 0.055 0.407 -0.912 -0.147 0.533 -0.833 0.153 0.631 -0.760 -0.126 0.622 -0.773 0.153 0.631 -0.760 0.156 -0.554 0.818 0.024 -0.676 0.736 -0.265 -0.667 0.697 -0.144 -0.573 0.807 0.483 -0.461 0.745 0.334 -0.610 0.719 0.474 -0.113 0.873 0.491 -0.154 0.857 -0.065 -0.506 0.860 -0.069 -0.512 0.856 0.051 0.631 -0.774 0.342 0.634 -0.694 0.267 0.545 -0.795 -0.088 0.491 -0.867 -0.390 0.392 -0.833 -0.229 0.600 -0.766 0.051 0.631 -0.774 -0.088 0.491 -0.867 -0.379 0.137 -0.915 -0.349 0.083 -0.933 0.170 0.521 -0.836 0.146 0.523 -0.840 0.960 -0.143 0.240 0.954 -0.126 0.273 0.980 -0.072 0.183 0.985 0.140 -0.100 0.886 0.308 -0.347 0.902 0.320 -0.288 0.896 0.363 -0.256 0.859 0.509 -0.049 0.728 0.627 -0.276 0.989 0.054 0.136 -0.964 -0.265 -0.001 -0.988 -0.153 -0.035 -0.965 0.028 -0.260 -0.961 -0.133 -0.244 -0.882 -0.393 0.260 -0.904 -0.367 0.219 -0.748 -0.658 -0.092 -0.679 -0.704 0.207 -0.940 -0.243 -0.238 0.020 0.513 -0.858 0.003 0.510 -0.860 -0.126 -0.121 -0.985 -0.098 -0.132 -0.986 0.067 0.141 -0.988 0.186 -0.093 -0.978 -0.105 0.475 -0.874 0.067 0.141 -0.988 0.638 0.767 0.068 0.661 0.664 0.349 0.661 0.664 0.349 0.566 0.801 -0.195 -0.265 0.952 0.152 -0.563 0.817 0.125 -0.453 0.877 -0.159 -0.222 0.967 -0.123 -0.290 0.841 0.456 -0.601 0.665 0.443 -0.496 -0.771 -0.399 -0.205 -0.878 -0.432 -0.173 -0.971 -0.165 -0.139 -0.981 0.135 0.411 -0.899 -0.153 0.393 -0.905 0.164 0.385 -0.818 -0.428 -0.009 -0.460 0.888 -0.010 -0.460 0.888 0.111 0.171 0.979 0.103 0.173 0.980 -0.119 -0.237 0.964 -0.313 0.089 0.946 0.028 -0.457 0.889 -0.855 0.505 0.118 -0.839 0.358 0.410 -0.763 0.618 -0.187 -0.898 0.385 0.213 -0.841 0.510 -0.180 -0.862 0.286 0.419 0.728 -0.541 -0.421 0.750 -0.648 -0.132 0.710 -0.683 0.175 0.841 -0.536 -0.073 0.786 -0.596 0.163 0.820 -0.372 -0.436 0.068 -0.462 0.884 -0.161 -0.306 0.938 -0.424 -0.101 0.900 -0.186 -0.298 0.936 -0.405 -0.155 0.901 0.122 -0.453 0.883 0.117 0.248 -0.962 -0.170 0.442 -0.881 0.335 0.051 -0.941 0.117 0.248 -0.962 0.042 0.313 -0.949 0.353 0.119 -0.928 -0.197 0.431 -0.880 0.042 0.313 -0.949 -0.995 -0.094 -0.039 -0.955 0.102 -0.278 -0.928 -0.313 0.203 0.947 -0.114 0.299 0.947 -0.112 0.300 0.893 0.413 -0.181 0.690 0.593 -0.415 0.139 0.719 -0.681 -0.120 0.696 -0.708 0.139 0.719 -0.681 -0.359 -0.699 0.618 -0.094 -0.735 0.671 0.207 -0.702 0.681 0 1.000 0 0 0.953 -0.302 0 0.953 -0.302 0 0.996 -0.084 0 0.996 -0.084 0 0.992 -0.127 0 0.968 -0.252 0 0.968 -0.252 0 0.953 -0.302 0 0.992 -0.127 0 0 1.000 0 0 1.000 0 0 1.000 0 0 1.000 0 -1.000 0 0 -1.000 0 0 -1.000 0 0 -1.000 0 0.759 -0.652 0 0.759 -0.652 0 0.759 -0.652 0 0.759 -0.652 0 0 -0.211 -0.977 0 -0.272 -0.962 0 0 -1.000 0 0 -1.000 0.041 -0.929 -0.368 0.036 -0.999 0.004 0 -0.997 -0.079 0 -0.930 -0.368 0 0.323 0.946 0 0.323 0.946 0 0.377 0.926 0 0.377 0.926 0 -0.323 -0.946 0 -0.377 -0.926 0 -0.377 -0.926 0 -0.323 -0.946 0 -0.267 -0.964 0 -0.267 -0.964 0.706 -0.228 -0.670 0.707 -0.267 -0.655 0.707 -0.267 -0.655 0.707 -0.230 -0.669 1.000 -0.002 -0.005 1.000 -0.002 -0.005 1.000 -0.002 -0.005 1.000 -0.002 -0.005 0 -0.211 -0.977 0 0 -1.000 0 -1.000 0 0 -1.000 0 0 0 1.000 0 0 1.000 0 -0.413 -0.911 0 -0.413 -0.911 1.000 0 0 1.000 0 0 1.000 0 0 1.000 0 0 1.000 0 0 0 0 1.000 0 0 1.000 0 0.059 0.998 0 0.059 0.998 0 0.059 0.998 0 0.059 0.998 0 -0.973 0.231 0 -0.973 0.231 0 -0.973 0.231 0 -0.973 0.231 1.000 0 0 1.000 0 0 1.000 0 0 1.000 0 0 1.000 0 0 0.975 0.072 0.210 0.986 0.055 0.159 1.000 0 0 0 0.848 -0.530 0 0.848 -0.530 0 0.848 -0.530 0 0.848 -0.530 0 0.848 -0.530 0 0.848 -0.530 0 -0.851 0.526 0 -0.851 0.526 0 -0.851 0.526 0 -0.851 0.526 0 -0.851 0.526 0 -0.851 0.526 0 0.953 -0.302 0 0.953 -0.302 0 0.818 -0.575 0 0.818 -0.575 0 0.953 -0.302 0 0.818 -0.575 0 -0.413 -0.911 0.001 0.926 -0.378 0 0.926 -0.378 0.001 0.926 -0.378 0 0.926 -0.378 0.001 0.926 -0.378 1.000 -0.002 -0.005 1.000 -0.002 -0.005 0.705 -0.190 -0.683 0.705 -0.190 -0.683 0 0.267 0.964 0 0.267 0.964 0.031 -0.975 0.218 0 -0.976 0.218 0.924 0.124 0.362 0.924 0.124 0.362 0.383 0.300 0.874 0.189 0.319 0.929 0.200 0.318 0.927 0.383 0.300 0.874 0 0.325 0.946 0 0.325 0.946 0 1.000 0 0 0.996 -0.084 0 0.953 -0.302 0 0.953 -0.302 0 0.996 -0.084 0 0.968 -0.252 0 0 1.000 0 0 1.000 0 -1.000 0 0 -1.000 0 -0.759 -0.652 0 -0.759 -0.652 0 -0.759 -0.652 0 -0.759 -0.652 0 0 -0.211 -0.977 0 0 -1.000 0 0 -1.000 0 -0.272 -0.962 -0.041 -0.929 -0.368 -0.036 -0.999 0.004 0 0.323 0.946 0 0.377 0.926 0 -0.323 -0.946 0 -0.377 -0.926 0 -0.267 -0.964 -0.706 -0.228 -0.670 -0.707 -0.230 -0.669 -0.707 -0.267 -0.655 -0.707 -0.267 -0.655 -1.000 -0.002 -0.005 -1.000 -0.002 -0.005 -1.000 -0.002 -0.005 -1.000 -0.002 -0.005 0 -1.000 0 0 -1.000 0 0 0 1.000 0 0 1.000 0 -0.413 -0.911 -1.000 0 0 -1.000 0 0 -1.000 0 0 -1.000 0 0 -1.000 0 0 0 0 1.000 0 0 1.000 0 0.059 0.998 0 0.059 0.998 0 -0.973 0.231 0 -0.973 0.231 -1.000 0 0 -1.000 0 0 -1.000 0 0 -1.000 0 0 -0.986 0.055 0.159 -0.975 0.072 0.210 -1.000 0 0 -1.000 0 0 0 0.848 -0.530 0 0.848 -0.530 0 0.848 -0.530 0 0.848 -0.530 0 -0.851 0.526 0 -0.851 0.526 0 -0.851 0.526 0 -0.851 0.526 0 0.953 -0.302 0 0.818 -0.575 0 0.818 -0.575 0 0.953 -0.302 0 -0.413 -0.911 -0.001 0.926 -0.378 -0.001 0.926 -0.378 -0.001 0.926 -0.378 -1.000 -0.002 -0.005 -1.000 -0.002 -0.005 -0.705 -0.190 -0.683 -0.705 -0.190 -0.683 0 0.267 0.964 -0.031 -0.975 0.218 -0.924 0.124 0.362 -0.924 0.124 0.362 -0.200 0.318 0.927 -0.189 0.319 0.929 -0.383 0.300 0.874 -0.383 0.300 0.874 0 0 -1.000 0 0 -1.000 0 0 -1.000 0 0 -1.000 -0.001 0.147 0.989 -0.001 0.303 0.953 -0.001 0.303 0.953 -0.001 0.147 0.989 0 0 1.000 0 0 1.000 0 0 -1.000 0 0 -1.000 1.000 0.004 0 0.997 0.073 0 0.998 0.066 0 1.000 0.004 0 -1.000 -0.004 0 -1.000 -0.004 0 -0.998 0.058 0 -0.998 0.066 0 0.004 -1.000 0 0.004 -1.000 0 0.004 -1.000 0 0.004 -1.000 0 -0.004 1.000 0 -0.004 1.000 0 -0.004 1.000 0 -0.004 1.000 0 0.990 0.142 0 0.990 0.142 0 -0.991 0.135 0 -0.991 0.135 0 0 0 -1.000 0 0 -1.000 0 0 -1.000 0 0 -1.000 0 0 1.000 -0.067 -0.097 0.993 -0.067 -0.097 0.993 0 0 1.000 0 0 -1.000 0 0 -1.000 -0.822 0.569 0 -0.860 0.511 0 -0.857 0.516 0 -0.822 0.569 0 0.822 -0.569 0 0.822 -0.569 0 0.785 -0.620 0 0.781 -0.625 0 0.569 0.822 0 0.569 0.822 0 0.569 0.822 0 0.569 0.822 0 -0.569 -0.822 0 -0.569 -0.822 0 -0.569 -0.822 0 -0.569 -0.822 0 -0.893 0.450 0 -0.893 0.450 0 0.736 -0.677 0 0.736 -0.677 0 -0.140 -0.202 0.969 -0.140 -0.202 0.969 0 0 -1.000 0 0 -1.000 0 0 -1.000 0 0 -1.000 0.058 -0.103 0.993 0.058 -0.103 0.993 0 0 1.000 0 0 1.000 0 0 -1.000 0 0 -1.000 -0.871 -0.491 0 -0.835 -0.550 0 -0.838 -0.545 0 -0.871 -0.491 0 0.871 0.491 0 0.871 0.491 0 0.901 0.434 0 0.903 0.429 0 -0.491 0.871 0 -0.491 0.871 0 -0.491 0.871 0 -0.491 0.871 0 0.491 -0.871 0 0.491 -0.871 0 0.491 -0.871 0 0.491 -0.871 0 -0.795 -0.607 0 -0.795 -0.607 0 0.931 0.365 0 0.931 0.365 0 0.121 -0.214 0.969 0.121 -0.214 0.969 -0.588 0.743 0.320 -0.588 0.743 0.320 -0.951 0.284 0.122 -0.951 0.284 0.122 -0.951 -0.284 -0.122 -0.951 -0.284 -0.122 -0.588 -0.743 -0.320 -0.951 -0.284 -0.122 -0.951 -0.284 -0.122 -0.588 -0.743 -0.320 0 -0.918 -0.396 0 -0.918 -0.396 0.588 -0.743 -0.320 0.588 -0.743 -0.320 0.951 -0.284 -0.122 0.951 -0.284 -0.122 0.951 0.284 0.122 0.951 0.284 0.122 0.588 0.743 0.320 0.588 0.743 0.320 0 -0.396 0.918 0 -0.396 0.918 0 -0.396 0.918 0 -0.396 0.918 0 -0.396 0.918 0 -0.396 0.918 0 -0.396 0.918 0 -0.396 0.918 0 -0.396 0.918 0 -0.396 0.918 0 0.918 0.396 0 0.918 0.396 0 0.396 -0.918 0 0.396 -0.918 0 0.396 -0.918 0 0.396 -0.918 0 0.396 -0.918 0 0.396 -0.918 0 0.396 -0.918 0 0.396 -0.918 0 0.396 -0.918 0 0.396 -0.918 -0.975 0.216 -0.059 -1.000 0 0 -1.000 0 0 -0.975 0.216 -0.059 -0.703 0.686 -0.186 -0.703 0.686 -0.186 -0.995 -0.064 0.080 -0.995 -0.060 0.076 -0.980 -0.124 0.155 -0.980 -0.124 0.155 -0.299 -0.594 0.747 -0.300 -0.594 0.746 -0.572 -0.512 0.641 -0.572 -0.512 0.641 0.219 0.942 -0.256 0.219 0.942 -0.256 -0.219 0.942 -0.256 -0.219 0.942 -0.256 0.975 0.216 -0.059 0.975 0.216 -0.059 1.000 0 0 1.000 0 0 0.703 0.686 -0.186 0.703 0.686 -0.186 0.995 -0.060 0.076 0.995 -0.064 0.080 0.980 -0.124 0.155 0.980 -0.124 0.155 0.572 -0.512 0.641 0.300 -0.594 0.746 0.299 -0.594 0.747 0.572 -0.512 0.641 0.219 0.942 -0.256 0.219 0.942 -0.256 0.978 -0.203 0.054 0.978 -0.203 0.054 1.000 0.003 -0.002 1.000 0.002 -0.001 0.909 -0.403 0.109 0.909 -0.403 0.109 0.997 0.045 -0.057 0.997 0.048 -0.061 0.989 0.093 -0.118 0.989 0.093 -0.118 0.558 0.518 -0.648 0.292 0.596 -0.748 0.292 0.596 -0.748 0.558 0.518 -0.648 -0.204 -0.945 0.257 0.204 -0.945 0.257 0.204 -0.945 0.257 -0.204 -0.945 0.257 0.399 -0.885 0.240 0.399 -0.885 0.240 -0.978 -0.203 0.054 -1.000 0.002 -0.001 -1.000 0.003 -0.002 -0.978 -0.203 0.054 -0.909 -0.403 0.109 -0.909 -0.403 0.109 -0.997 0.048 -0.061 -0.997 0.045 -0.057 -0.989 0.093 -0.118 -0.989 0.093 -0.118 -0.292 0.596 -0.748 -0.292 0.596 -0.748 -0.558 0.518 -0.648 -0.558 0.518 -0.648 -0.399 -0.885 0.240 -0.204 -0.945 0.257 -0.204 -0.945 0.257 -0.399 -0.885 0.240 0 -0.262 -0.965 -0.002 -0.519 -0.855 -0.002 -0.519 -0.855 0 -0.262 -0.965 0.002 0.519 0.855 0.002 0.519 0.855 0 0.262 0.965 0 0.262 0.965 -0.009 -0.744 -0.668 -0.010 -0.744 -0.668 0.009 0.744 0.668 0.009 0.744 0.668 -0.008 -0.767 -0.641 -0.008 -0.768 -0.641 0.008 0.767 0.641 0.008 0.767 0.641 0.001 0.782 0.623 0.001 0.782 0.623 -0.001 -0.782 -0.623 -0.001 -0.782 -0.623 0 -0.262 -0.965 0 -0.262 -0.965 0 0.262 0.965 0 0.262 0.965 0 0.262 0.965 0 0.262 0.965 0 -0.262 -0.965 0 -0.262 -0.965 0.002 -0.519 -0.855 0.002 -0.519 -0.855 0 -0.262 -0.965 0 -0.262 -0.965 0 0.262 0.965 -0.002 0.519 0.855 -0.002 0.519 0.855 0 0.262 0.965 0.009 -0.744 -0.668 0.010 -0.744 -0.668 -0.009 0.744 0.668 -0.009 0.744 0.668 0.008 -0.767 -0.641 0.008 -0.768 -0.641 -0.008 0.767 0.641 -0.008 0.767 0.641 -0.001 0.782 0.623 -0.001 0.782 0.623 0.001 -0.782 -0.623 0.001 -0.782 -0.623 0 -0.262 -0.965 0 -0.262 -0.965 0 0.262 0.965 0 0.262 0.965 0 0.262 0.965 0 0.262 0.965 0 -0.262 -0.965 0 -0.262 -0.965 0 -0.262 -0.965 0 -0.262 -0.965 0 0.262 0.965 0 0.262 0.965 -0.106 0.760 0.642 -0.106 0.760 0.642 -0.106 0.760 0.642 -0.106 0.760 0.642 0 -0.803 0.596 -0.218 -0.789 0.575 0 -0.974 0.226 0 -0.974 0.226 -0.725 0.380 -0.575 -0.725 0.380 -0.575 -0.725 0.380 -0.575 -0.725 0.380 -0.575 0 0.673 -0.740 0 0.729 -0.685 0 0.968 -0.251 0 0.968 -0.251 0 -0.718 0.696 0 -0.718 0.696 0 -0.557 0.831 0 -0.622 0.783 0 0.552 -0.834 0 0.552 -0.834 0 0.983 0.182 0 0.983 0.182 1.000 0 0 1.000 0 0 1.000 0 0 1.000 0 0 -1.000 0 0 -1.000 0 0 -1.000 0 0 -1.000 0 0 0 -0.082 0.997 0 -0.082 0.997 0 0.347 0.938 0 0.347 0.938 0 0.640 0.768 0 0.640 0.768 1.000 0 0 1.000 0 0 -1.000 0 0 -1.000 0 0 0 0.640 0.768 0 0.864 0.503 0 0.864 0.503 0 0.640 0.768 -1.000 0 0 -1.000 0 0 1.000 0 0 1.000 0 0 0 -0.990 -0.140 0 -0.990 -0.140 0 0.459 -0.889 0.217 0.440 -0.871 0 0.056 -0.998 0 0.056 -0.998 -1.000 0 0 -1.000 0 0 -1.000 0 0 -1.000 0 0 1.000 0 0 1.000 0 0 1.000 0 0 1.000 0 0 0 -0.307 -0.952 0 -0.307 -0.952 0 -0.621 -0.784 0 -0.621 -0.784 -1.000 0 0 -1.000 0 0 1.000 0 0 1.000 0 0 0 -0.874 -0.485 0 -0.874 -0.485 -1.000 0 0 -1.000 0 0 1.000 0 0 1.000 0 0 0 -0.874 -0.485 0 -0.874 -0.485 0 -0.990 -0.140 0 -0.990 -0.140 0.975 0.014 -0.224 0.974 0.058 -0.218 0.974 0.058 -0.218 0.975 0.010 -0.224 0 -0.621 -0.784 0 -0.621 -0.784 0 -0.871 -0.492 0 -0.871 -0.492 0 -0.871 -0.492 0 -0.871 -0.492 0 0.056 -0.998 0 0.056 -0.998 0 -0.307 -0.952 0 -0.307 -0.952 -0.975 -0.218 0.052 -0.974 -0.205 0.094 -0.974 -0.205 0.094 -0.975 -0.219 0.048 -0.971 -0.210 -0.114 -0.973 -0.230 -0.030 -0.973 -0.230 -0.036 -0.971 -0.208 -0.120 -0.217 0.440 -0.871 0 0.459 -0.889 -0.971 -0.147 -0.189 -0.971 -0.151 -0.186 -0.973 -0.074 -0.221 -0.973 -0.069 -0.222 0 -0.974 0.226 0 -0.974 0.226 0.971 -0.147 -0.189 0.973 -0.069 -0.222 0.973 -0.074 -0.221 0.971 -0.151 -0.186 0 0.983 0.182 0 0.983 0.182 0 0.864 0.503 0 0.864 0.503 0.932 0.358 0.059 0.930 0.359 0.076 0.941 0.329 -0.078 0.942 0.325 -0.089 0.922 0.242 0.301 0.921 0.255 0.293 0.921 0.331 0.203 0.923 0.337 0.188 0 -0.082 0.997 0 -0.082 0.997 0 0.347 0.938 0 0.347 0.938 -0.932 0.358 0.059 -0.942 0.325 -0.089 -0.941 0.329 -0.078 -0.930 0.359 0.076 0.941 0.294 -0.170 0.941 0.294 -0.170 0 -0.557 0.831 0 -0.622 0.783 -0.922 0.242 0.301 -0.923 0.337 0.188 -0.921 0.331 0.203 -0.921 0.255 0.293 0 0.968 -0.251 0 0.968 -0.251 -0.941 -0.117 0.319 -0.942 -0.032 0.335 -0.941 -0.020 0.337 -0.941 -0.117 0.319 0 0.552 -0.834 0 0.552 -0.834 0 0.673 -0.740 0 0.729 -0.685 0 -0.718 0.696 0 -0.718 0.696 -0.941 0.294 -0.170 -0.941 0.294 -0.170 0.218 -0.789 0.575 0 -0.803 0.596 0 -0.633 -0.774 0 -0.633 -0.774 0 -0.633 -0.774 0 -0.633 -0.774 0 0.983 0.182 0 0.983 0.182 0 0.864 0.503 0 0.864 0.503 0 0.640 0.769 0 0.640 0.769 0 -0.082 0.997 0 -0.082 0.997 0 0.347 0.938 0 0.347 0.938 0 -0.344 0.939 0 -0.344 0.939 0 0.968 -0.251 0 0.968 -0.251 0 0.866 -0.499 0 0.866 -0.499 0.932 0.120 0.343 0.942 -0.032 0.335 0.941 -0.020 0.337 0.930 0.136 0.340 -0.932 0.120 0.343 -0.930 0.136 0.340 0 0.884 0.468 0 0.884 0.468 0 0.884 0.468 0 0.884 0.468 0 0.612 0.791 0 0.612 0.791 0 0.612 0.791 0 0.612 0.791 0.941 -0.117 0.319 0.941 -0.117 0.319 0 -0.990 -0.140 0 -0.990 -0.140 0 -0.873 -0.487 0 -0.873 -0.487 0 -0.619 -0.785 0 -0.619 -0.785 0 0.056 -0.998 0 0.056 -0.998 0 -0.307 -0.952 0 -0.307 -0.952 0 0.256 -0.967 0 0.256 -0.967 0 -0.974 0.226 0 -0.974 0.226 0 -0.909 0.417 0 -0.909 0.417 0.971 -0.210 -0.114 0.971 -0.208 -0.120 0.972 -0.230 -0.036 0.973 -0.230 -0.030 0.975 -0.218 0.052 0.975 -0.219 0.048 0.974 -0.205 0.094 0.974 -0.205 0.094 -0.975 0.014 -0.224 -0.975 0.010 -0.224 -0.974 0.058 -0.218 -0.974 0.058 -0.218 0 -0.698 0.716 0 -0.698 0.716 0 -0.698 0.716 0 0.552 -0.834 0 0.552 -0.834 0 0.552 -0.834 0 0.552 -0.834 0 0.552 -0.834 0 0.552 -0.834 0 0.552 -0.834 0 0.552 -0.834 0 -0.698 0.716 0.987 -0.123 -0.103 1.000 0 0 1.000 0 0 0.986 -0.127 -0.107 -0.117 -0.759 -0.641 -0.117 -0.759 -0.641 -0.117 -0.759 -0.641 -0.117 -0.759 -0.641 -0.106 -0.760 -0.642 -0.106 -0.760 -0.642 -0.106 -0.760 -0.642 -0.106 -0.760 -0.642 0.200 -0.709 0.677 0 -0.718 0.696 -0.201 0.541 -0.817 0 0.552 -0.834 0 0.552 -0.834 0.201 0.541 -0.817 0 -0.718 0.696 -0.200 -0.709 0.677 -0.985 0.134 0.113 -0.983 0.139 0.117 -1.000 0 0 -1.000 0 0 -1.000 0 0 -1.000 0 0 -1.000 0 0 -1.000 0 0 1.000 0 0 1.000 0 0 1.000 0 0 1.000 0 0 -1.000 0 0 -1.000 0 0 -1.000 0 0 -1.000 0 0 1.000 0 0 1.000 0 0 1.000 0 0 1.000 0 0 0.106 0.760 0.642 0.106 0.760 0.642 0.106 0.760 0.642 0.106 0.760 0.642 0.724 -0.509 0.466 0.724 -0.509 0.466 0.724 -0.509 0.466 0.724 -0.509 0.466 0.106 -0.760 -0.642 0.106 -0.760 -0.642 0.106 -0.760 -0.642 0.106 -0.760 -0.642 -0.218 -0.789 0.575 -0.200 -0.709 0.677 -0.616 -0.581 0.532 -0.616 -0.581 0.532 0.218 -0.789 0.575 0.616 -0.581 0.532 0.616 -0.581 0.532 0.200 -0.709 0.677 0.217 0.440 -0.871 0.201 0.541 -0.817 0.617 0.434 -0.657 0.617 0.434 -0.657 -0.724 -0.509 0.466 -0.724 -0.509 0.466 -0.724 -0.509 0.466 -0.724 -0.509 0.466 0.725 0.380 -0.575 0.725 0.380 -0.575 0.725 0.380 -0.575 0.725 0.380 -0.575 -0.117 0.759 0.641 -0.117 0.759 0.641 -0.117 0.759 0.641 -0.117 0.759 0.641 0.117 0.759 0.641 0.117 0.759 0.641 0.117 0.759 0.641 0.117 0.759 0.641 -0.217 0.440 -0.871 -0.617 0.434 -0.657 -0.617 0.434 -0.657 -0.201 0.541 -0.817 0.117 -0.759 -0.641 0.117 -0.759 -0.641 0.117 -0.759 -0.641 0.117 -0.759 -0.641 0 -1.000 0 0 -1.000 0 0 -1.000 0 0 -1.000 0 0 0 1.000 0 0 1.000 0 0 1.000 0 0 1.000 0 1.000 0 0 1.000 0 0 1.000 0 0 1.000 0 0 0.707 -0.707 0 0.707 -0.707 0 0.707 -0.707 0 0.707 -0.707 0 0.707 0.707 0 0.707 0.707 0 0.707 0.707 0 0.707 0.707 0 -0.707 -0.707 0 -0.707 -0.707 0 -0.707 -0.707 0 -0.707 -0.707 0 -0.707 0.707 0 -0.707 0.707 0 -0.707 0.707 0 -0.707 0.707 0 0 -1.000 0 0 -1.000 0 0 -1.000 0 0 -1.000 -1.000 0 0 -1.000 0 0 -0.987 -0.123 -0.103 -0.986 -0.127 -0.107 -0.949 -0.242 -0.204 -0.950 -0.238 -0.201 0.983 0.139 0.117 0.965 0.201 0.169 0.964 0.204 0.172 0.985 0.134 0.113 0 -1.000 0.024 0 -1.000 0.024 0 -1.000 0.024 0 -1.000 0.024 0 0.014 1.000 0 0.014 1.000 0 0.014 1.000 0 0.014 1.000 0 -1.000 0.024 0 -1.000 0.024 0 0.984 -0.180 0 0.984 -0.180 0 0.984 -0.180 0 0.984 -0.180 0 -0.164 -0.986 0 -0.164 -0.986 0 -0.164 -0.986 0 -0.164 -0.986 0 -0.698 0.716 0 -0.698 0.716 0 -0.698 0.716 0 0.552 -0.834 0 0.552 -0.834 0 0.552 -0.834 0 0.552 -0.834 0 -0.698 0.716 1.000 0 0 1.000 0 0 0 0.984 -0.180 0 0.984 -0.180 0 0.984 -0.180 0 0.984 -0.180 0.949 -0.242 -0.204 0.950 -0.238 -0.201 0 -0.698 0.716 0 -0.698 0.716 0 -0.698 0.716 0 -0.698 0.716 0 0.552 -0.834 0 0.552 -0.834 0 0.552 -0.834 0 0.552 -0.834 0 0.552 -0.834 0 0.552 -0.834 0 0.552 -0.834 0 0.552 -0.834 0 -0.698 0.716 0 -0.698 0.716 0 -0.698 0.716 0 -0.698 0.716 -0.965 0.201 0.169 -0.964 0.204 0.172 0 0.014 1.000 0 0.014 1.000 0 -1.000 0.024 0 -1.000 0.024 0 0.014 1.000 0 0.014 1.000 0 -0.164 -0.986 0 -0.164 -0.986 0 -0.164 -0.986 0 -0.164 -0.986 0 -1.000 -0.008 0 -1.000 -0.008 0 -1.000 -0.008 0 -1.000 -0.008 0 1.000 0.008 0 1.000 0.008 0 1.000 0.008 0 1.000 0.008 0 -0.008 1.000 0 -0.008 1.000 0 -0.008 1.000 0 -0.008 1.000 0 -0.008 1.000 0 -0.008 1.000 1.000 0 0 1.000 0 0 1.000 0 0 1.000 0 0 0 0.008 -1.000 0 0.008 -1.000 0 0.008 -1.000 0 0.008 -1.000 0 0.008 -1.000 0 0.008 -1.000 -0.707 -0.707 -0.006 -0.707 -0.707 -0.006 -0.707 -0.707 -0.006 -0.707 -0.707 -0.006 0.707 -0.707 -0.006 0.707 -0.707 -0.006 0.707 -0.707 -0.006 0.707 -0.707 -0.006 -1.000 0 0 -1.000 0 0 -1.000 0 0 -1.000 0 0 -0.665 0.681 -0.307 -0.665 0.681 -0.307 -0.665 0.681 -0.307 -0.665 0.681 -0.307 0.665 0.681 -0.307 0.665 0.681 -0.307 0.665 0.681 -0.307 0.665 0.681 -0.307 0 0.998 -0.062 0 0.998 -0.062 0 0.998 -0.062 0 0.998 -0.062 0 0.709 -0.706 0 0.709 -0.706 0 0.709 -0.706 0 0.709 -0.706 0 -0.940 -0.342 0 -0.940 -0.342 0 -0.940 -0.342 0 -0.940 -0.342 0 -0.367 0.930 0 -0.367 0.930 0 -0.367 0.930 0 -0.367 0.930 0.971 -0.219 0.098 0.921 -0.355 0.160 0.921 -0.355 0.160 0.971 -0.219 0.098 -0.971 -0.219 0.098 -0.971 -0.219 0.098 -0.921 -0.355 0.160 -0.921 -0.355 0.160 -1.000 0 0 -1.000 0 0 -1.000 0 0 -1.000 0 0 0 0.410 0.912 0 0.297 0.955 0 0.297 0.955 0 0.410 0.912 1.000 0 0 1.000 0 0 0 -0.410 -0.912 0 -0.518 -0.856 0 -0.518 -0.856 0 -0.410 -0.912 0 -0.801 -0.599 0 -0.801 -0.599 -1.000 0 0 -1.000 0 0 -1.000 0 0 -1.000 0 0 0 -0.083 0.997 0 -0.083 0.997 1.000 0 0 1.000 0 0 0 -0.990 -0.139 0 -0.990 -0.139 0 -0.966 0.259 0 -0.966 0.259 0 -0.553 0.833 0 -0.553 0.833 1.000 0 0 1.000 0 0 0 -0.834 0.551 0 -0.834 0.551 1.000 0 0 1.000 0 0 -1.000 0 0 -1.000 0 0 0 -0.410 -0.912 0 -0.410 -0.912 0 -0.410 -0.912 0 -0.410 -0.912 1.000 0 0 1.000 0 0 0 0.410 0.912 0 0.410 0.912 0 0.410 0.912 0 0.410 0.912 -1.000 0.015 -0.007 -1.000 0.015 -0.007 -1.000 0.008 -0.004 -1.000 0.008 -0.004 0 0.383 0.924 0 0.383 0.924 0 0.504 0.864 0 0.504 0.864 1.000 0.015 -0.007 1.000 0.008 -0.004 1.000 0.008 -0.004 1.000 0.015 -0.007 0 -0.437 -0.899 0 -0.312 -0.950 0 -0.312 -0.950 0 -0.437 -0.899 0 0.083 -0.997 0 0.083 -0.997 -1.000 0 0 -1.000 0 0 -1.000 0 0 -1.000 0 0 0 0.801 0.599 0 0.801 0.599 1.000 0 0 1.000 0 0 0 0.553 -0.833 0 0.834 -0.551 0 0.834 -0.551 0 0.553 -0.833 0 0.990 0.139 0 0.990 0.139 1.000 0 0 1.000 0 0 0 0.966 -0.259 0 0.966 -0.259 1.000 0 0 1.000 0 0 -1.000 0 0 -1.000 0 0 -1.000 0 0 -1.000 0 0 -1.000 0 0 -1.000 0 0 0 0.778 0.628 0 0.778 0.628 0 0.778 0.628 0 0.778 0.628 1.000 0 0 1.000 0 0 1.000 0 0 1.000 0 0 0 -0.778 -0.628 0 -0.778 -0.628 0 -0.778 -0.628 0 -0.778 -0.628 0 0.628 -0.778 0 0.628 -0.778 0 0.628 -0.778 0 0.628 -0.778 0 -0.628 0.778 0 -0.628 0.778 0 -0.628 0.778 0 -0.628 0.778 0 -0.778 -0.628 0 -0.778 -0.628 0 -0.778 -0.628 0 -0.778 -0.628 0 -0.629 0.777 0 -0.629 0.777 0 -0.629 0.777 0 -0.629 0.777 0 0.628 -0.778 0 0.628 -0.778 0 0.628 -0.778 0 0.628 -0.778 0 0.778 0.628 0 0.778 0.628 0 0.778 0.628 0 0.778 0.628 1.000 0 0 1.000 0 0 1.000 0 0 1.000 0 0 1.000 0 0 1.000 0 0 0 0.994 -0.106 0 0.994 -0.106 0 0.994 -0.106 0 0.994 -0.106 0 0.110 0.994 0 0.110 0.994 0 0.110 0.994 0 0.110 0.994 -1.000 0 0 -1.000 0 0 -1.000 0 0 -1.000 0 0 -1.000 0 0 -1.000 0 0 -1.000 0 0 -1.000 0 0 -1.000 0 0 -1.000 0 0 0 -0.629 0.777 0 -0.629 0.777 0 -0.629 0.777 0 -0.629 0.777 0 -0.629 0.777 0 -0.629 0.777 0 -0.629 0.777 0 -0.629 0.777 0 -0.777 -0.629 0 -0.777 -0.629 0 -0.777 -0.629 0 -0.777 -0.629 1.000 0 0 1.000 0 0 1.000 0 0 1.000 0 0 0 0.777 0.629 0 0.777 0.629 0 0.777 0.629 0 0.777 0.629 0 -0.628 0.778 0 -0.628 0.778 0 -0.628 0.778 0 -0.628 0.778 0 0.628 -0.778 0 0.628 -0.778 0 0.628 -0.778 0 0.628 -0.778 1.000 0 0 1.000 0 0 1.000 0 0 1.000 0 0 -0.762 0.504 0.407 -0.762 0.504 0.407 -0.762 0.504 0.407 -0.762 0.504 0.407 -1.000 0 0 -1.000 0 0 -1.000 0 0 -1.000 0 0 0 0.997 -0.073 0 0.997 -0.073 0 0.997 -0.073 0 0.997 -0.073 0 -0.140 -0.990 0 -0.140 -0.990 0 -0.140 -0.990 0 -0.140 -0.990 -0.762 -0.504 -0.407 -0.762 -0.504 -0.407 -0.762 -0.504 -0.407 -0.762 -0.504 -0.407 -1.000 0 0 -1.000 0 0 -1.000 0 0 -1.000 0 0 0 -0.628 0.778 0 -0.628 0.778 0 -0.628 0.778 0 -0.628 0.778 0 0.628 -0.778 0 0.628 -0.778 0 0.628 -0.778 0 0.628 -0.778 1.000 0 0 1.000 0 0 1.000 0 0 1.000 0 0 0.762 -0.504 -0.407 0.762 -0.504 -0.407 0.762 -0.504 -0.407 0.762 -0.504 -0.407 0.762 0.504 0.407 0.762 0.504 0.407 0.762 0.504 0.407 0.762 0.504 0.407 0 -0.997 0.073 0 -0.997 0.073 0 -0.997 0.073 0 -0.997 0.073 0 0.140 0.990 0 0.140 0.990 0 0.140 0.990 0 0.140 0.990 0 0 -1.000 0 0 -1.000 0 0 -1.000 0 0 -1.000 0 0 1.000 0 0 1.000 0.067 -0.097 0.993 0.067 -0.097 0.993 0 0 -1.000 0 0 -1.000 0.822 0.569 0 0.822 0.569 0 0.857 0.516 0 0.860 0.511 0 -0.785 -0.620 0 -0.822 -0.569 0 -0.822 -0.569 0 -0.781 -0.625 0 -0.569 0.822 0 -0.569 0.822 0 -0.569 0.822 0 -0.569 0.822 0 0.569 -0.822 0 0.569 -0.822 0 0.569 -0.822 0 0.569 -0.822 0 0.893 0.450 0 0.893 0.450 0 -0.736 -0.677 0 -0.736 -0.677 0 0.140 -0.202 0.969 0.140 -0.202 0.969 0 0 -1.000 0 0 -1.000 0 0 -1.000 0 0 -1.000 0 0 1.000 -0.058 -0.103 0.993 -0.058 -0.103 0.993 0 0 1.000 0 0 -1.000 0 0 -1.000 0.871 -0.491 0 0.871 -0.491 0 0.838 -0.545 0 0.835 -0.550 0 -0.901 0.434 0 -0.871 0.491 0 -0.871 0.491 0 -0.903 0.429 0 0.491 0.871 0 0.491 0.871 0 0.491 0.871 0 0.491 0.871 0 -0.491 -0.871 0 -0.491 -0.871 0 -0.491 -0.871 0 -0.491 -0.871 0 0.795 -0.607 0 0.795 -0.607 0 -0.931 0.365 0 -0.931 0.365 0 -0.121 -0.214 0.969 -0.121 -0.214 0.969 0.951 0.284 0.122 0.588 0.743 0.320 0.588 0.743 0.320 0.951 0.284 0.122 0.951 -0.284 -0.122 0.951 -0.284 -0.122 0.588 -0.743 -0.320 0.588 -0.743 -0.320 0.951 -0.284 -0.122 0.951 -0.284 -0.122 0 -0.918 -0.396 0 -0.918 -0.396 -0.588 -0.743 -0.320 -0.588 -0.743 -0.320 -0.951 -0.284 -0.122 -0.951 -0.284 -0.122 -0.951 0.284 0.122 -0.951 0.284 0.122 -0.588 0.743 0.320 -0.588 0.743 0.320 0 -0.396 0.918 0 -0.396 0.918 0 -0.396 0.918 0 -0.396 0.918 0 -0.396 0.918 0 -0.396 0.918 0 -0.396 0.918 0 -0.396 0.918 0 -0.396 0.918 0 -0.396 0.918 0 0.918 0.396 0 0.918 0.396 0 0.396 -0.918 0 0.396 -0.918 0 0.396 -0.918 0 0.396 -0.918 0 0.396 -0.918 0 0.396 -0.918 0 0.396 -0.918 0 0.396 -0.918 0 0.396 -0.918 0 0.396 -0.918 0.975 0.216 -0.059 0.975 0.216 -0.059 1.000 0 0 1.000 0 0 0.703 0.686 -0.186 0.703 0.686 -0.186 0.995 -0.061 0.076 0.995 -0.064 0.080 0.980 -0.124 0.155 0.980 -0.124 0.155 0.572 -0.512 0.641 0.300 -0.594 0.746 0.299 -0.594 0.747 0.572 -0.512 0.641 -0.219 0.942 -0.256 0.219 0.942 -0.256 0.219 0.942 -0.256 -0.219 0.942 -0.256 -0.975 0.216 -0.059 -1.000 0 0 -1.000 0 0 -0.975 0.216 -0.059 -0.703 0.686 -0.186 -0.703 0.686 -0.186 -0.995 -0.064 0.080 -0.995 -0.060 0.076 -0.980 -0.124 0.155 -0.980 -0.124 0.155 -0.299 -0.594 0.747 -0.300 -0.594 0.746 -0.572 -0.512 0.641 -0.572 -0.512 0.641 -0.219 0.942 -0.256 -0.219 0.942 -0.256 -0.978 -0.203 0.054 -1.000 0.002 -0.001 -1.000 0.003 -0.002 -0.978 -0.203 0.054 -0.909 -0.403 0.109 -0.909 -0.403 0.109 -0.997 0.048 -0.061 -0.997 0.045 -0.057 -0.989 0.093 -0.118 -0.989 0.093 -0.118 -0.292 0.596 -0.748 -0.292 0.596 -0.748 -0.558 0.518 -0.648 -0.558 0.518 -0.648 0.204 -0.945 0.257 0.204 -0.945 0.257 -0.204 -0.945 0.257 -0.204 -0.945 0.257 -0.399 -0.885 0.240 -0.399 -0.885 0.240 0.978 -0.203 0.054 0.978 -0.203 0.054 1.000 0.003 -0.002 1.000 0.002 -0.001 0.909 -0.403 0.109 0.909 -0.403 0.109 0.997 0.045 -0.057 0.997 0.048 -0.061 0.989 0.093 -0.118 0.989 0.093 -0.118 0.558 0.518 -0.648 0.292 0.596 -0.748 0.292 0.596 -0.748 0.558 0.518 -0.648 0.399 -0.885 0.240 0.399 -0.885 0.240 0.204 -0.945 0.257 0.204 -0.945 0.257 0.002 -0.519 -0.855 0.002 -0.519 -0.855 0 -0.262 -0.965 0 -0.262 -0.965 -0.002 0.519 0.855 0 0.262 0.965 0 0.262 0.965 -0.002 0.519 0.855 0.010 -0.744 -0.668 0.009 -0.744 -0.668 -0.009 0.744 0.668 -0.009 0.744 0.668 0.008 -0.768 -0.641 0.008 -0.767 -0.641 -0.008 0.767 0.641 -0.008 0.767 0.641 -0.001 0.782 0.623 -0.001 0.782 0.623 0.001 -0.782 -0.623 0.001 -0.782 -0.623 0 -0.262 -0.965 0 -0.262 -0.965 0 0.262 0.965 0 0.262 0.965 0 0.262 0.965 0 0.262 0.965 0 -0.262 -0.965 0 -0.262 -0.965 -0.002 -0.519 -0.855 0 -0.262 -0.965 0 -0.262 -0.965 -0.002 -0.519 -0.855 0.002 0.519 0.855 0.002 0.519 0.855 0 0.262 0.965 0 0.262 0.965 -0.009 -0.744 -0.668 -0.010 -0.744 -0.668 0.009 0.744 0.668 0.009 0.744 0.668 -0.008 -0.767 -0.641 -0.008 -0.768 -0.641 0.008 0.767 0.641 0.008 0.767 0.641 0.001 0.782 0.623 0.001 0.782 0.623 -0.001 -0.782 -0.623 -0.001 -0.782 -0.623 0 -0.262 -0.965 0 -0.262 -0.965 0 0.262 0.965 0 0.262 0.965 0 0.262 0.965 0 0.262 0.965 0 -0.262 -0.965 0 -0.262 -0.965 0 -0.262 -0.965 0 -0.262 -0.965 0 0.262 0.965 0 0.262 0.965 0.106 0.760 0.642 0.106 0.760 0.642 0.106 0.760 0.642 0.106 0.760 0.642 0 -0.803 0.596 0 -0.974 0.226 0 -0.974 0.226 0.218 -0.789 0.575 0.725 0.380 -0.575 0.725 0.380 -0.575 0.725 0.380 -0.575 0.725 0.380 -0.575 0 0.673 -0.740 0 0.968 -0.251 0 0.968 -0.251 0 0.729 -0.685 0 -0.718 0.696 0 -0.622 0.783 0 -0.557 0.831 0 -0.718 0.696 0 0.552 -0.834 0 0.552 -0.834 0 0.983 0.182 0 0.983 0.182 -1.000 0 0 -1.000 0 0 -1.000 0 0 -1.000 0 0 1.000 0 0 1.000 0 0 1.000 0 0 1.000 0 0 0 -0.082 0.997 0 -0.082 0.997 0 0.347 0.938 0 0.640 0.768 0 0.640 0.768 0 0.347 0.938 -1.000 0 0 -1.000 0 0 1.000 0 0 1.000 0 0 0 0.640 0.768 0 0.640 0.768 0 0.864 0.503 0 0.864 0.503 1.000 0 0 1.000 0 0 -1.000 0 0 -1.000 0 0 0 -0.990 -0.140 0 -0.990 -0.140 0 0.056 -0.998 0 0.056 -0.998 -0.217 0.440 -0.871 0 0.459 -0.889 1.000 0 0 1.000 0 0 1.000 0 0 1.000 0 0 -1.000 0 0 -1.000 0 0 -1.000 0 0 -1.000 0 0 0 -0.307 -0.952 0 -0.621 -0.784 0 -0.621 -0.784 0 -0.307 -0.952 1.000 0 0 1.000 0 0 -1.000 0 0 -1.000 0 0 0 -0.874 -0.485 0 -0.874 -0.485 1.000 0 0 1.000 0 0 -1.000 0 0 -1.000 0 0 0 -0.874 -0.485 0 -0.874 -0.485 0 -0.990 -0.140 0 -0.990 -0.140 -0.975 0.014 -0.224 -0.975 0.010 -0.224 -0.974 0.058 -0.218 -0.974 0.058 -0.218 0 -0.621 -0.784 0 -0.621 -0.784 0 -0.871 -0.492 0 -0.871 -0.492 0 -0.871 -0.492 0 -0.871 -0.492 0 0.056 -0.998 0 -0.307 -0.952 0 -0.307 -0.952 0 0.056 -0.998 0.975 -0.218 0.052 0.975 -0.219 0.048 0.974 -0.205 0.094 0.974 -0.205 0.094 0.971 -0.210 -0.114 0.971 -0.208 -0.120 0.973 -0.230 -0.036 0.973 -0.230 -0.030 0.217 0.440 -0.871 0 0.459 -0.889 0.973 -0.074 -0.221 0.971 -0.151 -0.186 0.971 -0.147 -0.189 0.973 -0.069 -0.222 0 -0.974 0.226 0 -0.974 0.226 -0.971 -0.147 -0.189 -0.971 -0.151 -0.186 -0.973 -0.074 -0.221 -0.973 -0.069 -0.222 0 0.983 0.182 0 0.864 0.503 0 0.864 0.503 0 0.983 0.182 -0.941 0.329 -0.078 -0.930 0.359 0.076 -0.932 0.358 0.059 -0.942 0.325 -0.089 -0.921 0.331 0.203 -0.921 0.255 0.293 -0.922 0.242 0.301 -0.923 0.337 0.188 0 -0.082 0.997 0 0.347 0.938 0 0.347 0.938 0 -0.082 0.997 0.932 0.358 0.059 0.930 0.359 0.076 0.941 0.329 -0.078 0.942 0.325 -0.089 -0.941 0.294 -0.170 -0.941 0.294 -0.170 0 -0.557 0.831 0 -0.622 0.783 0.922 0.242 0.301 0.921 0.255 0.293 0.921 0.331 0.203 0.923 0.337 0.188 0 0.968 -0.251 0 0.968 -0.251 0.941 -0.117 0.319 0.941 -0.117 0.319 0.941 -0.020 0.337 0.942 -0.032 0.335 0 0.729 -0.685 0 0.673 -0.740 0 0.552 -0.834 0 0.552 -0.834 0 -0.718 0.696 0 -0.718 0.696 0.941 0.294 -0.170 0.941 0.294 -0.170 -0.218 -0.789 0.575 0 -0.803 0.596 0 -0.633 -0.774 0 -0.633 -0.774 0 -0.633 -0.774 0 -0.633 -0.774 0 0.983 0.182 0 0.864 0.503 0 0.864 0.503 0 0.983 0.182 0 0.640 0.769 0 0.640 0.769 0 -0.082 0.997 0 0.347 0.938 0 0.347 0.938 0 -0.082 0.997 0 -0.344 0.939 0 -0.344 0.939 0 0.968 -0.251 0 0.968 -0.251 0 0.866 -0.499 0 0.866 -0.499 -0.932 0.120 0.343 -0.930 0.136 0.340 -0.941 -0.020 0.337 -0.942 -0.032 0.335 0.930 0.136 0.340 0.932 0.120 0.343 0 0.884 0.468 0 0.884 0.468 0 0.884 0.468 0 0.884 0.468 0 0.612 0.791 0 0.612 0.791 0 0.612 0.791 0 0.612 0.791 -0.941 -0.117 0.319 -0.941 -0.117 0.319 0 -0.990 -0.140 0 -0.873 -0.487 0 -0.873 -0.487 0 -0.990 -0.140 0 -0.619 -0.785 0 -0.619 -0.785 0 0.056 -0.998 0 -0.307 -0.952 0 -0.307 -0.952 0 0.056 -0.998 0 0.256 -0.967 0 0.256 -0.967 0 -0.974 0.226 0 -0.974 0.226 0 -0.909 0.417 0 -0.909 0.417 -0.972 -0.230 -0.036 -0.971 -0.208 -0.120 -0.971 -0.210 -0.114 -0.973 -0.230 -0.030 -0.974 -0.205 0.094 -0.975 -0.219 0.048 -0.975 -0.218 0.052 -0.974 -0.205 0.094 0.974 0.058 -0.218 0.975 0.010 -0.224 0.975 0.014 -0.224 0.974 0.058 -0.218 0 -0.698 0.716 0 -0.698 0.716 0 -0.698 0.716 0 0.552 -0.834 0 0.552 -0.834 0 0.552 -0.834 0 0.552 -0.834 0 0.552 -0.834 0 0.552 -0.834 0 0.552 -0.834 0 0.552 -0.834 0 -0.698 0.716 -1.000 0 0 -1.000 0 0 -0.987 -0.123 -0.103 -0.986 -0.127 -0.107 0.117 -0.759 -0.641 0.117 -0.759 -0.641 0.117 -0.759 -0.641 0.117 -0.759 -0.641 0.106 -0.760 -0.642 0.106 -0.760 -0.642 0.106 -0.760 -0.642 0.106 -0.760 -0.642 0 -0.718 0.696 -0.200 -0.709 0.677 0 0.552 -0.834 0.201 0.541 -0.817 -0.201 0.541 -0.817 0 0.552 -0.834 0.200 -0.709 0.677 0 -0.718 0.696 0.985 0.134 0.113 1.000 0 0 1.000 0 0 0.983 0.139 0.117 1.000 0 0 1.000 0 0 1.000 0 0 1.000 0 0 -1.000 0 0 -1.000 0 0 -1.000 0 0 -1.000 0 0 1.000 0 0 1.000 0 0 1.000 0 0 1.000 0 0 -1.000 0 0 -1.000 0 0 -1.000 0 0 -1.000 0 0 -0.106 0.760 0.642 -0.106 0.760 0.642 -0.106 0.760 0.642 -0.106 0.760 0.642 -0.724 -0.509 0.466 -0.724 -0.509 0.466 -0.724 -0.509 0.466 -0.724 -0.509 0.466 -0.106 -0.760 -0.642 -0.106 -0.760 -0.642 -0.106 -0.760 -0.642 -0.106 -0.760 -0.642 0.218 -0.789 0.575 0.616 -0.581 0.532 0.616 -0.581 0.532 0.200 -0.709 0.677 -0.616 -0.581 0.532 -0.616 -0.581 0.532 -0.218 -0.789 0.575 -0.200 -0.709 0.677 -0.217 0.440 -0.871 -0.617 0.434 -0.657 -0.617 0.434 -0.657 -0.201 0.541 -0.817 0.724 -0.509 0.466 0.724 -0.509 0.466 0.724 -0.509 0.466 0.724 -0.509 0.466 -0.725 0.380 -0.575 -0.725 0.380 -0.575 -0.725 0.380 -0.575 -0.725 0.380 -0.575 0.117 0.759 0.641 0.117 0.759 0.641 0.117 0.759 0.641 0.117 0.759 0.641 -0.117 0.759 0.641 -0.117 0.759 0.641 -0.117 0.759 0.641 -0.117 0.759 0.641 0.617 0.434 -0.657 0.617 0.434 -0.657 0.217 0.440 -0.871 0.201 0.541 -0.817 -0.117 -0.759 -0.641 -0.117 -0.759 -0.641 -0.117 -0.759 -0.641 -0.117 -0.759 -0.641 0 -1.000 0 0 -1.000 0 0 -1.000 0 0 -1.000 0 0 0 1.000 0 0 1.000 0 0 1.000 0 0 1.000 0 1.000 0 0 1.000 0 0 1.000 0 0 1.000 0 0 0.707 -0.707 0 0.707 -0.707 0 0.707 -0.707 0 0.707 -0.707 0 0.707 0.707 0 0.707 0.707 0 0.707 0.707 0 0.707 0.707 0 -0.707 -0.707 0 -0.707 -0.707 0 -0.707 -0.707 0 -0.707 -0.707 0 -0.707 0.707 0 -0.707 0.707 0 -0.707 0.707 0 -0.707 0.707 0 0 -1.000 0 0 -1.000 0 0 -1.000 0 0 -1.000 1.000 0 0 0.986 -0.127 -0.107 0.987 -0.123 -0.103 1.000 0 0 0.950 -0.238 -0.201 0.949 -0.242 -0.204 -0.964 0.204 0.172 -0.965 0.201 0.169 -0.983 0.139 0.117 -0.985 0.134 0.113 0 -1.000 0.024 0 -1.000 0.024 0 -1.000 0.024 0 -1.000 0.024 0 0.014 1.000 0 0.014 1.000 0 0.014 1.000 0 0.014 1.000 0 -1.000 0.024 0 -1.000 0.024 0 0.984 -0.180 0 0.984 -0.180 0 0.984 -0.180 0 0.984 -0.180 0 -0.164 -0.986 0 -0.164 -0.986 0 -0.164 -0.986 0 -0.164 -0.986 0 -0.698 0.716 0 -0.698 0.716 0 -0.698 0.716 0 0.552 -0.834 0 0.552 -0.834 0 0.552 -0.834 0 0.552 -0.834 0 -0.698 0.716 -1.000 0 0 -1.000 0 0 0 0.984 -0.180 0 0.984 -0.180 0 0.984 -0.180 0 0.984 -0.180 -0.950 -0.238 -0.201 -0.949 -0.242 -0.204 0 -0.698 0.716 0 -0.698 0.716 0 -0.698 0.716 0 -0.698 0.716 0 0.552 -0.834 0 0.552 -0.834 0 0.552 -0.834 0 0.552 -0.834 0 0.552 -0.834 0 0.552 -0.834 0 0.552 -0.834 0 0.552 -0.834 0 -0.698 0.716 0 -0.698 0.716 0 -0.698 0.716 0 -0.698 0.716 0.964 0.204 0.172 0.965 0.201 0.169 0 0.014 1.000 0 0.014 1.000 0 -1.000 0.024 0 -1.000 0.024 0 0.014 1.000 0 0.014 1.000 0 -0.164 -0.986 0 -0.164 -0.986 0 -0.164 -0.986 0 -0.164 -0.986 0 -1.000 -0.008 0 -1.000 -0.008 0 -1.000 -0.008 0 -1.000 -0.008 0 1.000 0.008 0 1.000 0.008 0 1.000 0.008 0 1.000 0.008 0 -0.008 1.000 0 -0.008 1.000 0 -0.008 1.000 0 -0.008 1.000 0 -0.008 1.000 0 -0.008 1.000 -1.000 0 0 -1.000 0 0 -1.000 0 0 -1.000 0 0 0 0.008 -1.000 0 0.008 -1.000 0 0.008 -1.000 0 0.008 -1.000 0 0.008 -1.000 0 0.008 -1.000 0.707 -0.707 -0.006 0.707 -0.707 -0.006 0.707 -0.707 -0.006 0.707 -0.707 -0.006 -0.707 -0.707 -0.006 -0.707 -0.707 -0.006 -0.707 -0.707 -0.006 -0.707 -0.707 -0.006 1.000 0 0 1.000 0 0 1.000 0 0 1.000 0 0 0.665 0.681 -0.307 0.665 0.681 -0.307 0.665 0.681 -0.307 0.665 0.681 -0.307 -0.665 0.681 -0.307 -0.665 0.681 -0.307 -0.665 0.681 -0.307 -0.665 0.681 -0.307 0 0.998 -0.062 0 0.998 -0.062 0 0.998 -0.062 0 0.998 -0.062 0 0.709 -0.706 0 0.709 -0.706 0 0.709 -0.706 0 0.709 -0.706 0 -0.940 -0.342 0 -0.940 -0.342 0 -0.940 -0.342 0 -0.940 -0.342 0 -0.367 0.930 0 -0.367 0.930 0 -0.367 0.930 0 -0.367 0.930 -0.921 -0.355 0.160 -0.921 -0.355 0.160 -0.971 -0.219 0.098 -0.971 -0.219 0.098 0.971 -0.219 0.098 0.921 -0.355 0.160 0.921 -0.355 0.160 0.971 -0.219 0.098 1.000 0 0 1.000 0 0 1.000 0 0 1.000 0 0 0 0.410 0.912 0 0.410 0.912 0 0.297 0.955 0 0.297 0.955 -1.000 0 0 -1.000 0 0 0 -0.410 -0.912 0 -0.410 -0.912 0 -0.518 -0.856 0 -0.518 -0.856 0 -0.801 -0.599 0 -0.801 -0.599 1.000 0 0 1.000 0 0 1.000 0 0 1.000 0 0 0 -0.083 0.997 0 -0.083 0.997 -1.000 0 0 -1.000 0 0 0 -0.990 -0.139 0 -0.966 0.259 0 -0.966 0.259 0 -0.990 -0.139 0 -0.553 0.833 0 -0.553 0.833 -1.000 0 0 -1.000 0 0 0 -0.834 0.551 0 -0.834 0.551 -1.000 0 0 -1.000 0 0 1.000 0 0 1.000 0 0 0 -0.410 -0.912 0 -0.410 -0.912 0 -0.410 -0.912 0 -0.410 -0.912 -1.000 0 0 -1.000 0 0 0 0.410 0.912 0 0.410 0.912 0 0.410 0.912 0 0.410 0.912 1.000 0.015 -0.007 1.000 0.008 -0.004 1.000 0.008 -0.004 1.000 0.015 -0.007 0 0.383 0.924 0 0.504 0.864 0 0.504 0.864 0 0.383 0.924 -1.000 0.008 -0.004 -1.000 0.008 -0.004 -1.000 0.015 -0.007 -1.000 0.015 -0.007 0 -0.312 -0.950 0 -0.312 -0.950 0 -0.437 -0.899 0 -0.437 -0.899 0 0.083 -0.997 0 0.083 -0.997 1.000 0 0 1.000 0 0 1.000 0 0 1.000 0 0 0 0.801 0.599 0 0.801 0.599 -1.000 0 0 -1.000 0 0 0 0.553 -0.833 0 0.553 -0.833 0 0.834 -0.551 0 0.834 -0.551 0 0.990 0.139 0 0.990 0.139 -1.000 0 0 -1.000 0 0 0 0.966 -0.259 0 0.966 -0.259 -1.000 0 0 -1.000 0 0 1.000 0 0 1.000 0 0 1.000 0 0 1.000 0 0 1.000 0 0 1.000 0 0 0 0.778 0.628 0 0.778 0.628 0 0.778 0.628 0 0.778 0.628 -1.000 0 0 -1.000 0 0 -1.000 0 0 -1.000 0 0 0 -0.778 -0.628 0 -0.778 -0.628 0 -0.778 -0.628 0 -0.778 -0.628 0 0.628 -0.778 0 0.628 -0.778 0 0.628 -0.778 0 0.628 -0.778 0 -0.628 0.778 0 -0.628 0.778 0 -0.628 0.778 0 -0.628 0.778 0 -0.778 -0.628 0 -0.778 -0.628 0 -0.778 -0.628 0 -0.778 -0.628 0 -0.629 0.777 0 -0.629 0.777 0 -0.629 0.777 0 -0.629 0.777 0 0.628 -0.778 0 0.628 -0.778 0 0.628 -0.778 0 0.628 -0.778 0 0.778 0.628 0 0.778 0.628 0 0.778 0.628 0 0.778 0.628 -1.000 0 0 -1.000 0 0 -1.000 0 0 -1.000 0 0 -1.000 0 0 -1.000 0 0 0 0.994 -0.106 0 0.994 -0.106 0 0.994 -0.106 0 0.994 -0.106 0 0.110 0.994 0 0.110 0.994 0 0.110 0.994 0 0.110 0.994 1.000 0 0 1.000 0 0 1.000 0 0 1.000 0 0 1.000 0 0 1.000 0 0 1.000 0 0 1.000 0 0 1.000 0 0 1.000 0 0 0 -0.629 0.777 0 -0.629 0.777 0 -0.629 0.777 0 -0.629 0.777 0 -0.629 0.777 0 -0.629 0.777 0 -0.629 0.777 0 -0.629 0.777 0 -0.777 -0.629 0 -0.777 -0.629 0 -0.777 -0.629 0 -0.777 -0.629 -1.000 0 0 -1.000 0 0 -1.000 0 0 -1.000 0 0 0 0.777 0.629 0 0.777 0.629 0 0.777 0.629 0 0.777 0.629 0 -0.628 0.778 0 -0.628 0.778 0 -0.628 0.778 0 -0.628 0.778 0 0.628 -0.778 0 0.628 -0.778 0 0.628 -0.778 0 0.628 -0.778 -1.000 0 0 -1.000 0 0 -1.000 0 0 -1.000 0 0 0.762 0.504 0.407 0.762 0.504 0.407 0.762 0.504 0.407 0.762 0.504 0.407 1.000 0 0 1.000 0 0 1.000 0 0 1.000 0 0 0 0.997 -0.073 0 0.997 -0.073 0 0.997 -0.073 0 0.997 -0.073 0 -0.140 -0.990 0 -0.140 -0.990 0 -0.140 -0.990 0 -0.140 -0.990 0.762 -0.504 -0.407 0.762 -0.504 -0.407 0.762 -0.504 -0.407 0.762 -0.504 -0.407 1.000 0 0 1.000 0 0 1.000 0 0 1.000 0 0 0 -0.628 0.778 0 -0.628 0.778 0 -0.628 0.778 0 -0.628 0.778 0 0.628 -0.778 0 0.628 -0.778 0 0.628 -0.778 0 0.628 -0.778 -1.000 0 0 -1.000 0 0 -1.000 0 0 -1.000 0 0 -0.762 -0.504 -0.407 -0.762 -0.504 -0.407 -0.762 -0.504 -0.407 -0.762 -0.504 -0.407 -0.762 0.504 0.407 -0.762 0.504 0.407 -0.762 0.504 0.407 -0.762 0.504 0.407 0 -0.997 0.073 0 -0.997 0.073 0 -0.997 0.073 0 -0.997 0.073 0 0.140 0.990 0 0.140 0.990 0 0.140 0.990 0 0.140 0.990 -0.926 -0.157 -0.342 -0.926 0.157 -0.342 -0.698 0.159 -0.698 -0.698 -0.159 -0.698 -0.850 -0.423 0.313 -0.926 -0.157 0.342 -0.988 -0.155 0 -0.908 -0.418 0 -0.741 -0.614 -0.272 -0.793 -0.610 0 -0.850 -0.423 -0.313 -0.698 0.159 0.698 -0.926 0.157 0.342 -0.698 -0.159 0.698 -0.988 0.155 0 -0.639 -0.428 0.639 -0.639 0.428 0.639 -0.850 0.423 0.313 -0.850 0.423 -0.313 -0.908 0.418 0 -0.639 0.428 -0.639 0.639 0.428 -0.639 0.698 0.159 -0.698 0.342 0.157 -0.926 0.313 0.423 -0.850 -0.741 -0.614 0.272 -0.554 -0.621 0.554 0.926 -0.157 0.342 0.988 -0.155 0 0.988 0.155 0 0.926 0.157 0.342 -0.554 -0.621 -0.554 -0.639 -0.428 -0.639 -0.672 -0.699 0.244 -0.719 -0.695 0 -0.672 -0.699 -0.244 -0.500 -0.708 0.500 -0.741 0.614 0.272 -0.554 0.621 0.554 -0.500 0.708 0.500 -0.672 0.699 0.244 0.926 0.157 -0.342 0.926 -0.157 -0.342 0.698 -0.159 -0.698 0.850 0.423 -0.313 -0.793 0.610 0 0.698 -0.159 0.698 0.639 -0.428 0.639 0.850 -0.423 0.313 0.698 0.159 0.698 0.908 0.418 0 0.850 0.423 0.313 0.850 -0.423 -0.313 0.908 -0.418 0 0.639 -0.428 -0.639 -0.342 -0.157 -0.926 -0.313 -0.423 -0.850 -0.741 0.614 -0.272 -0.554 0.621 -0.554 0.342 -0.157 -0.926 0 -0.155 -0.988 0 0.155 -0.988 -0.672 0.699 -0.244 -0.719 0.695 0 -0.500 0.708 -0.500 0.272 0.614 -0.741 0.244 0.699 -0.672 0.500 0.708 -0.500 0.554 0.621 -0.554 -0.342 0.157 -0.926 -0.313 0.423 -0.850 -0.342 -0.157 0.926 0 -0.155 0.988 0 0.155 0.988 -0.342 0.157 0.926 -0.313 0.423 0.850 0 -0.155 -0.988 0 0.155 -0.988 0 0.418 -0.908 0 0.418 -0.908 0.313 -0.423 -0.850 0.342 -0.157 0.926 0.313 -0.423 0.850 0 -0.418 -0.908 0 -0.418 -0.908 0.342 0.157 0.926 0.639 0.428 0.639 0.313 0.423 0.850 0.272 -0.614 -0.741 0 -0.610 -0.793 0 0.418 0.908 -0.313 -0.423 0.850 -0.500 -0.708 -0.500 0 -0.418 0.908 -0.326 0.344 0.880 -0.322 0.344 0.882 -0.662 0.351 0.662 -0.662 0.351 0.662 0 0.610 -0.793 -0.272 0.614 -0.741 -0.244 0.699 -0.672 0 0.695 -0.719 -0.322 0.344 -0.882 0 0.340 -0.940 0 0.340 -0.940 -0.326 0.344 -0.880 0 0.610 -0.793 0 0.695 -0.719 0.662 0.351 0.662 0.322 0.344 0.882 0.326 0.344 0.880 0.662 0.351 0.662 0 0.340 0.940 0 0.340 0.940 -0.272 0.614 0.741 -0.244 0.699 0.672 -0.272 -0.614 -0.741 0.741 0.614 -0.272 0.793 0.610 0 0.554 -0.621 -0.554 0 -0.610 -0.793 0.500 -0.708 -0.500 0.244 -0.699 -0.672 0.500 -0.708 0.500 0.554 -0.621 0.554 0.272 -0.614 0.741 0.244 -0.699 0.672 0 -0.695 -0.719 -0.244 -0.699 -0.672 0 -0.695 -0.719 0.741 0.614 0.272 0.554 0.621 0.554 0.672 0.699 -0.244 0.741 -0.614 0.272 0.672 -0.699 0.244 0.719 0.695 0 0.672 0.699 0.244 -0.272 -0.614 0.741 0 -0.610 0.793 0.793 -0.610 0 -0.244 -0.699 0.672 0 -0.695 0.719 0.741 -0.614 -0.272 0.272 0.614 0.741 0 0.610 0.793 0.672 -0.699 -0.244 0.719 -0.695 0 0.500 0.708 0.500 0.244 0.699 0.672 0 0.695 0.719 0.052 0.998 0.019 0.052 0.998 0.019 0.038 0.999 0.038 0.038 0.999 0.038 -0.880 0.344 0.326 -0.882 0.344 0.322 -0.019 0.998 -0.052 0 0.998 -0.056 0 0.998 -0.056 -0.019 0.998 -0.052 -0.880 0.344 -0.326 -0.882 0.344 -0.322 -0.662 0.351 -0.662 -0.662 0.351 -0.662 0.038 0.999 -0.038 0.052 0.998 -0.019 0.052 0.998 -0.019 0.038 0.999 -0.038 0.056 0.998 0 0.056 0.998 0 -0.940 0.340 0 -0.940 0.340 0 0.819 0.574 0 0.642 0.766 0 0.602 0.765 0.230 0.759 0.584 0.288 0.458 0.762 -0.458 0.602 0.765 -0.230 0.759 0.584 -0.288 0.567 0.597 -0.567 0.458 0.762 0.458 0.567 0.597 0.567 0 -0.340 0.940 -0.326 -0.344 0.880 -0.322 -0.344 0.882 0 -0.340 0.940 0 -0.947 -0.323 0 -0.804 -0.594 -0.204 -0.812 -0.547 -0.112 -0.948 -0.298 0 -0.340 0.940 0 -0.340 0.940 0.322 -0.344 0.882 0.326 -0.344 0.880 0.204 -0.812 -0.547 0 -0.804 -0.594 0 -0.947 -0.323 0.112 -0.948 -0.298 -0.662 -0.351 0.662 -0.662 -0.351 0.662 -0.326 -0.344 -0.880 -0.322 -0.344 -0.882 -0.662 -0.351 -0.662 -0.662 -0.351 -0.662 0.400 -0.824 -0.400 0.221 -0.950 -0.221 -0.400 -0.824 -0.400 -0.221 -0.950 -0.221 0.326 0.344 -0.880 0.322 0.344 -0.882 0.662 0.351 -0.662 0.662 0.351 -0.662 0.882 0.344 -0.322 0.940 0.340 0 0.940 0.340 0 0.880 0.344 -0.326 0.880 0.344 0.326 0.882 0.344 0.322 0.662 -0.351 0.662 0.882 -0.344 0.322 0.880 -0.344 0.326 0.662 -0.351 0.662 0 0.574 0.819 0.288 0.584 0.759 0.230 0.765 0.602 0 0.766 0.642 0.136 0.954 0.269 0 0.960 0.281 -0.230 0.765 0.602 -0.288 0.584 0.759 0.243 0.939 0.243 -0.458 0.762 0.458 -0.567 0.597 0.567 -0.602 0.765 0.230 -0.642 0.766 0 -0.819 0.574 0 -0.759 0.584 0.288 -0.136 0.954 0.269 -0.243 0.939 0.243 0.617 -0.751 0.235 0.658 -0.753 0 0.594 -0.804 0 0.547 -0.812 0.204 0.469 -0.748 -0.469 0.400 -0.824 -0.400 0.547 -0.812 -0.204 0.617 -0.751 -0.235 0.204 -0.812 -0.547 0.235 -0.751 -0.617 0 -0.804 -0.594 0 -0.753 -0.658 -0.235 -0.751 -0.617 -0.204 -0.812 -0.547 0.400 -0.824 0.400 0.469 -0.748 0.469 0.269 -0.954 0.136 0.281 -0.960 0 0.243 -0.939 0.243 0.269 -0.954 -0.136 0.243 -0.939 -0.243 0.019 0.998 -0.052 0.019 0.998 -0.052 0.019 0.998 0.052 0 0.998 0.056 0 0.998 0.056 0.019 0.998 0.052 -0.038 0.999 -0.038 -0.038 0.999 -0.038 0 0.998 -0.056 0 0.998 -0.056 0 0.574 -0.819 0 0.766 -0.642 0.230 0.765 -0.602 0.288 0.584 -0.759 -0.458 0.762 -0.458 -0.230 0.765 -0.602 -0.288 0.584 -0.759 -0.567 0.597 -0.567 0.880 -0.344 -0.326 0.882 -0.344 -0.322 0.662 -0.351 -0.662 0.662 -0.351 -0.662 -0.323 -0.947 0 -0.594 -0.804 0 -0.547 -0.812 0.204 -0.298 -0.948 0.112 -0.880 -0.344 -0.326 -0.882 -0.344 -0.322 -0.547 -0.812 -0.204 -0.298 -0.948 -0.112 0.940 -0.340 0 0.940 -0.340 0 -0.400 -0.824 0.400 -0.221 -0.950 0.221 0 -0.340 -0.940 0.326 -0.344 -0.880 0.322 -0.344 -0.882 0 -0.340 -0.940 0 -0.947 0.323 0 -0.804 0.594 0.204 -0.812 0.547 0.112 -0.948 0.298 -0.204 -0.812 0.547 -0.112 -0.948 0.298 0.400 -0.824 0.400 0.221 -0.950 0.221 -0.880 -0.344 0.326 -0.882 -0.344 0.322 0.323 -0.947 0 0.594 -0.804 0 0.547 -0.812 -0.204 0.298 -0.948 -0.112 0.547 -0.812 0.204 0.298 -0.948 0.112 -0.940 -0.340 0 -0.940 -0.340 0 -0.019 0.998 0.052 -0.019 0.998 0.052 -0.038 0.999 0.038 -0.038 0.999 0.038 -0.052 0.998 0.019 -0.056 0.998 0 -0.056 0.998 0 -0.052 0.998 0.019 -0.052 0.998 -0.019 -0.052 0.998 -0.019 -0.759 0.584 -0.288 -0.602 0.765 -0.230 0 1.000 0 0 0.995 -0.102 -0.108 0.988 -0.108 -0.102 0.995 0 -0.269 0.954 -0.136 -0.281 0.960 0 0 0.960 -0.281 -0.136 0.954 -0.269 -0.243 0.939 -0.243 -0.108 0.988 0.108 0 0.995 0.102 -0.269 0.954 0.136 0.108 0.988 0.108 0.102 0.995 0 0.269 0.954 0.136 0.281 0.960 0 0.108 0.988 -0.108 0.136 0.954 -0.269 0.269 0.954 -0.136 0.243 0.939 -0.243 0 -1.000 0 0 -0.995 -0.102 0.108 -0.988 -0.108 0.102 -0.995 0 0 -0.960 -0.281 0.136 -0.954 -0.269 0.108 -0.988 0.108 0 -0.995 0.102 0.136 -0.954 0.269 0 -0.960 0.281 -0.108 -0.988 0.108 -0.102 -0.995 0 -0.269 -0.954 0.136 -0.281 -0.960 0 -0.136 -0.954 0.269 -0.243 -0.939 0.243 -0.108 -0.988 -0.108 -0.136 -0.954 -0.269 -0.269 -0.954 -0.136 -0.243 -0.939 -0.243 -0.469 -0.748 -0.469 -0.400 -0.824 -0.400 -0.547 -0.812 -0.204 -0.617 -0.751 -0.235 -0.594 -0.804 0 -0.658 -0.753 0 -0.617 -0.751 0.235 -0.547 -0.812 0.204 -0.469 -0.748 0.469 -0.400 -0.824 0.400 -0.204 -0.812 0.547 -0.235 -0.751 0.617 0 -0.804 0.594 0 -0.753 0.658 0.235 -0.751 0.617 0.204 -0.812 0.547 0 0.340 0.940 0 0.340 0.940 -0.926 -0.157 -0.342 -0.926 0.157 -0.342 -0.698 0.159 -0.698 -0.698 -0.159 -0.698 -0.850 -0.423 0.313 -0.926 -0.157 0.342 -0.988 -0.155 0 -0.908 -0.418 0 -0.741 -0.614 -0.272 -0.793 -0.610 0 -0.850 -0.423 -0.313 -0.698 0.159 0.698 -0.926 0.157 0.342 -0.698 -0.159 0.698 -0.988 0.155 0 -0.639 -0.428 0.639 -0.639 0.428 0.639 -0.850 0.423 0.313 -0.850 0.423 -0.313 -0.908 0.418 0 -0.639 0.428 -0.639 0.639 0.428 -0.639 0.698 0.159 -0.698 0.342 0.157 -0.926 0.313 0.423 -0.850 -0.741 -0.614 0.272 -0.554 -0.621 0.554 0.926 -0.157 0.342 0.988 -0.155 0 0.988 0.155 0 0.926 0.157 0.342 -0.554 -0.621 -0.554 -0.639 -0.428 -0.639 -0.672 -0.699 0.244 -0.719 -0.695 0 -0.672 -0.699 -0.244 -0.500 -0.708 0.500 -0.741 0.614 0.272 -0.554 0.621 0.554 -0.500 0.708 0.500 -0.672 0.699 0.244 0.926 0.157 -0.342 0.926 -0.157 -0.342 0.698 -0.159 -0.698 0.850 0.423 -0.313 -0.793 0.610 0 0.698 -0.159 0.698 0.639 -0.428 0.639 0.850 -0.423 0.313 0.698 0.159 0.698 0.908 0.418 0 0.850 0.423 0.313 0.850 -0.423 -0.313 0.908 -0.418 0 0.639 -0.428 -0.639 -0.342 -0.157 -0.926 -0.313 -0.423 -0.850 -0.741 0.614 -0.272 -0.554 0.621 -0.554 0.342 -0.157 -0.926 0 -0.155 -0.988 0 0.155 -0.988 -0.672 0.699 -0.244 -0.719 0.695 0 -0.500 0.708 -0.500 0.272 0.614 -0.741 0.244 0.699 -0.672 0.500 0.708 -0.500 0.554 0.621 -0.554 -0.342 0.157 -0.926 -0.313 0.423 -0.850 -0.342 -0.157 0.926 0 -0.155 0.988 0 0.155 0.988 -0.342 0.157 0.926 -0.313 0.423 0.850 0 0.155 -0.988 0 -0.155 -0.988 0 0.418 -0.908 0 0.418 -0.908 0.313 -0.423 -0.850 0.342 -0.157 0.926 0.313 -0.423 0.850 0 -0.418 -0.908 0 -0.418 -0.908 0.342 0.157 0.926 0.639 0.428 0.639 0.313 0.423 0.850 0.272 -0.614 -0.741 0 -0.610 -0.793 0 0.418 0.908 -0.313 -0.423 0.850 -0.500 -0.708 -0.500 0 -0.418 0.908 -0.326 0.344 0.880 -0.322 0.344 0.882 -0.662 0.351 0.662 -0.662 0.351 0.662 0 0.610 -0.793 -0.272 0.614 -0.741 -0.244 0.699 -0.672 0 0.695 -0.719 -0.322 0.344 -0.882 0 0.340 -0.940 0 0.340 -0.940 -0.326 0.344 -0.880 0 0.610 -0.793 0 0.695 -0.719 0.662 0.351 0.662 0.322 0.344 0.882 0.326 0.344 0.880 0.662 0.351 0.662 0 0.340 0.940 0 0.340 0.940 -0.272 0.614 0.741 -0.244 0.699 0.672 -0.272 -0.614 -0.741 0.741 0.614 -0.272 0.793 0.610 0 0.554 -0.621 -0.554 0 -0.610 -0.793 0.500 -0.708 -0.500 0.244 -0.699 -0.672 0.500 -0.708 0.500 0.554 -0.621 0.554 0.272 -0.614 0.741 0.244 -0.699 0.672 0 -0.695 -0.719 -0.244 -0.699 -0.672 0 -0.695 -0.719 0.741 0.614 0.272 0.554 0.621 0.554 0.672 0.699 -0.244 0.741 -0.614 0.272 0.672 -0.699 0.244 0.719 0.695 0 0.672 0.699 0.244 -0.272 -0.614 0.741 0 -0.610 0.793 0.793 -0.610 0 -0.244 -0.699 0.672 0 -0.695 0.719 0.741 -0.614 -0.272 0.272 0.614 0.741 0 0.610 0.793 0.672 -0.699 -0.244 0.719 -0.695 0 0.500 0.708 0.500 0.244 0.699 0.672 0 0.695 0.719 0.052 0.998 0.019 0.052 0.998 0.019 0.038 0.999 0.038 0.038 0.999 0.038 -0.880 0.344 0.326 -0.882 0.344 0.322 -0.019 0.998 -0.052 0 0.998 -0.056 0 0.998 -0.056 -0.019 0.998 -0.052 -0.880 0.344 -0.326 -0.882 0.344 -0.322 -0.662 0.351 -0.662 -0.662 0.351 -0.662 0.038 0.999 -0.038 0.052 0.998 -0.019 0.052 0.998 -0.019 0.038 0.999 -0.038 0.056 0.998 0 0.056 0.998 0 -0.940 0.340 0 -0.940 0.340 0 0.819 0.574 0 0.642 0.766 0 0.602 0.765 0.230 0.759 0.584 0.288 0.458 0.762 -0.458 0.602 0.765 -0.230 0.759 0.584 -0.288 0.567 0.597 -0.567 0.458 0.762 0.458 0.567 0.597 0.567 0 -0.340 0.940 -0.326 -0.344 0.880 -0.322 -0.344 0.882 0 -0.340 0.940 0 -0.947 -0.323 0 -0.804 -0.594 -0.204 -0.812 -0.547 -0.112 -0.948 -0.298 0 -0.340 0.940 0 -0.340 0.940 0.322 -0.344 0.882 0.326 -0.344 0.880 0.204 -0.812 -0.547 0 -0.804 -0.594 0 -0.947 -0.323 0.112 -0.948 -0.298 -0.662 -0.351 0.662 -0.662 -0.351 0.662 -0.326 -0.344 -0.880 -0.322 -0.344 -0.882 -0.662 -0.351 -0.662 -0.662 -0.351 -0.662 0.400 -0.824 -0.400 0.221 -0.950 -0.221 -0.400 -0.824 -0.400 -0.221 -0.950 -0.221 0.326 0.344 -0.880 0.322 0.344 -0.882 0.662 0.351 -0.662 0.662 0.351 -0.662 0.882 0.344 -0.322 0.940 0.340 0 0.940 0.340 0 0.880 0.344 -0.326 0.880 0.344 0.326 0.882 0.344 0.322 0.662 -0.351 0.662 0.882 -0.344 0.322 0.880 -0.344 0.326 0.662 -0.351 0.662 0 0.574 0.819 0.288 0.584 0.759 0.230 0.765 0.602 0 0.766 0.642 0.136 0.954 0.269 0 0.960 0.281 -0.230 0.765 0.602 -0.288 0.584 0.759 0.243 0.939 0.243 -0.458 0.762 0.458 -0.567 0.597 0.567 -0.602 0.765 0.230 -0.642 0.766 0 -0.819 0.574 0 -0.759 0.584 0.288 -0.136 0.954 0.269 -0.243 0.939 0.243 0.617 -0.751 0.235 0.658 -0.753 0 0.594 -0.804 0 0.547 -0.812 0.204 0.469 -0.748 -0.469 0.400 -0.824 -0.400 0.547 -0.812 -0.204 0.617 -0.751 -0.235 0.204 -0.812 -0.547 0.235 -0.751 -0.617 0 -0.804 -0.594 0 -0.753 -0.658 -0.235 -0.751 -0.617 -0.204 -0.812 -0.547 0.400 -0.824 0.400 0.469 -0.748 0.469 0.269 -0.954 0.136 0.281 -0.960 0 0.243 -0.939 0.243 0.269 -0.954 -0.136 0.243 -0.939 -0.243 0.019 0.998 -0.052 0.019 0.998 -0.052 0.019 0.998 0.052 0 0.998 0.056 0 0.998 0.056 0.019 0.998 0.052 -0.038 0.999 -0.038 -0.038 0.999 -0.038 0 0.998 -0.056 0 0.998 -0.056 0 0.574 -0.819 0 0.766 -0.642 0.230 0.765 -0.602 0.288 0.584 -0.759 -0.458 0.762 -0.458 -0.230 0.765 -0.602 -0.288 0.584 -0.759 -0.567 0.597 -0.567 0.880 -0.344 -0.326 0.882 -0.344 -0.322 0.662 -0.351 -0.662 0.662 -0.351 -0.662 -0.323 -0.947 0 -0.594 -0.804 0 -0.547 -0.812 0.204 -0.298 -0.948 0.112 -0.880 -0.344 -0.326 -0.882 -0.344 -0.322 -0.547 -0.812 -0.204 -0.298 -0.948 -0.112 0.940 -0.340 0 0.940 -0.340 0 -0.400 -0.824 0.400 -0.221 -0.950 0.221 0 -0.340 -0.940 0.326 -0.344 -0.880 0.322 -0.344 -0.882 0 -0.340 -0.940 0 -0.947 0.323 0 -0.804 0.594 0.204 -0.812 0.547 0.112 -0.948 0.298 -0.204 -0.812 0.547 -0.112 -0.948 0.298 0.400 -0.824 0.400 0.221 -0.950 0.221 -0.880 -0.344 0.326 -0.882 -0.344 0.322 0.323 -0.947 0 0.594 -0.804 0 0.547 -0.812 -0.204 0.298 -0.948 -0.112 0.547 -0.812 0.204 0.298 -0.948 0.112 -0.940 -0.340 0 -0.940 -0.340 0 -0.019 0.998 0.052 -0.019 0.998 0.052 -0.038 0.999 0.038 -0.038 0.999 0.038 -0.052 0.998 0.019 -0.056 0.998 0 -0.056 0.998 0 -0.052 0.998 0.019 -0.052 0.998 -0.019 -0.052 0.998 -0.019 -0.759 0.584 -0.288 -0.601 0.765 -0.230 0 1.000 0 0 0.995 -0.102 -0.108 0.988 -0.108 -0.102 0.995 0 -0.269 0.954 -0.136 -0.281 0.960 0 0 0.960 -0.281 -0.136 0.954 -0.269 -0.243 0.939 -0.243 -0.108 0.988 0.108 0 0.995 0.102 -0.269 0.954 0.136 0.108 0.988 0.108 0.102 0.995 0 0.269 0.954 0.136 0.281 0.960 0 0.108 0.988 -0.108 0.136 0.954 -0.269 0.269 0.954 -0.136 0.243 0.939 -0.243 0 -1.000 0 0 -0.995 -0.102 0.108 -0.988 -0.108 0.102 -0.995 0 0 -0.960 -0.281 0.136 -0.954 -0.269 0.108 -0.988 0.108 0 -0.995 0.102 0.136 -0.954 0.269 0 -0.960 0.281 -0.108 -0.988 0.108 -0.102 -0.995 0 -0.269 -0.954 0.136 -0.281 -0.960 0 -0.136 -0.954 0.269 -0.243 -0.939 0.243 -0.108 -0.988 -0.108 -0.136 -0.954 -0.269 -0.269 -0.954 -0.136 -0.243 -0.939 -0.243 -0.469 -0.748 -0.469 -0.400 -0.824 -0.400 -0.547 -0.812 -0.204 -0.617 -0.751 -0.235 -0.594 -0.804 0 -0.658 -0.753 0 -0.617 -0.751 0.235 -0.547 -0.812 0.204 -0.469 -0.748 0.469 -0.400 -0.824 0.400 -0.204 -0.812 0.547 -0.235 -0.751 0.617 0 -0.804 0.594 0 -0.753 0.658 0.235 -0.751 0.617 0.204 -0.812 0.547 0 0.340 0.940 0 0.340 0.940 0 -1.000 0 0 -1.000 0 0 -1.000 0 0 -1.000 0 -0.011 0 -1.000 -0.010 0 -1.000 -0.010 0 -1.000 -0.011 0 -1.000 0.011 0 1.000 0.011 0 1.000 0.011 0 1.000 0.011 0 1.000 0 1.000 0 0 1.000 0 0 1.000 0 0 1.000 0 -0.008 0.707 -0.707 -0.008 0.707 -0.707 -0.008 0.707 -0.707 -0.008 0.707 -0.707 0.008 0.707 0.707 0.008 0.707 0.707 0.008 0.707 0.707 0.008 0.707 0.707 -0.008 -0.707 -0.707 -0.008 -0.707 -0.707 -0.008 -0.707 -0.707 -0.008 -0.707 -0.707 0.008 -0.707 0.707 0.008 -0.707 0.707 0.008 -0.707 0.707 0.008 -0.707 0.707 -0.011 0 -1.000 -0.011 0 -1.000 -0.010 0 -1.000 -0.010 0 -1.000 0.007 0.707 0.707 0.007 0.707 0.707 0.010 0 1.000 0.010 0 1.000 -0.007 0.707 -0.707 -0.007 0.707 -0.707 0 1.000 0 0 1.000 0 0.007 -0.707 0.707 0.007 -0.707 0.707 0 -1.000 0 0 -1.000 0 -0.007 -0.707 -0.707 -0.007 -0.707 -0.707 -0.007 -0.707 -0.707 -0.007 -0.707 -0.707 -0.007 0.707 -0.707 -0.007 0.707 -0.707 0 1.000 0 0 1.000 0 0 -1.000 0 0 -1.000 0 0.007 -0.707 0.707 0.007 -0.707 0.707 0.007 0.707 0.707 0.007 0.707 0.707 0.010 0 1.000 0.010 0 1.000 0.004 0.933 0.360 0.004 0.933 0.360 0.004 0.933 0.360 0.004 0.933 0.360 -0.004 -0.933 -0.360 -0.004 -0.933 -0.360 -0.004 -0.933 -0.360 -0.004 -0.933 -0.360 -0.004 -0.933 -0.360 -0.004 -0.933 -0.360 -0.004 -0.933 -0.360 -0.004 -0.933 -0.360 0.004 0.933 0.360 0.004 0.933 0.360 1.000 0 -0.011 1.000 0 -0.011 1.000 0 -0.011 1.000 0 -0.011 -0.010 0.360 -0.933 -0.010 0.360 -0.933 -0.010 0.360 -0.933 -0.010 0.360 -0.933 0.010 -0.360 0.933 0.010 -0.360 0.933 0.010 -0.360 0.933 0.010 -0.360 0.933 0.010 -0.360 0.933 0.010 -0.360 0.933 -0.010 0.360 -0.933 -0.010 0.360 -0.933 -1.000 0 0.011 -1.000 0 0.011 -1.000 0 0.011 -1.000 0 0.011 0.010 -0.360 0.933 0.010 -0.360 0.933 0.004 0.933 0.360 0.004 0.933 0.360 -0.010 0.360 -0.933 -0.010 0.360 -0.933 -0.063 -0.002 0.998 -0.067 -0.353 0.933 -0.067 -0.347 0.935 -0.063 -0.003 0.998 -0.160 0.934 -0.318 -0.162 0.927 -0.340 -0.138 0.990 0.026 -0.137 0.989 0.046 0.150 0.675 -0.723 -0.180 0.704 -0.687 0.162 -0.669 -0.726 -0.145 -0.936 -0.321 -0.147 -0.928 -0.342 -0.169 -0.705 -0.689 -0.080 -0.690 0.719 -0.101 -0.918 0.384 -0.099 -0.909 0.406 -0.080 -0.679 0.730 -0.072 0.342 0.937 -0.073 0.349 0.934 0.118 0.003 -0.993 -0.186 0 -0.983 -0.188 0.362 -0.913 0.122 0.348 -0.930 -0.121 -0.992 0.043 -0.122 -0.992 0.023 -0.116 0.915 0.387 -0.114 0.905 0.409 0.118 0.003 -0.993 0.129 -0.341 -0.931 -0.182 -0.362 -0.914 -0.186 0 -0.983 0.810 0.283 0.513 0.810 0.281 0.514 0.764 0.542 0.350 0.764 0.542 0.350 0.695 0.713 0.098 0.695 0.712 0.100 -0.091 0.674 0.733 -0.092 0.687 0.721 0.710 -0.698 0.096 0.709 -0.699 0.094 0.775 -0.528 0.347 0.775 -0.528 0.347 0.816 -0.267 0.512 0.816 -0.269 0.512 0.553 0.712 -0.433 0.553 0.713 -0.431 0.488 0.542 -0.684 0.447 0.281 -0.850 0.452 -0.267 -0.851 0.499 -0.528 -0.687 0.568 -0.699 -0.435 0.568 -0.698 -0.437 0.621 0.766 -0.166 0.621 0.766 -0.166 0.434 0.007 -0.901 0.434 0.007 -0.901 0.637 -0.752 -0.170 0.637 -0.752 -0.170 0.825 0.007 0.565 0.825 0.007 0.565 -0.757 0.599 0.262 -0.757 0.600 0.259 -0.749 0.452 0.485 -0.749 0.452 0.485 -0.740 0.225 0.633 -0.741 0.228 0.632 -0.735 -0.245 0.632 -0.735 -0.242 0.633 -0.739 -0.468 0.485 -0.739 -0.468 0.485 -0.744 -0.616 0.258 -0.744 -0.615 0.262 -0.781 0.228 -0.581 -0.781 0.225 -0.583 -0.779 0.452 -0.434 -0.779 0.452 -0.434 -0.772 0.600 -0.208 -0.773 0.599 -0.211 -0.760 -0.615 -0.212 -0.759 -0.616 -0.208 -0.770 -0.468 -0.435 -0.770 -0.468 -0.435 -0.776 -0.242 -0.583 -0.776 -0.245 -0.582 -0.763 0.646 0.025 -0.763 0.646 0.025 -0.777 -0.008 -0.629 -0.777 -0.008 -0.629 -0.777 -0.008 -0.629 -0.777 -0.008 -0.629 -0.749 -0.663 0.025 -0.749 -0.663 0.025 -0.734 -0.008 0.679 -0.734 -0.008 0.679 0.966 0.011 -0.258 0.966 0.011 -0.258 0.966 0.011 -0.258 0.966 0.011 -0.258 0.966 0.011 -0.258 0.966 0.011 -0.258 0.966 0.011 -0.258 0.966 0.011 -0.258 0.966 0.011 -0.258 0.966 0.011 -0.258 0.966 0.011 -0.258 0.966 0.011 -0.258 0.966 0.011 -0.258 0.966 0.011 -0.258 0.966 0.011 -0.258 0.966 0.011 -0.258 -0.999 -0.011 0.033 -0.999 -0.011 0.033 -0.999 -0.011 0.033 -0.999 -0.011 0.033 -0.999 -0.011 0.033 -0.999 -0.011 0.033 -0.999 -0.011 0.033 -0.999 -0.011 0.033 -0.999 -0.011 0.033 -0.999 -0.011 0.033 -0.999 -0.011 0.033 -0.999 -0.011 0.033 -0.999 -0.011 0.033 -0.999 -0.011 0.033 -0.999 -0.011 0.033 -0.999 -0.011 0.033 0.995 -0.001 0.101 0.995 -0.001 0.101 0.927 -0.363 0.099 0.926 -0.363 0.099 0 0.994 0.113 -0.362 0.925 0.113 -0.362 0.925 0.113 0 0.994 0.113 -0.703 0.702 0.112 -0.703 0.702 0.112 -0.362 -0.927 0.092 -0.362 -0.928 0.092 -0.703 -0.704 0.095 -0.703 -0.704 0.095 0.703 -0.704 0.095 0.362 -0.928 0.092 0.362 -0.927 0.092 0.703 -0.704 0.095 0.926 0.361 0.107 0.927 0.360 0.107 -0.995 -0.001 0.101 -0.995 -0.001 0.101 -0.927 0.360 0.107 -0.926 0.361 0.107 0 -0.996 0.090 0 -0.996 0.090 0 0.994 0.113 0 0.994 0.113 0.362 0.925 0.113 0.362 0.925 0.113 -0.926 -0.363 0.099 -0.927 -0.363 0.099 0.705 0.283 -0.651 0.706 0.281 -0.651 0.535 0.542 -0.648 0.535 0.542 -0.648 0.274 0.713 -0.646 0.276 0.712 -0.646 0.703 0.702 0.112 0.703 0.702 0.112 0.276 -0.698 -0.661 0.274 -0.699 -0.661 0.535 -0.528 -0.659 0.535 -0.528 -0.659 0.706 -0.267 -0.656 0.705 -0.269 -0.656 -0.276 0.712 -0.646 -0.274 0.713 -0.646 -0.535 0.542 -0.648 -0.535 0.542 -0.648 -0.706 0.281 -0.651 -0.705 0.283 -0.651 -0.705 -0.269 -0.656 -0.706 -0.267 -0.656 -0.535 -0.528 -0.659 -0.535 -0.528 -0.659 -0.274 -0.699 -0.661 -0.276 -0.698 -0.661 0 0.766 -0.643 0 0.766 -0.643 0 0.766 -0.643 0 0.766 -0.643 -0.759 0.007 -0.651 -0.759 0.007 -0.651 0 -0.752 -0.660 0 -0.752 -0.660 0.759 0.007 -0.651 0.759 0.007 -0.651 0.237 0.599 0.765 0.234 0.600 0.765 0.460 0.452 0.765 0.460 0.452 0.765 0.608 0.225 0.761 0.607 0.228 0.761 0.607 -0.245 0.756 0.608 -0.242 0.756 0.460 -0.468 0.755 0.460 -0.468 0.755 0.234 -0.616 0.752 0.237 -0.615 0.752 -0.607 0.228 0.761 -0.608 0.225 0.761 -0.460 0.452 0.765 -0.460 0.452 0.765 -0.234 0.600 0.765 -0.237 0.599 0.765 -0.237 -0.615 0.752 -0.234 -0.616 0.752 -0.460 -0.468 0.755 -0.460 -0.468 0.755 -0.608 -0.242 0.756 -0.607 -0.245 0.756 0 0.646 0.763 0 0.646 0.763 0 0.646 0.763 0 0.646 0.763 -0.654 -0.008 0.756 -0.654 -0.008 0.756 0 -0.663 0.749 0 -0.663 0.749 0.654 -0.008 0.756 0.654 -0.008 0.756 0 0.011 -1.000 0 0.011 -1.000 0 0.011 -1.000 0 0.011 -1.000 0 0.011 -1.000 0 0.011 -1.000 0 0.011 -1.000 0 0.011 -1.000 0 0.011 -1.000 0 0.011 -1.000 0 0.011 -1.000 0 0.011 -1.000 0 0.011 -1.000 0 0.011 -1.000 0 0.011 -1.000 0 0.011 -1.000 0 -0.011 1.000 0 -0.011 1.000 0 -0.011 1.000 0 -0.011 1.000 0 -0.011 1.000 0 -0.011 1.000 0 -0.011 1.000 0 -0.011 1.000 0 -0.011 1.000 0 -0.011 1.000 0 -0.011 1.000 0 -0.011 1.000 0 -0.011 1.000 0 -0.011 1.000 0 -0.011 1.000 0 -0.011 1.000 -0.094 -0.994 0.051 -0.083 -0.997 0.001 -0.115 -0.993 0 -0.111 -0.992 0.062 -0.112 -0.987 0.115 -0.098 -0.990 0.099 -0.111 -0.990 0.087 -0.090 -0.995 0.035 -0.077 -0.997 0.001 -0.114 -0.616 0.780 -0.103 -0.404 0.909 -0.154 -0.384 0.910 -0.135 -0.532 0.836 -0.140 -0.988 0.058 -0.147 -0.989 0 -0.055 -0.440 0.896 -0.093 -0.678 0.729 -0.127 -0.990 0.062 -0.130 -0.991 0.007 -0.069 -0.342 0.937 -0.060 -0.404 0.913 -0.108 -0.631 0.768 -0.127 -0.523 0.843 -0.029 -0.429 0.903 0.004 -0.284 0.959 0.126 0.989 -0.072 0.133 0.991 -0.032 0.080 0.996 -0.032 0.060 0.996 -0.068 -0.268 0 -0.963 0.022 -0.341 -0.940 -0.288 -0.380 -0.879 -0.268 0 -0.963 0.404 0.411 0.817 0.295 0.390 0.873 0.306 0.574 0.759 0.393 0.564 0.727 -0.207 -0.967 -0.149 -0.153 -0.984 -0.090 0.954 0 0.300 0.932 -0.280 0.232 0.956 -0.237 -0.173 1.000 0 0 -0.120 -0.990 0.074 -0.112 -0.994 0.015 0.045 -0.999 -0.013 -0.081 -0.993 0.082 0.074 -0.996 -0.054 -0.014 -0.993 0.114 -0.027 -0.961 0.276 -0.181 -0.959 0.220 -0.141 -0.978 0.155 0.071 0.997 0.009 0.010 0.971 0.239 0.012 0.999 0.042 0.046 0.999 -0.019 0.126 0.990 -0.066 0.243 0.966 -0.089 0.205 0.977 -0.057 0.111 0.993 -0.028 0.124 0.990 -0.065 0.128 0.991 -0.033 0.126 0.648 -0.751 0.125 0.668 -0.734 0.088 0.434 -0.896 0.093 0.417 -0.904 0.150 0.318 -0.936 0.281 0.460 -0.842 0.040 0.420 -0.907 0.073 0.610 -0.789 -0.042 0.584 -0.810 -0.087 0.412 -0.907 0.070 0.436 -0.897 0.100 0.652 -0.751 -0.525 0.190 -0.830 -0.525 0.190 -0.830 -0.525 0.190 -0.830 -0.525 0.190 -0.830 -0.184 0.425 -0.886 -0.156 0.571 -0.806 -0.117 -0.339 -0.933 -0.115 -0.769 -0.629 -0.009 -0.265 -0.964 -0.159 -0.291 -0.943 -0.114 0.403 0.908 -0.112 0.599 0.793 0.403 0 0.915 0.273 0 0.962 -0.151 0 0.989 0.374 -0.223 -0.900 0.856 -0.414 -0.308 0.528 -0.126 -0.840 0.905 -0.108 -0.412 0.326 0.940 -0.099 -0.085 -0.397 -0.914 -0.122 -0.368 -0.922 -0.122 -0.368 -0.922 -0.072 -0.406 -0.911 -0.035 -0.433 -0.901 -0.035 -0.433 -0.901 0.003 0.455 -0.891 0.035 0.428 -0.903 0.035 0.428 -0.903 -0.005 0.462 -0.887 -0.053 0.920 -0.389 -0.142 0.693 -0.707 -0.135 0.822 0.553 -0.131 0.713 0.688 -0.230 0.659 0.716 -0.214 0.736 0.642 -0.609 0.575 0.546 -0.316 0.817 0.482 0.012 0.999 0.042 0.010 0.971 0.239 -0.050 0.750 0.660 -0.243 0.853 -0.463 0.025 1.000 -0.001 0.052 0.997 -0.058 0.089 0.995 0.052 -0.967 0.180 0.179 -0.908 0.173 0.381 -0.680 0.718 -0.148 -0.680 0.718 -0.148 -0.680 0.718 -0.148 -0.680 0.718 -0.148 0.851 0.512 0.114 0.851 0.512 0.114 0.919 0.338 0.204 0.929 0.296 0.224 -0.991 -0.057 -0.119 -0.990 -0.071 -0.125 -0.989 -0.072 -0.126 -0.991 -0.057 -0.119 -0.400 0.358 0.844 -0.386 0.563 0.730 0.486 0 -0.874 0.486 0 -0.874 0.952 0 0.307 0.952 0 0.307 -0.991 0 -0.132 -0.991 0 -0.132 -0.399 0 0.917 0.980 0.013 -0.199 0.959 -0.201 -0.199 0.979 -0.119 -0.168 0.979 0.088 -0.182 0.986 -0.075 -0.150 0.985 0.081 -0.153 0.985 0.081 -0.153 0.946 0.286 -0.150 0.939 0.305 -0.160 0.979 0.088 -0.182 0.922 0.343 -0.181 0.980 0.013 -0.199 0.078 0.921 -0.383 0.044 0.769 -0.637 -0.002 0.815 -0.580 0.144 0.985 -0.099 0.232 0.037 -0.972 0.335 -0.297 -0.894 0.398 -0.132 -0.908 0.398 -0.132 -0.908 0.232 0.037 -0.972 0.081 0 0.997 0.038 0 0.999 0.080 -0.244 0.967 0.610 0.326 -0.723 0.661 0.104 -0.743 0.661 0.104 -0.743 0.407 0.531 -0.743 -0.065 -0.396 -0.916 -0.065 -0.396 -0.916 0.290 0.848 -0.443 0.407 0.531 -0.743 0.526 0.531 -0.664 0.610 0.326 -0.723 -0.127 -0.984 0.124 -0.117 -0.990 -0.076 -0.113 -0.993 -0.032 0.118 0.992 -0.050 0.154 0.988 0.019 0.237 0.970 -0.062 0.294 0.954 -0.062 0.380 0.920 -0.093 0.193 0.966 0.172 0.164 0.982 0.094 -0.142 -0.984 -0.110 0.070 0.971 -0.230 0.075 0.990 -0.115 0.081 0.970 -0.231 0.083 0.990 -0.116 0.082 0.996 0.021 0.036 -0.998 -0.060 0.121 -0.992 -0.047 0.368 -0.925 -0.095 0.247 -0.967 -0.056 -0.273 -0.842 -0.464 -0.209 -0.942 -0.262 -0.092 -0.970 -0.223 -0.087 -0.990 -0.109 -0.078 -0.991 -0.113 -0.076 -0.972 -0.224 -0.009 0 1.000 -0.011 0 1.000 0.072 0 -0.997 0.052 0 -0.999 -0.007 0 1.000 0.043 0 -0.999 0.077 -0.396 0.915 0.009 0 -1.000 -0.116 0 -0.993 1.000 0 0 -1.000 0 0.021 -0.966 0 0.260 0.797 -0.300 0.524 0.843 0 0.538 0.133 0 -0.991 -0.132 -0.984 0.120 0.707 -0.519 0.480 0.856 -0.502 0.121 0.136 -0.982 -0.128 0.111 -0.991 0.077 0.403 -0.514 -0.757 0.403 -0.514 -0.757 0.398 -0.132 -0.908 0.335 -0.297 -0.894 0.079 -0.954 0.289 0.479 0.294 -0.827 0.080 0.996 0.044 -1.000 0 0 -1.000 0 0 -1.000 0 0 -1.000 0 0 -1.000 0 0 -1.000 0 0 -1.000 0 0 -1.000 0 0 -1.000 0 0 -1.000 0 0 -1.000 0 0 -1.000 0 0 -1.000 0 0 -0.218 0 -0.976 0.468 0 -0.884 0.697 0 -0.717 0.133 0 -0.991 -0.955 0 -0.298 -0.952 0.071 -0.297 0.036 0 -0.999 -0.093 0 0.996 -0.175 0 0.985 -0.094 0.994 0.051 -0.111 0.992 0.062 -0.115 0.993 0 -0.083 0.997 0.001 -0.098 0.990 0.099 -0.112 0.987 0.115 -0.090 0.995 0.035 -0.111 0.990 0.087 -0.077 0.997 0.001 -0.114 0.616 0.780 -0.135 0.532 0.836 -0.154 0.384 0.910 -0.103 0.404 0.909 -0.140 0.988 0.058 -0.147 0.989 0 -0.055 0.440 0.896 -0.093 0.678 0.729 -0.127 0.990 0.062 -0.130 0.991 0.007 -0.069 0.342 0.937 -0.127 0.523 0.843 -0.108 0.631 0.768 -0.060 0.404 0.913 0.004 0.284 0.959 -0.029 0.429 0.903 0.080 -0.996 -0.032 0.133 -0.991 -0.032 0.126 -0.989 -0.072 0.060 -0.996 -0.068 -0.288 0.380 -0.879 0.022 0.341 -0.940 0.306 -0.574 0.759 0.295 -0.390 0.873 0.404 -0.411 0.817 0.393 -0.564 0.727 -0.153 0.984 -0.090 -0.207 0.967 -0.149 0.956 0.237 -0.173 0.932 0.280 0.232 0.045 0.999 -0.013 -0.112 0.994 0.015 -0.120 0.990 0.074 -0.081 0.993 0.082 -0.014 0.993 0.114 0.074 0.996 -0.054 -0.181 0.959 0.220 -0.027 0.961 0.276 -0.141 0.978 0.155 0.071 -0.997 0.009 0.046 -0.999 -0.019 0.012 -0.999 0.042 0.010 -0.971 0.239 0.126 -0.990 -0.066 0.111 -0.993 -0.028 0.205 -0.977 -0.057 0.243 -0.966 -0.089 0.128 -0.991 -0.033 0.124 -0.990 -0.065 0.088 -0.434 -0.896 0.125 -0.668 -0.734 0.126 -0.648 -0.751 0.093 -0.417 -0.904 0.281 -0.460 -0.842 0.150 -0.318 -0.936 0.040 -0.420 -0.907 -0.087 -0.412 -0.907 -0.042 -0.584 -0.810 0.073 -0.610 -0.789 0.100 -0.652 -0.751 0.070 -0.436 -0.897 -0.525 -0.190 -0.830 -0.525 -0.190 -0.830 -0.525 -0.190 -0.830 -0.525 -0.190 -0.830 -0.184 -0.425 -0.886 -0.156 -0.571 -0.806 -0.117 0.339 -0.933 -0.159 0.291 -0.943 -0.009 0.265 -0.964 -0.115 0.769 -0.629 -0.114 -0.403 0.908 -0.112 -0.599 0.793 0.273 0 0.962 0.403 0 0.915 -0.151 0 0.989 0.374 0.223 -0.900 0.528 0.126 -0.840 0.856 0.414 -0.308 0.905 0.108 -0.412 0.326 -0.940 -0.099 -0.085 0.397 -0.914 -0.072 0.406 -0.911 -0.122 0.368 -0.922 -0.122 0.368 -0.922 -0.035 0.433 -0.901 -0.035 0.433 -0.901 0.003 -0.455 -0.891 -0.005 -0.462 -0.887 0.035 -0.428 -0.903 0.035 -0.428 -0.903 -0.142 -0.693 -0.707 -0.053 -0.920 -0.389 -0.135 -0.822 0.553 -0.214 -0.736 0.642 -0.230 -0.659 0.716 -0.131 -0.713 0.688 -0.316 -0.817 0.482 -0.609 -0.575 0.546 0.010 -0.971 0.239 0.012 -0.999 0.042 -0.050 -0.750 0.660 -0.243 -0.853 -0.463 0.025 -1.000 -0.001 0.089 -0.995 0.052 0.052 -0.997 -0.058 -0.967 -0.180 0.179 -0.908 -0.173 0.381 -0.680 -0.718 -0.148 -0.680 -0.718 -0.148 -0.680 -0.718 -0.148 -0.680 -0.718 -0.148 0.851 -0.512 0.114 0.929 -0.296 0.224 0.919 -0.338 0.204 0.851 -0.512 0.114 -0.989 0.072 -0.126 -0.990 0.071 -0.125 -0.991 0.057 -0.119 -0.991 0.057 -0.119 -0.386 -0.563 0.730 -0.400 -0.358 0.844 0.952 0 0.307 0.952 0 0.307 -0.399 0 0.917 0.979 0.119 -0.168 0.959 0.201 -0.199 0.980 -0.013 -0.199 0.979 -0.088 -0.182 0.985 -0.081 -0.153 0.986 0.075 -0.150 0.939 -0.305 -0.160 0.946 -0.286 -0.150 0.985 -0.081 -0.153 0.979 -0.088 -0.182 0.980 -0.013 -0.199 0.922 -0.343 -0.181 0.078 -0.921 -0.383 0.144 -0.985 -0.099 -0.002 -0.815 -0.580 0.044 -0.769 -0.637 0.232 -0.037 -0.972 0.398 0.132 -0.908 0.335 0.297 -0.894 0.398 0.132 -0.908 0.232 -0.037 -0.972 0.080 0.244 0.967 0.661 -0.104 -0.743 0.661 -0.104 -0.743 0.610 -0.326 -0.723 0.407 -0.531 -0.743 -0.065 0.396 -0.916 -0.065 0.396 -0.916 0.290 -0.848 -0.443 0.407 -0.531 -0.743 0.610 -0.326 -0.723 0.526 -0.531 -0.664 -0.127 0.984 0.124 -0.117 0.990 -0.076 -0.113 0.993 -0.032 0.154 -0.988 0.019 0.118 -0.992 -0.050 0.237 -0.970 -0.062 0.294 -0.954 -0.062 0.380 -0.920 -0.093 0.193 -0.966 0.172 0.164 -0.982 0.094 -0.142 0.984 -0.110 0.070 -0.971 -0.230 0.075 -0.990 -0.115 0.083 -0.990 -0.116 0.081 -0.970 -0.231 0.082 -0.996 0.021 0.036 0.998 -0.060 0.121 0.992 -0.047 0.247 0.967 -0.056 0.368 0.925 -0.095 -0.273 0.842 -0.464 -0.209 0.942 -0.262 -0.092 0.970 -0.223 -0.087 0.990 -0.109 -0.078 0.991 -0.113 -0.076 0.972 -0.224 0.077 0.396 0.915 0.797 0.300 0.524 -0.132 0.984 0.120 0.856 0.502 0.121 0.707 0.519 0.480 0.111 0.991 0.077 0.136 0.982 -0.128 0.403 0.514 -0.757 0.335 0.297 -0.894 0.398 0.132 -0.908 0.403 0.514 -0.757 0.079 0.954 0.289 0.479 -0.294 -0.827 0.080 -0.996 0.044 -1.000 0 0 -1.000 0 0 -1.000 0 0 -1.000 0 0 -1.000 0 0 -1.000 0 0 -1.000 0 0 -1.000 0 0 -1.000 0 0 -1.000 0 0 -1.000 0 0 -0.952 -0.071 -0.297 0.926 -0.157 -0.342 0.698 -0.159 -0.698 0.698 0.159 -0.698 0.926 0.157 -0.342 0.988 -0.155 0 0.926 -0.157 0.342 0.850 -0.423 0.313 0.908 -0.418 0 0.793 -0.610 0 0.741 -0.614 -0.272 0.850 -0.423 -0.313 0.926 0.157 0.342 0.698 0.159 0.698 0.698 -0.159 0.698 0.988 0.155 0 0.639 -0.428 0.639 0.639 0.428 0.639 0.850 0.423 0.313 0.850 0.423 -0.313 0.908 0.418 0 0.639 0.428 -0.639 -0.342 0.157 -0.926 -0.698 0.159 -0.698 -0.639 0.428 -0.639 -0.313 0.423 -0.850 0.554 -0.621 0.554 0.741 -0.614 0.272 -0.988 0.155 0 -0.988 -0.155 0 -0.926 -0.157 0.342 -0.926 0.157 0.342 0.554 -0.621 -0.554 0.639 -0.428 -0.639 0.672 -0.699 0.244 0.719 -0.695 0 0.672 -0.699 -0.244 0.500 -0.708 0.500 0.500 0.708 0.500 0.554 0.621 0.554 0.741 0.614 0.272 0.672 0.699 0.244 -0.926 0.157 -0.342 -0.698 -0.159 -0.698 -0.926 -0.157 -0.342 -0.850 0.423 -0.313 0.793 0.610 0 -0.639 -0.428 0.639 -0.698 -0.159 0.698 -0.850 -0.423 0.313 -0.698 0.159 0.698 -0.908 0.418 0 -0.850 0.423 0.313 -0.850 -0.423 -0.313 -0.908 -0.418 0 -0.639 -0.428 -0.639 0.342 -0.157 -0.926 0.313 -0.423 -0.850 0.554 0.621 -0.554 0.741 0.614 -0.272 0 0.155 -0.988 0 -0.155 -0.988 -0.342 -0.157 -0.926 0.672 0.699 -0.244 0.719 0.695 0 0.500 0.708 -0.500 -0.272 0.614 -0.741 -0.554 0.621 -0.554 -0.500 0.708 -0.500 -0.244 0.699 -0.672 0.342 0.157 -0.926 0.313 0.423 -0.850 0 0.155 0.988 0 -0.155 0.988 0.342 -0.157 0.926 0.342 0.157 0.926 0.313 0.423 0.850 0 -0.155 -0.988 0 0.155 -0.988 0 0.418 -0.908 0 0.418 -0.908 -0.313 -0.423 -0.850 -0.342 -0.157 0.926 -0.313 -0.423 0.850 0 -0.418 -0.908 0 -0.418 -0.908 -0.342 0.157 0.926 -0.639 0.428 0.639 -0.313 0.423 0.850 0 -0.610 -0.793 -0.272 -0.614 -0.741 0 0.418 0.908 0.313 -0.423 0.850 0.500 -0.708 -0.500 0 -0.418 0.908 0.326 0.344 0.880 0.662 0.351 0.662 0.662 0.351 0.662 0.322 0.344 0.882 0 0.610 -0.793 0 0.695 -0.719 0.244 0.699 -0.672 0.272 0.614 -0.741 0 0.340 -0.940 0 0.340 -0.940 0.322 0.344 -0.882 0.326 0.344 -0.880 0 0.610 -0.793 0 0.695 -0.719 -0.326 0.344 0.880 -0.322 0.344 0.882 -0.662 0.351 0.662 -0.662 0.351 0.662 0 0.340 0.940 0 0.340 0.940 0.272 0.614 0.741 0.244 0.699 0.672 0.272 -0.614 -0.741 -0.793 0.610 0 -0.741 0.614 -0.272 -0.554 -0.621 -0.554 0 -0.610 -0.793 -0.500 -0.708 -0.500 -0.244 -0.699 -0.672 -0.272 -0.614 0.741 -0.554 -0.621 0.554 -0.500 -0.708 0.500 -0.244 -0.699 0.672 0 -0.695 -0.719 0.244 -0.699 -0.672 0 -0.695 -0.719 -0.554 0.621 0.554 -0.741 0.614 0.272 -0.672 0.699 -0.244 -0.741 -0.614 0.272 -0.672 -0.699 0.244 -0.719 0.695 0 -0.672 0.699 0.244 0 -0.610 0.793 0.272 -0.614 0.741 -0.793 -0.610 0 0.244 -0.699 0.672 0 -0.695 0.719 -0.741 -0.614 -0.272 0 0.610 0.793 -0.272 0.614 0.741 -0.672 -0.699 -0.244 -0.719 -0.695 0 -0.500 0.708 0.500 -0.244 0.699 0.672 0 0.695 0.719 -0.052 0.998 0.019 -0.038 0.999 0.038 -0.038 0.999 0.038 -0.052 0.998 0.019 0.880 0.344 0.326 0.882 0.344 0.322 0 0.998 -0.056 0 0.998 -0.056 0.019 0.998 -0.052 0.019 0.998 -0.052 0.880 0.344 -0.326 0.662 0.351 -0.662 0.662 0.351 -0.662 0.882 0.344 -0.322 -0.052 0.998 -0.019 -0.052 0.998 -0.019 -0.038 0.999 -0.038 -0.038 0.999 -0.038 -0.056 0.998 0 -0.056 0.998 0 0.940 0.340 0 0.940 0.340 0 -0.819 0.574 0 -0.759 0.584 0.288 -0.602 0.765 0.230 -0.642 0.766 0 -0.759 0.584 -0.288 -0.602 0.765 -0.230 -0.458 0.762 -0.458 -0.567 0.597 -0.567 -0.567 0.597 0.567 -0.458 0.762 0.458 0 -0.340 0.940 0 -0.340 0.940 0.322 -0.344 0.882 0.326 -0.344 0.880 0 -0.947 -0.323 0.112 -0.948 -0.298 0.204 -0.812 -0.547 0 -0.804 -0.594 0 -0.340 0.940 -0.326 -0.344 0.880 -0.322 -0.344 0.882 0 -0.340 0.940 0 -0.947 -0.323 0 -0.804 -0.594 -0.204 -0.812 -0.547 -0.112 -0.948 -0.298 0.662 -0.351 0.662 0.662 -0.351 0.662 0.326 -0.344 -0.880 0.662 -0.351 -0.662 0.662 -0.351 -0.662 0.322 -0.344 -0.882 -0.400 -0.824 -0.400 -0.221 -0.950 -0.221 0.221 -0.950 -0.221 0.400 -0.824 -0.400 -0.326 0.344 -0.880 -0.662 0.351 -0.662 -0.662 0.351 -0.662 -0.322 0.344 -0.882 -0.940 0.340 0 -0.940 0.340 0 -0.882 0.344 -0.322 -0.880 0.344 -0.326 -0.880 0.344 0.326 -0.882 0.344 0.322 -0.880 -0.344 0.326 -0.882 -0.344 0.322 -0.662 -0.351 0.662 -0.662 -0.351 0.662 -0.230 0.765 0.602 -0.288 0.584 0.759 0 0.574 0.819 0 0.766 0.642 0 0.960 0.281 -0.136 0.954 0.269 0.230 0.765 0.602 0.288 0.584 0.759 -0.243 0.939 0.243 0.458 0.762 0.458 0.567 0.597 0.567 0.819 0.574 0 0.642 0.766 0 0.602 0.765 0.230 0.759 0.584 0.288 0.136 0.954 0.269 0.243 0.939 0.243 -0.594 -0.804 0 -0.659 -0.753 0 -0.617 -0.751 0.235 -0.547 -0.812 0.204 -0.469 -0.748 -0.469 -0.617 -0.751 -0.235 -0.547 -0.812 -0.204 -0.400 -0.824 -0.400 -0.204 -0.812 -0.547 -0.235 -0.751 -0.617 0 -0.804 -0.594 0.204 -0.812 -0.547 0.235 -0.751 -0.617 0 -0.753 -0.658 -0.469 -0.748 0.469 -0.400 -0.824 0.400 -0.281 -0.960 0 -0.269 -0.954 0.136 -0.243 -0.939 0.243 -0.269 -0.954 -0.136 -0.243 -0.939 -0.243 -0.019 0.998 -0.052 -0.019 0.998 -0.052 0 0.998 0.056 0 0.998 0.056 -0.019 0.998 0.052 -0.019 0.998 0.052 0.038 0.999 -0.038 0.038 0.999 -0.038 0 0.998 -0.056 0 0.998 -0.056 0 0.574 -0.819 -0.288 0.584 -0.759 -0.230 0.765 -0.602 0 0.766 -0.642 0.458 0.762 -0.458 0.567 0.597 -0.567 0.288 0.584 -0.759 0.230 0.765 -0.602 -0.880 -0.344 -0.326 -0.662 -0.351 -0.662 -0.662 -0.351 -0.662 -0.882 -0.344 -0.322 0.323 -0.947 0 0.298 -0.948 0.112 0.547 -0.812 0.204 0.594 -0.804 0 0.880 -0.344 -0.326 0.882 -0.344 -0.322 0.547 -0.812 -0.204 0.298 -0.948 -0.112 -0.940 -0.340 0 -0.940 -0.340 0 0.221 -0.950 0.221 0.400 -0.824 0.400 0 -0.340 -0.940 0 -0.340 -0.940 -0.322 -0.344 -0.882 -0.326 -0.344 -0.880 0 -0.947 0.323 -0.112 -0.948 0.298 -0.204 -0.812 0.547 0 -0.804 0.594 0.204 -0.812 0.547 0.112 -0.948 0.298 -0.221 -0.950 0.221 -0.400 -0.824 0.400 0.880 -0.344 0.326 0.882 -0.344 0.322 -0.323 -0.947 0 -0.298 -0.948 -0.112 -0.547 -0.812 -0.204 -0.594 -0.804 0 -0.547 -0.812 0.204 -0.298 -0.948 0.112 0.940 -0.340 0 0.940 -0.340 0 0.019 0.998 0.052 0.038 0.999 0.038 0.038 0.999 0.038 0.019 0.998 0.052 0.056 0.998 0 0.056 0.998 0 0.052 0.998 0.019 0.052 0.998 0.019 0.052 0.998 -0.019 0.052 0.998 -0.019 0.759 0.584 -0.288 0.602 0.765 -0.230 0 1.000 0 0.102 0.995 0 0.108 0.988 -0.108 0 0.995 -0.102 0.281 0.960 0 0.269 0.954 -0.136 0.136 0.954 -0.269 0 0.960 -0.281 0.243 0.939 -0.243 0 0.995 0.102 0.108 0.988 0.108 0.269 0.954 0.136 -0.102 0.995 0 -0.108 0.988 0.108 -0.281 0.960 0 -0.269 0.954 0.136 -0.108 0.988 -0.108 -0.136 0.954 -0.269 -0.269 0.954 -0.136 -0.243 0.939 -0.243 0 -1.000 0 -0.102 -0.995 0 -0.108 -0.988 -0.108 0 -0.995 -0.102 -0.136 -0.954 -0.269 0 -0.960 -0.281 0 -0.995 0.102 -0.108 -0.988 0.108 0 -0.960 0.281 -0.136 -0.954 0.269 0.102 -0.995 0 0.108 -0.988 0.108 0.281 -0.960 0 0.269 -0.954 0.136 0.136 -0.954 0.269 0.243 -0.939 0.243 0.108 -0.988 -0.108 0.136 -0.954 -0.269 0.269 -0.954 -0.136 0.243 -0.939 -0.243 0.469 -0.748 -0.469 0.400 -0.824 -0.400 0.547 -0.812 -0.204 0.617 -0.751 -0.235 0.594 -0.804 0 0.547 -0.812 0.204 0.617 -0.751 0.235 0.658 -0.753 0 0.469 -0.748 0.469 0.400 -0.824 0.400 0.204 -0.812 0.547 0.235 -0.751 0.617 0 -0.804 0.594 -0.204 -0.812 0.547 -0.235 -0.751 0.617 0 -0.753 0.658 0 0.340 0.940 0 0.340 0.940 0.926 -0.157 -0.342 0.698 -0.159 -0.698 0.698 0.159 -0.698 0.926 0.157 -0.342 0.988 -0.155 0 0.926 -0.157 0.342 0.850 -0.423 0.313 0.908 -0.418 0 0.793 -0.610 0 0.741 -0.614 -0.272 0.850 -0.423 -0.313 0.926 0.157 0.342 0.698 0.159 0.698 0.698 -0.159 0.698 0.988 0.155 0 0.639 -0.428 0.639 0.639 0.428 0.639 0.850 0.423 0.313 0.850 0.423 -0.313 0.908 0.418 0 0.639 0.428 -0.639 -0.342 0.157 -0.926 -0.698 0.159 -0.698 -0.639 0.428 -0.639 -0.313 0.423 -0.850 0.554 -0.621 0.554 0.741 -0.614 0.272 -0.988 0.155 0 -0.988 -0.155 0 -0.926 -0.157 0.342 -0.926 0.157 0.342 0.554 -0.621 -0.554 0.639 -0.428 -0.639 0.672 -0.699 0.244 0.719 -0.695 0 0.672 -0.699 -0.244 0.500 -0.708 0.500 0.500 0.708 0.500 0.554 0.621 0.554 0.741 0.614 0.272 0.672 0.699 0.244 -0.926 0.157 -0.342 -0.698 -0.159 -0.698 -0.926 -0.157 -0.342 -0.850 0.423 -0.313 0.793 0.610 0 -0.639 -0.428 0.639 -0.698 -0.159 0.698 -0.850 -0.423 0.313 -0.698 0.159 0.698 -0.908 0.418 0 -0.850 0.423 0.313 -0.850 -0.423 -0.313 -0.908 -0.418 0 -0.639 -0.428 -0.639 0.342 -0.157 -0.926 0.313 -0.423 -0.850 0.554 0.621 -0.554 0.741 0.614 -0.272 0 0.155 -0.988 0 -0.155 -0.988 -0.342 -0.157 -0.926 0.672 0.699 -0.244 0.719 0.695 0 0.500 0.708 -0.500 -0.272 0.614 -0.741 -0.554 0.621 -0.554 -0.500 0.708 -0.500 -0.244 0.699 -0.672 0.342 0.157 -0.926 0.313 0.423 -0.850 0 0.155 0.988 0 -0.155 0.988 0.342 -0.157 0.926 0.342 0.157 0.926 0.313 0.423 0.850 0 0.155 -0.988 0 -0.155 -0.988 0 0.418 -0.908 0 0.418 -0.908 -0.313 -0.423 -0.850 -0.342 -0.157 0.926 -0.313 -0.423 0.850 0 -0.418 -0.908 0 -0.418 -0.908 -0.342 0.157 0.926 -0.639 0.428 0.639 -0.313 0.423 0.850 0 -0.610 -0.793 -0.272 -0.614 -0.741 0 0.418 0.908 0.313 -0.423 0.850 0.500 -0.708 -0.500 0 -0.418 0.908 0.326 0.344 0.880 0.662 0.351 0.662 0.662 0.351 0.662 0.322 0.344 0.882 0 0.610 -0.793 0 0.695 -0.719 0.244 0.699 -0.672 0.272 0.614 -0.741 0 0.340 -0.940 0 0.340 -0.940 0.322 0.344 -0.882 0.326 0.344 -0.880 0 0.610 -0.793 0 0.695 -0.719 -0.326 0.344 0.880 -0.322 0.344 0.882 -0.662 0.351 0.662 -0.662 0.351 0.662 0 0.340 0.940 0 0.340 0.940 0.272 0.614 0.741 0.244 0.699 0.672 0.272 -0.614 -0.741 -0.793 0.610 0 -0.741 0.614 -0.272 -0.554 -0.621 -0.554 0 -0.610 -0.793 -0.500 -0.708 -0.500 -0.244 -0.699 -0.672 -0.272 -0.614 0.741 -0.554 -0.621 0.554 -0.500 -0.708 0.500 -0.244 -0.699 0.672 0 -0.695 -0.719 0.244 -0.699 -0.672 0 -0.695 -0.719 -0.554 0.621 0.554 -0.741 0.614 0.272 -0.672 0.699 -0.244 -0.741 -0.614 0.272 -0.672 -0.699 0.244 -0.719 0.695 0 -0.672 0.699 0.244 0 -0.610 0.793 0.272 -0.614 0.741 -0.793 -0.610 0 0.244 -0.699 0.672 0 -0.695 0.719 -0.741 -0.614 -0.272 0 0.610 0.793 -0.272 0.614 0.741 -0.672 -0.699 -0.244 -0.719 -0.695 0 -0.500 0.708 0.500 -0.244 0.699 0.672 0 0.695 0.719 -0.052 0.998 0.019 -0.038 0.999 0.038 -0.038 0.999 0.038 -0.052 0.998 0.019 0.880 0.344 0.326 0.882 0.344 0.322 0 0.998 -0.056 0 0.998 -0.056 0.019 0.998 -0.052 0.019 0.998 -0.052 0.880 0.344 -0.326 0.662 0.351 -0.662 0.662 0.351 -0.662 0.882 0.344 -0.322 -0.052 0.998 -0.019 -0.052 0.998 -0.019 -0.038 0.999 -0.038 -0.038 0.999 -0.038 -0.056 0.998 0 -0.056 0.998 0 0.940 0.340 0 0.940 0.340 0 -0.819 0.574 0 -0.759 0.584 0.288 -0.602 0.765 0.230 -0.642 0.766 0 -0.759 0.584 -0.288 -0.602 0.765 -0.230 -0.458 0.762 -0.458 -0.567 0.597 -0.567 -0.567 0.597 0.567 -0.458 0.762 0.458 0 -0.340 0.940 0 -0.340 0.940 0.322 -0.344 0.882 0.326 -0.344 0.880 0 -0.947 -0.323 0.112 -0.948 -0.298 0.204 -0.812 -0.547 0 -0.804 -0.594 0 -0.340 0.940 -0.326 -0.344 0.880 -0.322 -0.344 0.882 0 -0.340 0.940 0 -0.947 -0.323 0 -0.804 -0.594 -0.204 -0.812 -0.547 -0.112 -0.948 -0.298 0.662 -0.351 0.662 0.662 -0.351 0.662 0.326 -0.344 -0.880 0.662 -0.351 -0.662 0.662 -0.351 -0.662 0.322 -0.344 -0.882 -0.400 -0.824 -0.400 -0.221 -0.950 -0.221 0.221 -0.950 -0.221 0.400 -0.824 -0.400 -0.326 0.344 -0.880 -0.662 0.351 -0.662 -0.662 0.351 -0.662 -0.322 0.344 -0.882 -0.940 0.340 0 -0.940 0.340 0 -0.882 0.344 -0.322 -0.880 0.344 -0.326 -0.880 0.344 0.326 -0.882 0.344 0.322 -0.880 -0.344 0.326 -0.882 -0.344 0.322 -0.662 -0.351 0.662 -0.662 -0.351 0.662 -0.230 0.765 0.602 -0.288 0.584 0.759 0 0.574 0.819 0 0.766 0.642 0 0.960 0.281 -0.136 0.954 0.269 0.230 0.765 0.602 0.288 0.584 0.759 -0.243 0.939 0.243 0.458 0.762 0.458 0.567 0.597 0.567 0.819 0.574 0 0.642 0.766 0 0.602 0.765 0.230 0.759 0.584 0.288 0.136 0.954 0.269 0.243 0.939 0.243 -0.594 -0.804 0 -0.659 -0.753 0 -0.617 -0.751 0.235 -0.547 -0.812 0.204 -0.469 -0.748 -0.469 -0.617 -0.751 -0.235 -0.547 -0.812 -0.204 -0.400 -0.824 -0.400 -0.204 -0.812 -0.547 -0.235 -0.751 -0.617 0 -0.804 -0.594 0.204 -0.812 -0.547 0.235 -0.751 -0.617 0 -0.753 -0.658 -0.469 -0.748 0.469 -0.400 -0.824 0.400 -0.281 -0.960 0 -0.269 -0.954 0.136 -0.243 -0.939 0.243 -0.269 -0.954 -0.136 -0.243 -0.939 -0.243 -0.019 0.998 -0.052 -0.019 0.998 -0.052 0 0.998 0.056 0 0.998 0.056 -0.019 0.998 0.052 -0.019 0.998 0.052 0.038 0.999 -0.038 0.038 0.999 -0.038 0 0.998 -0.056 0 0.998 -0.056 0 0.574 -0.819 -0.288 0.584 -0.759 -0.230 0.765 -0.602 0 0.766 -0.642 0.458 0.762 -0.458 0.567 0.597 -0.567 0.288 0.584 -0.759 0.230 0.765 -0.602 -0.880 -0.344 -0.326 -0.662 -0.351 -0.662 -0.662 -0.351 -0.662 -0.882 -0.344 -0.322 0.323 -0.947 0 0.298 -0.948 0.112 0.547 -0.812 0.204 0.594 -0.804 0 0.880 -0.344 -0.326 0.882 -0.344 -0.322 0.547 -0.812 -0.204 0.298 -0.948 -0.112 -0.940 -0.340 0 -0.940 -0.340 0 0.221 -0.950 0.221 0.400 -0.824 0.400 0 -0.340 -0.940 0 -0.340 -0.940 -0.322 -0.344 -0.882 -0.326 -0.344 -0.880 0 -0.947 0.323 -0.112 -0.948 0.298 -0.204 -0.812 0.547 0 -0.804 0.594 0.204 -0.812 0.547 0.112 -0.948 0.298 -0.221 -0.950 0.221 -0.400 -0.824 0.400 0.880 -0.344 0.326 0.882 -0.344 0.322 -0.323 -0.947 0 -0.298 -0.948 -0.112 -0.547 -0.812 -0.204 -0.594 -0.804 0 -0.547 -0.812 0.204 -0.298 -0.948 0.112 0.940 -0.340 0 0.940 -0.340 0 0.019 0.998 0.052 0.038 0.999 0.038 0.038 0.999 0.038 0.019 0.998 0.052 0.056 0.998 0 0.056 0.998 0 0.052 0.998 0.019 0.052 0.998 0.019 0.052 0.998 -0.019 0.052 0.998 -0.019 0.759 0.584 -0.288 0.602 0.765 -0.230 0 1.000 0 0.102 0.995 0 0.108 0.988 -0.108 0 0.995 -0.102 0.281 0.960 0 0.269 0.954 -0.136 0.136 0.954 -0.269 0 0.960 -0.281 0.243 0.939 -0.243 0 0.995 0.102 0.108 0.988 0.108 0.269 0.954 0.136 -0.102 0.995 0 -0.108 0.988 0.108 -0.281 0.960 0 -0.269 0.954 0.136 -0.108 0.988 -0.108 -0.136 0.954 -0.269 -0.269 0.954 -0.136 -0.243 0.939 -0.243 0 -1.000 0 -0.102 -0.995 0 -0.108 -0.988 -0.108 0 -0.995 -0.102 -0.136 -0.954 -0.269 0 -0.960 -0.281 0 -0.995 0.102 -0.108 -0.988 0.108 0 -0.960 0.281 -0.136 -0.954 0.269 0.102 -0.995 0 0.108 -0.988 0.108 0.281 -0.960 0 0.269 -0.954 0.136 0.136 -0.954 0.269 0.243 -0.939 0.243 0.108 -0.988 -0.108 0.136 -0.954 -0.269 0.269 -0.954 -0.136 0.243 -0.939 -0.243 0.469 -0.748 -0.469 0.400 -0.824 -0.400 0.547 -0.812 -0.204 0.617 -0.751 -0.235 0.594 -0.804 0 0.547 -0.812 0.204 0.617 -0.751 0.235 0.658 -0.753 0 0.469 -0.748 0.469 0.400 -0.824 0.400 0.204 -0.812 0.547 0.235 -0.751 0.617 0 -0.804 0.594 -0.204 -0.812 0.547 -0.235 -0.751 0.617 0 -0.753 0.658 0 0.340 0.940 0 0.340 0.940 0 -1.000 0 0 -1.000 0 0 -1.000 0 0 -1.000 0 0.010 0 -1.000 0.010 0 -1.000 0.011 0 -1.000 0.011 0 -1.000 -0.011 0 1.000 -0.011 0 1.000 -0.011 0 1.000 -0.011 0 1.000 0 1.000 0 0 1.000 0 0 1.000 0 0 1.000 0 0.008 0.707 -0.707 0.008 0.707 -0.707 0.008 0.707 -0.707 0.008 0.707 -0.707 -0.008 0.707 0.707 -0.008 0.707 0.707 -0.008 0.707 0.707 -0.008 0.707 0.707 0.008 -0.707 -0.707 0.008 -0.707 -0.707 0.008 -0.707 -0.707 0.008 -0.707 -0.707 -0.008 -0.707 0.707 -0.008 -0.707 0.707 -0.008 -0.707 0.707 -0.008 -0.707 0.707 0.011 0 -1.000 0.011 0 -1.000 0.010 0 -1.000 0.010 0 -1.000 -0.007 0.707 0.707 -0.007 0.707 0.707 -0.010 0 1.000 -0.010 0 1.000 0.007 0.707 -0.707 0.007 0.707 -0.707 0 1.000 0 0 1.000 0 -0.007 -0.707 0.707 -0.007 -0.707 0.707 0 -1.000 0 0 -1.000 0 0.007 -0.707 -0.707 0.007 -0.707 -0.707 0.007 -0.707 -0.707 0.007 -0.707 -0.707 0.007 0.707 -0.707 0.007 0.707 -0.707 0 1.000 0 0 1.000 0 0 -1.000 0 0 -1.000 0 -0.007 -0.707 0.707 -0.007 -0.707 0.707 -0.007 0.707 0.707 -0.007 0.707 0.707 -0.010 0 1.000 -0.010 0 1.000 -0.004 0.933 0.360 -0.004 0.933 0.360 -0.004 0.933 0.360 -0.004 0.933 0.360 0.004 -0.933 -0.360 0.004 -0.933 -0.360 0.004 -0.933 -0.360 0.004 -0.933 -0.360 0.004 -0.933 -0.360 0.004 -0.933 -0.360 0.004 -0.933 -0.360 0.004 -0.933 -0.360 -0.004 0.933 0.360 -0.004 0.933 0.360 -1.000 0 -0.011 -1.000 0 -0.011 -1.000 0 -0.011 -1.000 0 -0.011 0.010 0.360 -0.933 0.010 0.360 -0.933 0.010 0.360 -0.933 0.010 0.360 -0.933 -0.010 -0.360 0.933 -0.010 -0.360 0.933 -0.010 -0.360 0.933 -0.010 -0.360 0.933 -0.010 -0.360 0.933 -0.010 -0.360 0.933 0.010 0.360 -0.933 0.010 0.360 -0.933 1.000 0 0.011 1.000 0 0.011 1.000 0 0.011 1.000 0 0.011 -0.010 -0.360 0.933 -0.010 -0.360 0.933 -0.004 0.933 0.360 -0.004 0.933 0.360 0.010 0.360 -0.933 0.010 0.360 -0.933 0.067 -0.347 0.935 0.067 -0.353 0.933 0.063 -0.002 0.998 0.063 -0.003 0.998 0.138 0.990 0.026 0.162 0.927 -0.340 0.160 0.934 -0.318 0.137 0.989 0.046 -0.150 0.675 -0.723 0.180 0.704 -0.687 -0.162 -0.669 -0.726 0.169 -0.705 -0.689 0.147 -0.928 -0.342 0.145 -0.936 -0.321 0.099 -0.909 0.406 0.101 -0.918 0.384 0.080 -0.690 0.719 0.080 -0.679 0.730 0.073 0.349 0.934 0.072 0.342 0.937 -0.118 0.003 -0.993 -0.122 0.348 -0.930 0.188 0.362 -0.913 0.186 0 -0.983 0.121 -0.992 0.043 0.122 -0.992 0.023 0.114 0.905 0.409 0.116 0.915 0.387 -0.118 0.003 -0.993 0.186 0 -0.983 0.182 -0.362 -0.914 -0.129 -0.341 -0.931 -0.764 0.542 0.350 -0.810 0.281 0.514 -0.810 0.283 0.513 -0.764 0.542 0.350 -0.695 0.712 0.100 -0.695 0.713 0.098 0.092 0.687 0.721 0.091 0.674 0.733 -0.775 -0.528 0.347 -0.709 -0.699 0.094 -0.710 -0.698 0.096 -0.775 -0.528 0.347 -0.816 -0.269 0.512 -0.816 -0.267 0.512 -0.488 0.542 -0.684 -0.553 0.713 -0.431 -0.553 0.712 -0.433 -0.447 0.281 -0.850 -0.499 -0.528 -0.687 -0.452 -0.267 -0.851 -0.568 -0.698 -0.437 -0.568 -0.699 -0.435 -0.621 0.766 -0.166 -0.621 0.766 -0.166 -0.434 0.007 -0.901 -0.434 0.007 -0.901 -0.637 -0.752 -0.170 -0.637 -0.752 -0.170 -0.825 0.007 0.565 -0.825 0.007 0.565 0.749 0.452 0.485 0.757 0.600 0.259 0.757 0.599 0.262 0.749 0.452 0.485 0.741 0.228 0.632 0.740 0.225 0.633 0.739 -0.468 0.485 0.735 -0.242 0.633 0.735 -0.245 0.632 0.739 -0.468 0.485 0.744 -0.615 0.262 0.744 -0.616 0.258 0.779 0.452 -0.434 0.781 0.225 -0.583 0.781 0.228 -0.581 0.779 0.452 -0.434 0.773 0.599 -0.211 0.772 0.600 -0.208 0.770 -0.468 -0.435 0.759 -0.616 -0.208 0.760 -0.615 -0.212 0.770 -0.468 -0.435 0.776 -0.245 -0.582 0.776 -0.242 -0.583 0.763 0.646 0.025 0.763 0.646 0.025 0.777 -0.008 -0.629 0.777 -0.008 -0.629 0.777 -0.008 -0.629 0.777 -0.008 -0.629 0.749 -0.663 0.025 0.749 -0.663 0.025 0.734 -0.008 0.679 0.734 -0.008 0.679 -0.966 0.011 -0.258 -0.966 0.011 -0.258 -0.966 0.011 -0.258 -0.966 0.011 -0.258 -0.966 0.011 -0.258 -0.966 0.011 -0.258 -0.966 0.011 -0.258 -0.966 0.011 -0.258 -0.966 0.011 -0.258 -0.966 0.011 -0.258 -0.966 0.011 -0.258 -0.966 0.011 -0.258 -0.966 0.011 -0.258 -0.966 0.011 -0.258 -0.966 0.011 -0.258 -0.966 0.011 -0.258 0.999 -0.011 0.033 0.999 -0.011 0.033 0.999 -0.011 0.033 0.999 -0.011 0.033 0.999 -0.011 0.033 0.999 -0.011 0.033 0.999 -0.011 0.033 0.999 -0.011 0.033 0.999 -0.011 0.033 0.999 -0.011 0.033 0.999 -0.011 0.033 0.999 -0.011 0.033 0.999 -0.011 0.033 0.999 -0.011 0.033 0.999 -0.011 0.033 0.999 -0.011 0.033 -0.995 -0.001 0.101 -0.926 -0.363 0.099 -0.927 -0.363 0.099 -0.995 -0.001 0.101 0 0.994 0.113 0 0.994 0.113 0.362 0.925 0.113 0.362 0.925 0.113 0.703 0.702 0.112 0.703 0.702 0.112 0.703 -0.704 0.095 0.362 -0.928 0.092 0.362 -0.927 0.092 0.703 -0.704 0.095 -0.362 -0.927 0.092 -0.362 -0.928 0.092 -0.703 -0.704 0.095 -0.703 -0.704 0.095 -0.927 0.360 0.107 -0.926 0.361 0.107 0.995 -0.001 0.101 0.926 0.361 0.107 0.927 0.360 0.107 0.995 -0.001 0.101 0 -0.996 0.090 0 -0.996 0.090 0 0.994 0.113 -0.362 0.925 0.113 -0.362 0.925 0.113 0 0.994 0.113 0.927 -0.363 0.099 0.926 -0.363 0.099 -0.535 0.542 -0.648 -0.706 0.281 -0.651 -0.705 0.283 -0.651 -0.535 0.542 -0.648 -0.276 0.712 -0.646 -0.274 0.713 -0.646 -0.703 0.702 0.112 -0.703 0.702 0.112 -0.535 -0.528 -0.659 -0.274 -0.699 -0.661 -0.276 -0.698 -0.661 -0.535 -0.528 -0.659 -0.705 -0.269 -0.656 -0.706 -0.267 -0.656 0.535 0.542 -0.648 0.274 0.713 -0.646 0.276 0.712 -0.646 0.535 0.542 -0.648 0.705 0.283 -0.651 0.706 0.281 -0.651 0.535 -0.528 -0.659 0.706 -0.267 -0.656 0.705 -0.269 -0.656 0.535 -0.528 -0.659 0.276 -0.698 -0.661 0.274 -0.699 -0.661 0 0.766 -0.643 0 0.766 -0.643 0 0.766 -0.643 0 0.766 -0.643 0.759 0.007 -0.651 0.759 0.007 -0.651 0 -0.752 -0.660 0 -0.752 -0.660 -0.759 0.007 -0.651 -0.759 0.007 -0.651 -0.460 0.452 0.765 -0.234 0.600 0.765 -0.237 0.599 0.765 -0.460 0.452 0.765 -0.607 0.228 0.761 -0.608 0.225 0.761 -0.460 -0.468 0.755 -0.608 -0.242 0.756 -0.607 -0.245 0.756 -0.460 -0.468 0.755 -0.237 -0.615 0.752 -0.234 -0.616 0.752 0.460 0.452 0.765 0.608 0.225 0.761 0.607 0.228 0.761 0.460 0.452 0.765 0.237 0.599 0.765 0.234 0.600 0.765 0.460 -0.468 0.755 0.234 -0.616 0.752 0.237 -0.615 0.752 0.460 -0.468 0.755 0.607 -0.245 0.756 0.608 -0.242 0.756 0 0.646 0.763 0 0.646 0.763 0 0.646 0.763 0 0.646 0.763 0.654 -0.008 0.756 0.654 -0.008 0.756 0 -0.663 0.749 0 -0.663 0.749 -0.654 -0.008 0.756 -0.654 -0.008 0.756 0 0.011 -1.000 0 0.011 -1.000 0 0.011 -1.000 0 0.011 -1.000 0 0.011 -1.000 0 0.011 -1.000 0 0.011 -1.000 0 0.011 -1.000 0 0.011 -1.000 0 0.011 -1.000 0 0.011 -1.000 0 0.011 -1.000 0 0.011 -1.000 0 0.011 -1.000 0 0.011 -1.000 0 0.011 -1.000 0 -0.011 1.000 0 -0.011 1.000 0 -0.011 1.000 0 -0.011 1.000 0 -0.011 1.000 0 -0.011 1.000 0 -0.011 1.000 0 -0.011 1.000 0 -0.011 1.000 0 -0.011 1.000 0 -0.011 1.000 0 -0.011 1.000 0 -0.011 1.000 0 -0.011 1.000 0 -0.011 1.000 0 -0.011 1.000 0.094 -0.994 0.051 0.111 -0.992 0.062 0.115 -0.993 0 0.083 -0.997 0.001 0.098 -0.990 0.099 0.112 -0.987 0.115 0.090 -0.995 0.035 0.111 -0.990 0.087 0.077 -0.997 0.001 0.114 -0.616 0.780 0.135 -0.532 0.836 0.154 -0.384 0.910 0.103 -0.404 0.909 0.140 -0.988 0.058 0.147 -0.989 0 0.055 -0.440 0.896 0.093 -0.678 0.729 0.127 -0.990 0.062 0.130 -0.991 0.007 0.069 -0.342 0.937 0.127 -0.523 0.843 0.108 -0.631 0.768 0.060 -0.404 0.913 -0.004 -0.284 0.959 0.029 -0.429 0.903 -0.080 0.996 -0.032 -0.133 0.991 -0.032 -0.126 0.989 -0.072 -0.060 0.996 -0.068 0.268 0 -0.963 0.268 0 -0.963 0.288 -0.380 -0.879 -0.022 -0.341 -0.940 -0.306 0.574 0.759 -0.295 0.390 0.873 -0.404 0.411 0.817 -0.393 0.564 0.727 0.153 -0.984 -0.090 0.207 -0.967 -0.149 -0.956 -0.237 -0.173 -0.932 -0.280 0.232 -0.954 0 0.300 -1.000 0 0 -0.045 -0.999 -0.013 0.112 -0.994 0.015 0.120 -0.990 0.074 0.081 -0.993 0.082 0.014 -0.993 0.114 -0.074 -0.996 -0.054 0.181 -0.959 0.220 0.027 -0.961 0.276 0.141 -0.978 0.155 -0.071 0.997 0.009 -0.046 0.999 -0.019 -0.012 0.999 0.042 -0.010 0.971 0.239 -0.126 0.990 -0.066 -0.111 0.993 -0.028 -0.205 0.977 -0.057 -0.243 0.966 -0.089 -0.128 0.991 -0.033 -0.124 0.990 -0.065 -0.088 0.434 -0.896 -0.125 0.668 -0.734 -0.126 0.648 -0.751 -0.093 0.417 -0.904 -0.281 0.460 -0.842 -0.150 0.318 -0.936 -0.041 0.420 -0.907 0.087 0.412 -0.907 0.042 0.584 -0.810 -0.073 0.610 -0.789 -0.100 0.652 -0.751 -0.070 0.436 -0.897 0.525 0.190 -0.830 0.525 0.190 -0.830 0.525 0.190 -0.830 0.525 0.190 -0.830 0.184 0.425 -0.886 0.156 0.571 -0.806 0.117 -0.339 -0.933 0.159 -0.291 -0.943 0.009 -0.265 -0.964 0.115 -0.769 -0.629 0.114 0.403 0.908 0.112 0.599 0.793 -0.273 0 0.962 -0.403 0 0.915 0.151 0 0.989 -0.374 -0.223 -0.900 -0.528 -0.126 -0.840 -0.856 -0.414 -0.308 -0.905 -0.108 -0.412 -0.326 0.940 -0.099 0.085 -0.397 -0.914 0.072 -0.406 -0.911 0.122 -0.368 -0.922 0.122 -0.368 -0.922 0.035 -0.433 -0.901 0.035 -0.433 -0.901 -0.003 0.455 -0.891 0.005 0.462 -0.887 -0.035 0.428 -0.903 -0.035 0.428 -0.903 0.142 0.693 -0.707 0.053 0.920 -0.389 0.135 0.822 0.553 0.214 0.736 0.642 0.230 0.659 0.716 0.131 0.713 0.688 0.316 0.817 0.482 0.609 0.575 0.546 -0.010 0.971 0.239 -0.012 0.999 0.042 0.050 0.750 0.660 0.243 0.853 -0.463 -0.025 1.000 -0.001 -0.089 0.995 0.052 -0.052 0.997 -0.058 0.967 0.180 0.179 0.908 0.173 0.381 0.680 0.718 -0.148 0.680 0.718 -0.148 0.680 0.718 -0.148 0.680 0.718 -0.148 -0.851 0.512 0.114 -0.929 0.296 0.224 -0.919 0.338 0.204 -0.851 0.512 0.114 0.989 -0.072 -0.126 0.990 -0.071 -0.125 0.991 -0.057 -0.119 0.991 -0.057 -0.119 0.386 0.563 0.730 0.400 0.358 0.844 -0.486 0 -0.874 -0.486 0 -0.874 -0.952 0 0.307 -0.952 0 0.307 0.991 0 -0.132 0.991 0 -0.132 0.399 0 0.917 -0.979 -0.119 -0.168 -0.959 -0.201 -0.199 -0.980 0.013 -0.199 -0.979 0.088 -0.182 -0.985 0.081 -0.153 -0.986 -0.075 -0.150 -0.939 0.305 -0.160 -0.946 0.286 -0.150 -0.985 0.081 -0.153 -0.979 0.088 -0.182 -0.980 0.013 -0.199 -0.922 0.343 -0.181 -0.078 0.921 -0.383 -0.144 0.985 -0.099 0.002 0.815 -0.580 -0.044 0.769 -0.637 -0.232 0.037 -0.972 -0.398 -0.132 -0.908 -0.335 -0.297 -0.894 -0.398 -0.132 -0.908 -0.232 0.037 -0.972 -0.081 0 0.997 -0.080 -0.244 0.967 -0.038 0 0.999 -0.661 0.104 -0.743 -0.661 0.104 -0.743 -0.610 0.326 -0.723 -0.407 0.531 -0.743 0.065 -0.396 -0.916 0.065 -0.396 -0.916 -0.290 0.848 -0.443 -0.407 0.531 -0.743 -0.610 0.326 -0.723 -0.526 0.531 -0.664 0.127 -0.984 0.124 0.117 -0.990 -0.076 0.113 -0.993 -0.032 -0.154 0.988 0.019 -0.118 0.992 -0.050 -0.237 0.970 -0.062 -0.294 0.954 -0.062 -0.380 0.920 -0.093 -0.193 0.966 0.172 -0.164 0.982 0.094 0.142 -0.984 -0.110 -0.070 0.971 -0.230 -0.075 0.990 -0.115 -0.083 0.990 -0.116 -0.081 0.970 -0.231 -0.082 0.996 0.021 -0.036 -0.998 -0.060 -0.121 -0.992 -0.047 -0.247 -0.967 -0.056 -0.368 -0.925 -0.095 0.273 -0.842 -0.464 0.209 -0.942 -0.262 0.092 -0.970 -0.223 0.087 -0.990 -0.109 0.078 -0.991 -0.113 0.076 -0.972 -0.224 0.009 0 1.000 0.011 0 1.000 -0.072 0 -0.997 -0.052 0 -0.999 0.007 0 1.000 -0.043 0 -0.999 -0.077 -0.396 0.915 -0.009 0 -1.000 0.116 0 -0.993 -1.000 0 0 1.000 0 0.021 0.966 0 0.260 -0.797 -0.300 0.524 -0.843 0 0.538 -0.133 0 -0.991 0.132 -0.984 0.120 -0.856 -0.502 0.121 -0.707 -0.519 0.480 -0.111 -0.991 0.077 -0.136 -0.982 -0.128 -0.403 -0.514 -0.757 -0.335 -0.297 -0.894 -0.398 -0.132 -0.908 -0.403 -0.514 -0.757 -0.079 -0.954 0.289 -0.479 0.294 -0.827 -0.080 0.996 0.044 1.000 0 0 1.000 0 0 1.000 0 0 1.000 0 0 1.000 0 0 1.000 0 0 1.000 0 0 1.000 0 0 1.000 0 0 1.000 0 0 1.000 0 0 1.000 0 0 1.000 0 0 0.218 0 -0.976 -0.697 0 -0.717 -0.468 0 -0.884 -0.133 0 -0.991 0.955 0 -0.298 0.952 0.071 -0.297 -0.036 0 -0.999 0.093 0 0.996 0.175 0 0.985 0.094 0.994 0.051 0.083 0.997 0.001 0.115 0.993 0 0.111 0.992 0.062 0.112 0.987 0.115 0.098 0.990 0.099 0.111 0.990 0.087 0.090 0.995 0.035 0.077 0.997 0.001 0.114 0.616 0.780 0.103 0.404 0.909 0.154 0.384 0.910 0.135 0.532 0.836 0.140 0.988 0.058 0.147 0.989 0 0.055 0.440 0.896 0.093 0.678 0.729 0.127 0.990 0.062 0.130 0.991 0.007 0.069 0.342 0.937 0.060 0.404 0.913 0.108 0.631 0.768 0.127 0.523 0.843 0.029 0.429 0.903 -0.004 0.284 0.959 -0.126 -0.989 -0.072 -0.133 -0.991 -0.032 -0.080 -0.996 -0.032 -0.060 -0.996 -0.068 -0.022 0.341 -0.940 0.288 0.380 -0.879 -0.404 -0.411 0.817 -0.295 -0.390 0.873 -0.306 -0.574 0.759 -0.393 -0.564 0.727 0.207 0.967 -0.149 0.153 0.984 -0.090 -0.932 0.280 0.232 -0.956 0.237 -0.173 0.120 0.990 0.074 0.112 0.994 0.015 -0.045 0.999 -0.013 0.081 0.993 0.082 -0.074 0.996 -0.054 0.014 0.993 0.114 0.027 0.961 0.276 0.181 0.959 0.220 0.141 0.978 0.155 -0.071 -0.997 0.009 -0.010 -0.971 0.239 -0.012 -0.999 0.042 -0.046 -0.999 -0.019 -0.126 -0.990 -0.066 -0.243 -0.966 -0.089 -0.205 -0.977 -0.057 -0.111 -0.993 -0.028 -0.124 -0.990 -0.065 -0.128 -0.991 -0.033 -0.126 -0.648 -0.751 -0.125 -0.668 -0.734 -0.088 -0.434 -0.896 -0.093 -0.417 -0.904 -0.150 -0.318 -0.936 -0.281 -0.460 -0.842 -0.040 -0.420 -0.907 -0.073 -0.610 -0.789 0.042 -0.584 -0.810 0.087 -0.412 -0.907 -0.070 -0.436 -0.897 -0.100 -0.652 -0.751 0.525 -0.190 -0.830 0.525 -0.190 -0.830 0.525 -0.190 -0.830 0.525 -0.190 -0.830 0.184 -0.425 -0.886 0.156 -0.571 -0.806 0.117 0.339 -0.933 0.115 0.769 -0.629 0.009 0.265 -0.964 0.159 0.291 -0.943 0.114 -0.403 0.908 0.112 -0.599 0.793 -0.403 0 0.915 -0.273 0 0.962 0.151 0 0.989 -0.374 0.223 -0.900 -0.856 0.414 -0.308 -0.528 0.126 -0.840 -0.905 0.108 -0.412 -0.326 -0.940 -0.099 0.085 0.397 -0.914 0.122 0.368 -0.922 0.122 0.368 -0.922 0.072 0.406 -0.911 0.035 0.433 -0.901 0.035 0.433 -0.901 -0.003 -0.455 -0.891 -0.035 -0.428 -0.903 -0.035 -0.428 -0.903 0.005 -0.462 -0.887 0.053 -0.920 -0.389 0.142 -0.693 -0.707 0.135 -0.822 0.553 0.131 -0.713 0.688 0.230 -0.659 0.716 0.214 -0.736 0.642 0.609 -0.575 0.546 0.316 -0.817 0.482 -0.012 -0.999 0.042 -0.010 -0.971 0.239 0.050 -0.750 0.660 0.243 -0.853 -0.463 -0.025 -1.000 -0.001 -0.052 -0.997 -0.058 -0.089 -0.995 0.052 0.967 -0.180 0.179 0.908 -0.173 0.381 0.680 -0.718 -0.148 0.680 -0.718 -0.148 0.680 -0.718 -0.148 0.680 -0.718 -0.148 -0.851 -0.512 0.114 -0.851 -0.512 0.114 -0.919 -0.338 0.204 -0.929 -0.296 0.224 0.991 0.057 -0.119 0.990 0.071 -0.125 0.989 0.072 -0.126 0.991 0.057 -0.119 0.400 -0.358 0.844 0.386 -0.563 0.730 -0.952 0 0.307 -0.952 0 0.307 0.399 0 0.917 -0.980 -0.013 -0.199 -0.959 0.201 -0.199 -0.979 0.119 -0.168 -0.979 -0.088 -0.182 -0.986 0.075 -0.150 -0.985 -0.081 -0.153 -0.985 -0.081 -0.153 -0.946 -0.286 -0.150 -0.939 -0.305 -0.160 -0.979 -0.088 -0.182 -0.922 -0.343 -0.181 -0.980 -0.013 -0.199 -0.078 -0.921 -0.383 -0.044 -0.769 -0.637 0.002 -0.815 -0.580 -0.144 -0.985 -0.099 -0.232 -0.037 -0.972 -0.335 0.297 -0.894 -0.398 0.132 -0.908 -0.398 0.132 -0.908 -0.232 -0.037 -0.972 -0.080 0.244 0.967 -0.610 -0.326 -0.723 -0.661 -0.104 -0.743 -0.661 -0.104 -0.743 -0.407 -0.531 -0.743 0.065 0.396 -0.916 0.065 0.396 -0.916 -0.290 -0.848 -0.443 -0.407 -0.531 -0.743 -0.526 -0.531 -0.664 -0.610 -0.326 -0.723 0.127 0.984 0.124 0.117 0.990 -0.076 0.113 0.993 -0.032 -0.118 -0.992 -0.050 -0.154 -0.988 0.019 -0.237 -0.970 -0.062 -0.294 -0.954 -0.062 -0.380 -0.920 -0.093 -0.193 -0.966 0.172 -0.164 -0.982 0.094 0.142 0.984 -0.110 -0.070 -0.971 -0.230 -0.075 -0.990 -0.115 -0.081 -0.970 -0.230 -0.083 -0.990 -0.116 -0.082 -0.996 0.021 -0.036 0.998 -0.060 -0.121 0.992 -0.047 -0.368 0.925 -0.095 -0.247 0.967 -0.056 0.273 0.842 -0.464 0.209 0.942 -0.262 0.092 0.970 -0.223 0.087 0.990 -0.109 0.078 0.991 -0.113 0.076 0.972 -0.224 -0.077 0.396 0.915 -0.797 0.300 0.524 0.132 0.984 0.120 -0.707 0.519 0.480 -0.856 0.502 0.121 -0.136 0.982 -0.128 -0.111 0.991 0.077 -0.403 0.514 -0.757 -0.403 0.514 -0.757 -0.398 0.132 -0.908 -0.335 0.297 -0.894 -0.079 0.954 0.289 -0.479 -0.294 -0.827 -0.080 -0.996 0.044 1.000 0 0 1.000 0 0 1.000 0 0 1.000 0 0 1.000 0 0 1.000 0 0 1.000 0 0 1.000 0 0 1.000 0 0 1.000 0 0 1.000 0 0 0.952 -0.071 -0.297 </float_array><technique_common><accessor source="#g-n-a" count="7755" stride="3"><param name="X" type="float"/><param name="Y" type="float"/><param name="Z" type="float"/></accessor></technique_common></source>
<source id="g-t"><float_array id="g-t-a" count="15510">0.8572 0.1145 0.8640 0.0889 0.8962 0.0934 0.8898 0.1203 0.8216 0.0624 0.8201 0.0472 0.8662 0.0368 0.8689 0.0616 0.8997 0.0609 0.8962 0.0314 0.8131 0.0920 0.8178 0.0781 0.8875 0.0020 0.8962 0.0314 0.8662 0.0368 0.8557 0.0098 0.8689 0.0616 0.8997 0.0609 0.8962 0.0934 0.8640 0.0889 0.3677 0.3959 0.3407 0.3959 0.3407 0.3660 0.3677 0.3660 0.4028 0.1490 0.4028 0.1337 0.4170 0.1337 0.4170 0.1490 0.8201 0.0472 0.8131 0.0333 0.8178 0.0781 0.8216 0.0624 0.9516 0.5449 0.9305 0.5409 0.9239 0.5498 0.9481 0.5586 0.9825 0.5299 0.9588 0.5300 0.9549 0.5450 0.9807 0.5469 0.9807 0.5469 0.9549 0.5450 0.9518 0.5588 0.9785 0.5610 0.9580 0.5165 0.9588 0.5300 0.9825 0.5299 0.9814 0.5143 0.9527 0.5026 0.9580 0.5165 0.9814 0.5143 0.9781 0.4991 0.9332 0.5193 0.9345 0.5302 0.9533 0.5298 0.9523 0.5166 0.9345 0.5302 0.9305 0.5409 0.9516 0.5449 0.9533 0.5298 0.9488 0.5025 0.9248 0.5070 0.9332 0.5193 0.9523 0.5166 0.9286 0.5206 0.9332 0.5193 0.9248 0.5070 0.9229 0.5127 0.9305 0.5409 0.9273 0.5387 0.9229 0.5444 0.9239 0.5498 0.9286 0.5206 0.9299 0.5296 0.9299 0.5296 0.9273 0.5387 0.9305 0.5409 0.9345 0.5302 0.1022 0.0020 0.1022 0.0107 0.1096 0.0107 0.1096 0.0020 0.2223 0.8938 0.2285 0.8716 0.2195 0.8638 0.2080 0.8891 0.2351 0.9342 0.2376 0.9028 0.2220 0.8973 0.2173 0.9313 0.2220 0.8973 0.2074 0.8932 0.2024 0.9282 0.2173 0.9313 0.2516 0.9346 0.2521 0.9032 0.2376 0.9028 0.2351 0.9342 0.2676 0.8991 0.2521 0.9032 0.2516 0.9346 0.2681 0.9332 0.2515 0.8764 0.2396 0.8768 0.2384 0.8970 0.2526 0.8971 0.2396 0.8768 0.2285 0.8716 0.2223 0.8938 0.2384 0.8970 0.2681 0.8950 0.2655 0.8686 0.2515 0.8764 0.2526 0.8971 0.2505 0.8713 0.2515 0.8764 0.2655 0.8686 0.2595 0.8660 0.2285 0.8716 0.2311 0.8683 0.2253 0.8631 0.2195 0.8638 0.2505 0.8713 0.2407 0.8719 0.2407 0.8719 0.2311 0.8683 0.2285 0.8716 0.2396 0.8768 0.0958 0.0020 0.0878 0.0020 0.0878 0.0113 0.0958 0.0113 0.1535 0.9446 0.1591 0.9246 0.1510 0.9175 0.1406 0.9403 0.1673 0.9527 0.1532 0.9478 0.1490 0.9784 0.1651 0.9811 0.1532 0.9478 0.1401 0.9440 0.1356 0.9756 0.1490 0.9784 0.1799 0.9814 0.1805 0.9531 0.1673 0.9527 0.1651 0.9811 0.1949 0.9801 0.1944 0.9494 0.1805 0.9531 0.1799 0.9814 0.1799 0.9289 0.1692 0.9292 0.1680 0.9475 0.1809 0.9476 0.1692 0.9292 0.1591 0.9246 0.1535 0.9446 0.1680 0.9475 0.1949 0.9457 0.1925 0.9218 0.1799 0.9289 0.1809 0.9476 0.1790 0.9243 0.1799 0.9289 0.1925 0.9218 0.1871 0.9195 0.1591 0.9246 0.1614 0.9216 0.1562 0.9169 0.1510 0.9175 0.1790 0.9243 0.1701 0.9248 0.1701 0.9248 0.1614 0.9216 0.1591 0.9246 0.1692 0.9292 0.7082 0.0020 0.7082 0.0104 0.7154 0.0104 0.7154 0.0020 0.2890 0.8918 0.2794 0.8871 0.2739 0.9128 0.2880 0.9145 0.3022 0.9198 0.2885 0.9172 0.2884 0.9499 0.3056 0.9493 0.2884 0.9499 0.2885 0.9172 0.2749 0.9171 0.2739 0.9494 0.3157 0.9185 0.3022 0.9198 0.3056 0.9493 0.3205 0.9474 0.3351 0.9432 0.3291 0.9125 0.3157 0.9185 0.3205 0.9474 0.3157 0.9122 0.3120 0.8929 0.3010 0.8942 0.3025 0.9149 0.3010 0.8942 0.2890 0.8918 0.2880 0.9145 0.3025 0.9149 0.3292 0.9086 0.3236 0.8842 0.3120 0.8929 0.3157 0.9122 0.3103 0.8884 0.3120 0.8929 0.3236 0.8842 0.3179 0.8826 0.2890 0.8918 0.2908 0.8884 0.2845 0.8852 0.2794 0.8871 0.3103 0.8884 0.3010 0.8899 0.3010 0.8942 0.3120 0.8929 0.3010 0.8899 0.2908 0.8884 0.2890 0.8918 0.3010 0.8942 0.7225 0.0020 0.7225 0.0104 0.7297 0.0104 0.7297 0.0020 0.9516 0.5449 0.9481 0.5586 0.9239 0.5498 0.9305 0.5409 0.9825 0.5299 0.9807 0.5469 0.9549 0.5450 0.9588 0.5300 0.9807 0.5469 0.9785 0.5610 0.9518 0.5588 0.9549 0.5450 0.9825 0.5299 0.9588 0.5300 0.9580 0.5165 0.9814 0.5143 0.9814 0.5143 0.9580 0.5165 0.9527 0.5026 0.9781 0.4991 0.9533 0.5298 0.9345 0.5302 0.9332 0.5193 0.9523 0.5166 0.9516 0.5449 0.9305 0.5409 0.9345 0.5302 0.9533 0.5298 0.9488 0.5025 0.9523 0.5166 0.9332 0.5193 0.9248 0.5070 0.9286 0.5206 0.9229 0.5127 0.9248 0.5070 0.9332 0.5193 0.9305 0.5409 0.9239 0.5498 0.9229 0.5444 0.9273 0.5387 0.9299 0.5296 0.9286 0.5206 0.9305 0.5409 0.9273 0.5387 0.9299 0.5296 0.9345 0.5302 0.1096 0.0107 0.1022 0.0107 0.1022 0.0020 0.1096 0.0020 0.2223 0.8938 0.2080 0.8891 0.2195 0.8638 0.2285 0.8716 0.2351 0.9342 0.2173 0.9313 0.2220 0.8973 0.2376 0.9028 0.2024 0.9282 0.2074 0.8932 0.2220 0.8973 0.2173 0.9313 0.2516 0.9346 0.2351 0.9342 0.2376 0.9028 0.2521 0.9032 0.2516 0.9346 0.2521 0.9032 0.2676 0.8991 0.2681 0.9332 0.2384 0.8970 0.2396 0.8768 0.2515 0.8764 0.2526 0.8971 0.2223 0.8938 0.2285 0.8716 0.2396 0.8768 0.2384 0.8970 0.2681 0.8950 0.2526 0.8971 0.2515 0.8764 0.2655 0.8686 0.2505 0.8713 0.2595 0.8660 0.2655 0.8686 0.2515 0.8764 0.2285 0.8716 0.2195 0.8638 0.2253 0.8631 0.2311 0.8683 0.2407 0.8719 0.2505 0.8713 0.2285 0.8716 0.2311 0.8683 0.2407 0.8719 0.2396 0.8768 0.0958 0.0020 0.0958 0.0113 0.0878 0.0113 0.0878 0.0020 0.1535 0.9446 0.1406 0.9403 0.1510 0.9175 0.1591 0.9246 0.1490 0.9784 0.1532 0.9478 0.1673 0.9527 0.1651 0.9811 0.1356 0.9756 0.1401 0.9440 0.1532 0.9478 0.1490 0.9784 0.1799 0.9814 0.1651 0.9811 0.1673 0.9527 0.1805 0.9531 0.1949 0.9801 0.1799 0.9814 0.1805 0.9531 0.1944 0.9494 0.1680 0.9475 0.1692 0.9292 0.1799 0.9289 0.1809 0.9476 0.1535 0.9446 0.1591 0.9246 0.1692 0.9292 0.1680 0.9475 0.1949 0.9457 0.1809 0.9476 0.1799 0.9289 0.1925 0.9218 0.1790 0.9243 0.1871 0.9195 0.1925 0.9218 0.1799 0.9289 0.1591 0.9246 0.1510 0.9175 0.1562 0.9169 0.1614 0.9216 0.1701 0.9248 0.1790 0.9243 0.1591 0.9246 0.1614 0.9216 0.1701 0.9248 0.1692 0.9292 0.7154 0.0104 0.7082 0.0104 0.7082 0.0020 0.7154 0.0020 0.2739 0.9128 0.2794 0.8871 0.2890 0.8918 0.2880 0.9145 0.2884 0.9499 0.2885 0.9172 0.3022 0.9198 0.3056 0.9493 0.2884 0.9499 0.2739 0.9494 0.2749 0.9171 0.2885 0.9172 0.3056 0.9493 0.3022 0.9198 0.3157 0.9185 0.3205 0.9474 0.3351 0.9432 0.3205 0.9474 0.3157 0.9185 0.3291 0.9125 0.3157 0.9122 0.3025 0.9149 0.3010 0.8942 0.3120 0.8929 0.2880 0.9145 0.2890 0.8918 0.3010 0.8942 0.3025 0.9149 0.3292 0.9086 0.3157 0.9122 0.3120 0.8929 0.3236 0.8842 0.3103 0.8884 0.3179 0.8826 0.3236 0.8842 0.3120 0.8929 0.2890 0.8918 0.2794 0.8871 0.2845 0.8852 0.2908 0.8884 0.3010 0.8942 0.3010 0.8899 0.3103 0.8884 0.3120 0.8929 0.2890 0.8918 0.2908 0.8884 0.3010 0.8899 0.3010 0.8942 0.7297 0.0104 0.7225 0.0104 0.7225 0.0020 0.7297 0.0020 0.5063 0.4511 0.5081 0.4403 0.4957 0.4373 0.4935 0.4500 0.5062 0.4639 0.5083 0.4765 0.5205 0.4732 0.5190 0.4629 0.5304 0.4619 0.5299 0.4541 0.5188 0.4524 0.5120 0.4868 0.4958 0.4795 0.4999 0.4918 0.4934 0.4648 0.5232 0.4819 0.1027 0.8859 0.0910 0.8814 0.0883 0.8933 0.1009 0.8954 0.0878 0.9074 0.0902 0.9212 0.1025 0.9174 0.1009 0.9064 0.0945 0.9327 0.1056 0.9264 0.5106 0.4050 0.5023 0.4210 0.5141 0.4260 0.5236 0.4113 0.5328 0.4762 0.5312 0.4697 0.1124 0.9056 0.1121 0.8977 0.5303 0.4474 0.5200 0.4434 0.5355 0.4614 0.5346 0.4545 0.5337 0.4496 0.5358 0.4684 0.5358 0.4734 0.1150 0.9201 0.1133 0.9136 0.5094 0.5070 0.5205 0.5215 0.5323 0.5126 0.5203 0.5002 0.1129 0.8910 0.1175 0.9053 0.1169 0.8984 0.1163 0.8934 0.1179 0.9123 0.1180 0.9173 0.1269 0.9047 0.1268 0.9130 0.1225 0.8650 0.1104 0.8745 0.1196 0.8833 0.1309 0.8773 0.1254 0.9206 0.1226 0.9269 0.0306 0.8836 0.0296 0.8747 0.0211 0.8749 0.0222 0.8853 0.1128 0.8546 0.0997 0.8668 0.5308 0.4925 0.5399 0.4832 0.1257 0.8964 0.1232 0.8891 0.1377 0.9040 0.1364 0.8941 0.1341 0.8850 0.1377 0.9139 0.1364 0.9232 0.1145 0.9369 0.1344 0.9311 0.1198 0.9564 0.1280 0.9445 0.1052 0.9457 0.5430 0.4770 0.5433 0.5019 0.5513 0.4881 0.5538 0.4799 0.5403 0.4448 0.5507 0.4399 0.5467 0.4321 0.5361 0.4392 0.5447 0.4606 0.5447 0.4691 0.5433 0.4522 0.5554 0.4597 0.5538 0.4493 0.5554 0.4702 0.5361 0.4204 0.5258 0.4313 0.0080 0.8750 0.0094 0.8881 0.0243 0.8954 0.0129 0.9005 0.0684 0.9213 0.0674 0.9131 0.0593 0.9149 0.0586 0.9225 0.0693 0.8174 0.0820 0.8197 0.0837 0.8140 0.0699 0.8115 0.0685 0.8307 0.0582 0.8297 0.0590 0.8378 0.0677 0.8391 0.0289 0.8660 0.0209 0.8646 0.0403 0.9074 0.0356 0.9129 0.0414 0.9167 0.0450 0.9105 0.0289 0.9211 0.0360 0.9258 0.0366 0.9038 0.0310 0.9087 0.0230 0.9161 0.0475 0.9199 0.0501 0.9131 0.0534 0.9219 0.0550 0.9146 0.0436 0.9297 0.0508 0.9325 0.0692 0.9337 0.0572 0.9339 0.0086 0.8621 0.0295 0.8578 0.0224 0.8549 0.0783 0.9180 0.0756 0.9099 0.0119 0.8504 0.0279 0.9045 0.0342 0.9002 0.0318 0.8922 0.0310 0.8537 0.0245 0.8501 0.0151 0.8446 0.0187 0.9112 0.0484 0.8305 0.0508 0.8378 0.0421 0.8417 0.0382 0.8356 0.0329 0.8400 0.0378 0.8453 0.0322 0.8269 0.0257 0.8324 0.0466 0.8391 0.0435 0.8323 0.0386 0.8226 0.0281 0.8451 0.0339 0.8494 0.0198 0.8385 0.0564 0.8173 0.0445 0.8199 0.0765 0.8408 0.0790 0.8326 0.0693 0.8174 0.0820 0.8197 0.0816 0.9308 0.2026 0.9565 0.2024 0.9654 0.2100 0.9804 0.2049 0.9738 0.2110 0.9419 0.2138 0.9826 0.2187 0.9841 0.2244 0.9848 0.2301 0.9845 0.2351 0.9832 0.2361 0.9399 0.2389 0.9811 0.2442 0.9747 0.2469 0.9663 0.2469 0.9574 0.2447 0.9489 0.2398 0.9422 0.2311 0.9385 0.2254 0.9379 0.2197 0.9383 0.2147 0.9397 0.2055 0.9482 0.0035 0.8892 0.0094 0.8881 0.0080 0.8750 0.0020 0.8752 0.0129 0.9005 0.0072 0.9027 0.0837 0.9365 0.0816 0.9308 0.0692 0.9337 0.0701 0.9397 0.0445 0.8199 0.0564 0.8173 0.0559 0.8113 0.0424 0.8142 0.0572 0.9339 0.0562 0.9398 0.0386 0.8226 0.0356 0.8174 0.0027 0.8612 0.0086 0.8621 0.0119 0.8504 0.0065 0.8478 0.0508 0.9325 0.0490 0.9382 0.0187 0.9112 0.0139 0.9149 0.0151 0.8446 0.0101 0.8413 0.0230 0.9161 0.0189 0.9205 0.0254 0.9260 0.0289 0.9211 0.0330 0.9310 0.0360 0.9258 0.0436 0.9297 0.0410 0.9352 0.0285 0.8221 0.0322 0.8269 0.0216 0.8280 0.0257 0.8324 0.0198 0.8385 0.0153 0.8345 0.5063 0.4511 0.4935 0.4500 0.4957 0.4373 0.5081 0.4403 0.5205 0.4732 0.5083 0.4765 0.5062 0.4639 0.5190 0.4629 0.5299 0.4541 0.5304 0.4619 0.5188 0.4524 0.5120 0.4868 0.4999 0.4918 0.4958 0.4795 0.4934 0.4648 0.5232 0.4819 0.0883 0.8933 0.0910 0.8814 0.1027 0.8859 0.1009 0.8954 0.1025 0.9174 0.0902 0.9212 0.0878 0.9074 0.1009 0.9064 0.1056 0.9264 0.0945 0.9327 0.5106 0.4050 0.5236 0.4113 0.5141 0.4260 0.5023 0.4210 0.5312 0.4697 0.5328 0.4762 0.1121 0.8977 0.1124 0.9056 0.5303 0.4474 0.5200 0.4434 0.5346 0.4545 0.5355 0.4614 0.5337 0.4496 0.5358 0.4684 0.5358 0.4734 0.1133 0.9136 0.1150 0.9201 0.5094 0.5070 0.5203 0.5002 0.5323 0.5126 0.5205 0.5215 0.1129 0.8910 0.1169 0.8984 0.1175 0.9053 0.1163 0.8934 0.1179 0.9123 0.1180 0.9173 0.1269 0.9047 0.1268 0.9130 0.1225 0.8650 0.1309 0.8773 0.1196 0.8833 0.1104 0.8745 0.1254 0.9206 0.1226 0.9269 0.0211 0.8749 0.0296 0.8747 0.0306 0.8836 0.0222 0.8853 0.0997 0.8668 0.1128 0.8546 0.5399 0.4832 0.5308 0.4925 0.1257 0.8964 0.1232 0.8891 0.1364 0.8941 0.1377 0.9040 0.1341 0.8850 0.1377 0.9139 0.1364 0.9232 0.1145 0.9369 0.1344 0.9311 0.1280 0.9445 0.1198 0.9564 0.1052 0.9457 0.5430 0.4770 0.5433 0.5019 0.5513 0.4881 0.5538 0.4799 0.5467 0.4321 0.5507 0.4399 0.5403 0.4448 0.5361 0.4392 0.5447 0.4606 0.5447 0.4691 0.5433 0.4522 0.5538 0.4493 0.5554 0.4597 0.5554 0.4702 0.5361 0.4204 0.5258 0.4313 0.0080 0.8750 0.0094 0.8881 0.0243 0.8954 0.0129 0.9005 0.0684 0.9213 0.0586 0.9225 0.0593 0.9149 0.0674 0.9131 0.0837 0.8140 0.0820 0.8197 0.0693 0.8174 0.0699 0.8115 0.0590 0.8378 0.0582 0.8297 0.0685 0.8307 0.0677 0.8391 0.0289 0.8660 0.0209 0.8646 0.0414 0.9167 0.0356 0.9129 0.0403 0.9074 0.0450 0.9105 0.0360 0.9258 0.0289 0.9211 0.0310 0.9087 0.0366 0.9038 0.0230 0.9161 0.0501 0.9131 0.0475 0.9199 0.0550 0.9146 0.0534 0.9219 0.0436 0.9297 0.0508 0.9325 0.0692 0.9337 0.0572 0.9339 0.0086 0.8621 0.0224 0.8549 0.0295 0.8578 0.0783 0.9180 0.0756 0.9099 0.0119 0.8504 0.0342 0.9002 0.0279 0.9045 0.0318 0.8922 0.0245 0.8501 0.0310 0.8537 0.0151 0.8446 0.0187 0.9112 0.0508 0.8378 0.0484 0.8305 0.0329 0.8400 0.0382 0.8356 0.0421 0.8417 0.0378 0.8453 0.0257 0.8324 0.0322 0.8269 0.0435 0.8323 0.0466 0.8391 0.0386 0.8226 0.0339 0.8494 0.0281 0.8451 0.0198 0.8385 0.0445 0.8199 0.0564 0.8173 0.0765 0.8408 0.0790 0.8326 0.0693 0.8174 0.0820 0.8197 0.0816 0.9308 0.2049 0.9738 0.2024 0.9654 0.2110 0.9419 0.2026 0.9565 0.2055 0.9482 0.2351 0.9832 0.2147 0.9397 0.2197 0.9383 0.2254 0.9379 0.2311 0.9385 0.2361 0.9399 0.2398 0.9422 0.2447 0.9489 0.2469 0.9574 0.2469 0.9663 0.2442 0.9747 0.2389 0.9811 0.2301 0.9845 0.2244 0.9848 0.2187 0.9841 0.2138 0.9826 0.2100 0.9804 0.0035 0.8892 0.0020 0.8752 0.0080 0.8750 0.0094 0.8881 0.0129 0.9005 0.0072 0.9027 0.0837 0.9365 0.0701 0.9397 0.0692 0.9337 0.0816 0.9308 0.0559 0.8113 0.0564 0.8173 0.0445 0.8199 0.0424 0.8142 0.0562 0.9398 0.0572 0.9339 0.0386 0.8226 0.0356 0.8174 0.0027 0.8612 0.0065 0.8478 0.0119 0.8504 0.0086 0.8621 0.0490 0.9382 0.0508 0.9325 0.0187 0.9112 0.0139 0.9149 0.0101 0.8413 0.0151 0.8446 0.0230 0.9161 0.0189 0.9205 0.0254 0.9260 0.0289 0.9211 0.0330 0.9310 0.0360 0.9258 0.0436 0.9297 0.0410 0.9352 0.0285 0.8221 0.0322 0.8269 0.0216 0.8280 0.0257 0.8324 0.0198 0.8385 0.0153 0.8345 0.9180 0.4376 0.9180 0.4683 0.8990 0.4683 0.8990 0.4376 0.8990 0.5031 0.9180 0.5031 0.9180 0.5992 0.8990 0.5992 0.9457 0.8296 0.9457 0.9257 0.8704 0.8357 0.8704 0.9318 0.8725 0.8243 0.9418 0.8187 0.8800 0.8154 0.8910 0.8115 0.9215 0.8090 0.9329 0.8111 0.8990 0.4260 0.9180 0.4260 0.8990 0.4144 0.9180 0.4144 0.8990 0.4028 0.9180 0.4028 0.8990 0.4915 0.9180 0.4915 0.8990 0.4799 0.9180 0.4799 0.8990 0.3067 0.9180 0.3067 0.9180 0.4376 0.9180 0.4683 0.9180 0.5992 0.9180 0.5031 0.8704 0.9318 0.9457 0.9257 0.8910 0.8115 0.9457 0.8296 0.9418 0.8187 0.9329 0.8111 0.9215 0.8090 0.8704 0.8357 0.8800 0.8154 0.8725 0.8243 0.9180 0.4260 0.9180 0.4144 0.9180 0.4028 0.9180 0.4915 0.9180 0.4799 0.9180 0.3067 0.5508 0.3288 0.5496 0.3262 0.5549 0.3231 0.5567 0.3255 0.5550 0.2685 0.5496 0.2655 0.5508 0.2629 0.5567 0.2661 0.5508 0.3175 0.5545 0.3140 0.5553 0.3147 0.5513 0.3183 0.5553 0.3147 0.5599 0.3190 0.5513 0.3183 0.5573 0.2871 0.5552 0.2833 0.5562 0.2827 0.5584 0.2866 0.5377 0.2618 0.5381 0.2588 0.5447 0.2604 0.5439 0.2632 0.5573 0.3046 0.5583 0.3004 0.5595 0.3006 0.5584 0.3050 0.5637 0.2779 0.5664 0.2835 0.5610 0.2856 0.5586 0.2811 0.5453 0.3174 0.5490 0.3150 0.5497 0.3160 0.5458 0.3185 0.5508 0.3175 0.5466 0.3200 0.5458 0.3185 0.5497 0.3160 0.5419 0.2700 0.5466 0.2716 0.5458 0.2732 0.5415 0.2718 0.5600 0.2860 0.5577 0.2817 0.5586 0.2811 0.5610 0.2856 0.5613 0.3009 0.5617 0.2958 0.5627 0.2958 0.5623 0.3011 0.5637 0.3138 0.5586 0.3105 0.5610 0.3060 0.5664 0.3082 0.5470 0.3210 0.5466 0.3200 0.5691 0.3093 0.5683 0.3023 0.5712 0.3029 0.5662 0.3154 0.5552 0.2770 0.5599 0.2727 0.5600 0.3057 0.5610 0.3060 0.5691 0.2825 0.5663 0.2763 0.5623 0.2905 0.5613 0.2908 0.5368 0.2683 0.5422 0.2691 0.5415 0.2718 0.5458 0.2732 0.5453 0.2743 0.5412 0.2729 0.5623 0.3011 0.5627 0.2958 0.5690 0.2959 0.5366 0.2712 0.5368 0.2693 0.5523 0.3119 0.5532 0.3127 0.5552 0.2833 0.5573 0.2871 0.5546 0.2882 0.5526 0.2853 0.5367 0.2724 0.5366 0.2712 0.5613 0.3009 0.5600 0.3057 0.5584 0.3050 0.5595 0.3006 0.5412 0.2729 0.5406 0.2762 0.5364 0.2758 0.5367 0.2724 0.5583 0.2913 0.5586 0.2958 0.5552 0.2958 0.5551 0.2917 0.5441 0.3147 0.5469 0.3126 0.5490 0.3150 0.5453 0.3174 0.5470 0.2707 0.5577 0.2817 0.5600 0.2860 0.5584 0.2866 0.5562 0.2827 0.5414 0.3199 0.5419 0.3217 0.5367 0.3224 0.5366 0.3205 0.5439 0.3285 0.5422 0.3226 0.5470 0.3210 0.5466 0.2716 0.5419 0.2700 0.5422 0.2691 0.5470 0.2707 0.5366 0.3205 0.5366 0.3193 0.5411 0.3187 0.5414 0.3199 0.5598 0.2958 0.5617 0.2958 0.5586 0.2958 0.5598 0.2958 0.5583 0.3004 0.5573 0.3046 0.5545 0.3035 0.5551 0.3001 0.5499 0.3096 0.5523 0.3119 0.5498 0.2821 0.5523 0.2798 0.5531 0.2790 0.5545 0.2777 0.5523 0.2798 0.5531 0.2790 0.5583 0.2913 0.5595 0.2911 0.5453 0.2743 0.5440 0.2770 0.5532 0.3127 0.5545 0.3140 0.5595 0.2911 0.5613 0.2908 0.5411 0.3187 0.5366 0.3193 0.5364 0.3159 0.5406 0.3155 0.5683 0.2894 0.5712 0.2889 0.5447 0.3313 0.5623 0.2905 0.5513 0.2734 0.5496 0.2757 0.5490 0.2767 0.5367 0.3235 0.5377 0.3298 0.5721 0.2959 0.5422 0.3226 0.5419 0.3217 0.5526 0.3065 0.5552 0.3084 0.5381 0.3329 0.5513 0.2734 0.5508 0.2742 0.5367 0.3235 0.5367 0.3224 0.4362 0.0132 0.4362 0.0089 0.4446 0.0020 0.4375 0.0055 0.4404 0.0032 0.4374 0.0173 0.4489 0.0020 0.4523 0.0033 0.4546 0.0062 0.4558 0.0103 0.4558 0.0147 0.4545 0.0181 0.4516 0.0204 0.4474 0.0216 0.4431 0.0216 0.4397 0.0202 0.5552 0.3084 0.5562 0.3090 0.5508 0.2742 0.5496 0.2757 0.5490 0.2767 0.5469 0.2791 0.5368 0.2693 0.5368 0.2683 0.5577 0.3100 0.5562 0.3090 0.5622 0.2706 0.5586 0.3105 0.5577 0.3100 0.5552 0.2770 0.5545 0.2777 0.5621 0.3211 0.8450 0.7868 0.8131 0.7884 0.8466 0.6587 0.8154 0.6582 0.8703 0.6691 0.8799 0.6932 0.8791 0.7565 0.5498 0.0420 0.6126 0.0055 0.6218 0.0414 0.5682 0.0707 0.5459 0.2182 0.5306 0.2442 0.5236 0.2396 0.5398 0.2129 0.5469 0.0804 0.5422 0.0868 0.5221 0.0622 0.5286 0.0561 0.5569 0.1752 0.5521 0.1721 0.5534 0.1233 0.5582 0.1204 0.5547 0.1971 0.5492 0.1927 0.6331 0.7439 0.6484 0.7433 0.6551 0.8985 0.6336 0.8996 0.6551 0.9466 0.6334 0.9472 0.6078 0.8985 0.6136 0.7434 0.6288 0.7439 0.6293 0.8996 0.6074 0.9465 0.6291 0.9472 0.6136 0.7434 0.6078 0.8985 0.6035 0.8984 0.6093 0.7432 0.6074 0.9465 0.6032 0.9464 0.6336 0.8996 0.6293 0.8996 0.6288 0.7439 0.6331 0.7439 0.6334 0.9472 0.6291 0.9472 0.5650 0.0020 0.5693 0.0020 0.5693 0.0172 0.5650 0.0172 0.0020 0.0270 0.0062 0.0270 0.0062 0.0485 0.0020 0.0485 0.5784 0.2678 0.5520 0.2552 0.5669 0.2276 0.5934 0.2389 0.5763 0.2034 0.5806 0.1778 0.6099 0.1827 0.6038 0.2120 0.5763 0.2034 0.6038 0.2120 0.6126 0.0055 0.6228 0.0020 0.6319 0.0394 0.6218 0.0414 0.8450 0.7868 0.8791 0.7565 0.8799 0.7978 0.8564 0.8302 0.6092 0.1147 0.5806 0.1169 0.5682 0.0707 0.6218 0.0414 0.6214 0.0799 0.5806 0.1169 0.6319 0.0805 0.6319 0.0394 0.8131 0.7884 0.8199 0.8423 0.5469 0.0804 0.5286 0.0561 0.5306 0.2442 0.5459 0.2182 0.5547 0.1971 0.5569 0.1752 0.5547 0.1971 0.5582 0.1204 0.5469 0.0804 0.5582 0.1204 0.0881 0.4823 0.0878 0.4287 0.1137 0.4328 0.1123 0.4790 0.1418 0.3695 0.1539 0.3780 0.1393 0.4002 0.1253 0.3950 0.0881 0.4823 0.1123 0.4790 0.1219 0.5146 0.0983 0.5233 0.1253 0.3950 0.1165 0.4132 0.0932 0.4048 0.1032 0.3832 0.1165 0.4132 0.0932 0.4048 0.1418 0.3695 0.1198 0.3563 0.1292 0.4355 0.1480 0.4391 0.1473 0.4691 0.1282 0.4754 0.1316 0.4171 0.1165 0.4132 0.1382 0.5410 0.1219 0.5146 0.1371 0.5070 0.1538 0.5286 0.1123 0.4790 0.1137 0.4328 0.9593 0.9265 0.9866 0.9265 0.9587 0.9899 0.9866 0.9899 0.9420 0.9731 0.9420 0.9438 0.9471 0.9316 0.1499 0.4255 0.1536 0.4926 0.1709 0.5148 0.1709 0.3896 0.1556 0.4128 0.1499 0.4255 0.1473 0.4691 0.1536 0.4926 0.1219 0.5146 0.1382 0.5410 0.1140 0.5532 0.0983 0.5233 0.8799 0.6932 0.8450 0.7868 0.8791 0.7565 0.8703 0.6691 0.8466 0.6587 0.6218 0.0414 0.5682 0.0707 0.5459 0.2182 0.5398 0.2129 0.5422 0.0868 0.5469 0.0804 0.5534 0.1233 0.5521 0.1721 0.5569 0.1752 0.5582 0.1204 0.5547 0.1971 0.5492 0.1927 0.6551 0.8985 0.6484 0.7433 0.6331 0.7439 0.6336 0.8996 0.6551 0.9466 0.6334 0.9472 0.6288 0.7439 0.6136 0.7434 0.6078 0.8985 0.6293 0.8996 0.6074 0.9465 0.6291 0.9472 0.6035 0.8984 0.6078 0.8985 0.6136 0.7434 0.6093 0.7432 0.6032 0.9464 0.6074 0.9465 0.6336 0.8996 0.6331 0.7439 0.6288 0.7439 0.6293 0.8996 0.6334 0.9472 0.6291 0.9472 0.5650 0.0020 0.5650 0.0172 0.5693 0.0172 0.5693 0.0020 0.0020 0.0270 0.0020 0.0485 0.0062 0.0485 0.0062 0.0270 0.5934 0.2389 0.5669 0.2276 0.6099 0.1827 0.5806 0.1778 0.5763 0.2034 0.6038 0.2120 0.6038 0.2120 0.5763 0.2034 0.6218 0.0414 0.6319 0.0394 0.8450 0.7868 0.8564 0.8302 0.8799 0.7978 0.8791 0.7565 0.6092 0.1147 0.5806 0.1169 0.6214 0.0799 0.6218 0.0414 0.5682 0.0707 0.5806 0.1169 0.6319 0.0805 0.6319 0.0394 0.5469 0.0804 0.5459 0.2182 0.5569 0.1752 0.5547 0.1971 0.5547 0.1971 0.5469 0.0804 0.5582 0.1204 0.5582 0.1204 0.0881 0.4823 0.1123 0.4790 0.1137 0.4328 0.0878 0.4287 0.1393 0.4002 0.1253 0.3950 0.0881 0.4823 0.0983 0.5233 0.1219 0.5146 0.1123 0.4790 0.0932 0.4048 0.1165 0.4132 0.1253 0.3950 0.1032 0.3832 0.1165 0.4132 0.0932 0.4048 0.1473 0.4691 0.1480 0.4391 0.1292 0.4355 0.1282 0.4754 0.1316 0.4171 0.1165 0.4132 0.1371 0.5070 0.1219 0.5146 0.1123 0.4790 0.1137 0.4328 0.9420 0.9438 0.9593 0.9265 0.9471 0.9316 0.9420 0.9731 0.9587 0.9899 0.1499 0.4255 0.1536 0.4926 0.1556 0.4128 0.1499 0.4255 0.1536 0.4926 0.1473 0.4691 0.1219 0.5146 0.0983 0.5233 0.8519 0.4247 0.8534 0.4269 0.8435 0.4320 0.8425 0.4296 0.8330 0.4344 0.8325 0.4319 0.8216 0.3348 0.8328 0.3347 0.8324 0.3372 0.8218 0.3374 0.8424 0.4292 0.8516 0.4243 0.8416 0.4267 0.8504 0.4221 0.8516 0.4243 0.8424 0.4292 0.8324 0.4315 0.8601 0.4177 0.8604 0.4180 0.8584 0.4158 0.8601 0.4177 0.8715 0.3687 0.8691 0.3696 0.8648 0.3609 0.8670 0.3594 0.8584 0.4158 0.8504 0.4221 0.8496 0.4206 0.8574 0.4146 0.8404 0.4227 0.8483 0.4183 0.8411 0.4252 0.8416 0.4267 0.8319 0.4247 0.8321 0.4273 0.8557 0.4125 0.8217 0.4342 0.8219 0.4317 0.8434 0.3371 0.8424 0.3395 0.8768 0.3904 0.8746 0.4015 0.8720 0.4006 0.8740 0.3901 0.8323 0.3376 0.8218 0.3378 0.8422 0.3399 0.8414 0.3425 0.8320 0.3403 0.8323 0.3376 0.8422 0.3399 0.8711 0.3897 0.8711 0.3795 0.8735 0.3792 0.8736 0.3900 0.8219 0.4313 0.8218 0.3378 0.8221 0.3405 0.8739 0.3791 0.8768 0.3788 0.8699 0.4113 0.8675 0.4100 0.8624 0.3494 0.8698 0.3579 0.8674 0.3592 0.8603 0.3512 0.8716 0.4005 0.8736 0.3900 0.8716 0.4005 0.8671 0.4098 0.8649 0.4083 0.8692 0.3996 0.8671 0.4098 0.8322 0.4289 0.8324 0.4315 0.8735 0.3792 0.8533 0.3423 0.8517 0.3445 0.8746 0.3677 0.8719 0.3686 0.8670 0.3594 0.8600 0.3515 0.8582 0.3534 0.8600 0.3515 0.8715 0.3687 0.8515 0.3448 0.8502 0.3471 0.8515 0.3448 0.8711 0.3795 0.8711 0.3897 0.8695 0.3896 0.8695 0.3797 0.8655 0.3982 0.8669 0.3893 0.8678 0.3990 0.8322 0.4289 0.8692 0.3996 0.8618 0.4058 0.8638 0.4074 0.8669 0.3799 0.8582 0.3534 0.8572 0.3546 0.8495 0.3485 0.8502 0.3471 0.8637 0.3618 0.8618 0.3634 0.8556 0.3567 0.8649 0.4083 0.8648 0.3609 0.8677 0.3702 0.8654 0.3711 0.8482 0.3509 0.8221 0.3405 0.8223 0.3421 0.8225 0.4270 0.8222 0.4286 0.8319 0.3418 0.8318 0.3444 0.8227 0.3448 0.8691 0.3696 0.8320 0.3403 0.8410 0.3440 0.8403 0.3464 0.8228 0.4243 0.8414 0.3425 0.8222 0.4286 0.8219 0.4313 0.2581 0.8049 0.2514 0.8106 0.2331 0.8123 0.2425 0.8130 0.2626 0.7871 0.2248 0.8085 0.2602 0.7782 0.2191 0.8018 0.2167 0.7929 0.2174 0.7835 0.2212 0.7751 0.2545 0.7715 0.2279 0.7693 0.2368 0.7669 0.2462 0.7677 0.2619 0.7965 0.8625 0.4198 0.8902 0.4064 0.8840 0.4191 0.8494 0.3230 0.8629 0.3292 0.8629 0.4400 0.8749 0.4306 0.8355 0.3198 0.8355 0.4493 0.8207 0.4498 0.8748 0.3386 0.8494 0.4461 0.8901 0.3627 0.8937 0.3770 0.8207 0.3192 0.8839 0.3501 0.8937 0.3921 0.3771 0.8482 0.3765 0.8798 0.2739 0.8779 0.2745 0.8464 0.3718 0.7525 0.3735 0.7840 0.2757 0.7895 0.2739 0.7579 0.3735 0.7840 0.3771 0.8482 0.2745 0.8464 0.2757 0.7895 0.4438 0.5588 0.3769 0.5522 0.3769 0.4031 0.4438 0.4095 0.9657 0.8294 0.9515 0.8152 0.9877 0.8294 0.9515 0.7480 0.9877 0.7480 0.3769 0.5522 0.3407 0.5522 0.3407 0.4031 0.3769 0.4031 0.9515 0.2800 0.9515 0.2128 0.9877 0.2800 0.9657 0.1987 0.9877 0.1987 0.4638 0.4108 0.4638 0.5602 0.4438 0.5588 0.4438 0.4095 0.4858 0.5602 0.4638 0.5602 0.4638 0.4108 0.4858 0.4108 0.2787 0.5878 0.2765 0.6086 0.2689 0.6065 0.2701 0.5862 0.2721 0.5619 0.2812 0.5624 0.2077 0.5814 0.2071 0.5564 0.2166 0.5557 0.2163 0.5821 0.2168 0.6024 0.2086 0.6022 0.2259 0.5825 0.2258 0.6021 0.2168 0.6024 0.2163 0.5821 0.2166 0.5557 0.2261 0.5556 0.2357 0.5566 0.2355 0.5830 0.2349 0.6027 0.2431 0.6033 0.2349 0.6027 0.2355 0.5830 0.2441 0.5834 0.2357 0.5566 0.2451 0.5582 0.2542 0.5598 0.2528 0.5840 0.2510 0.6036 0.2431 0.6033 0.2600 0.6055 0.2510 0.6036 0.2528 0.5840 0.2615 0.5848 0.2542 0.5598 0.2631 0.5612 0.2721 0.5619 0.2701 0.5862 0.2689 0.6065 0.2416 0.6138 0.2348 0.6138 0.2500 0.6147 0.2416 0.6138 0.2506 0.6257 0.2434 0.6233 0.2352 0.6234 0.2588 0.6166 0.2500 0.6147 0.2684 0.6181 0.2684 0.6181 0.2681 0.6292 0.2591 0.6277 0.2588 0.6166 0.2506 0.6257 0.2500 0.6147 0.2179 0.6149 0.2264 0.6143 0.2348 0.6138 0.2352 0.6234 0.2265 0.6248 0.2181 0.6259 0.2684 0.6181 0.2774 0.6183 0.2109 0.6150 0.2179 0.6149 0.2181 0.6259 0.2095 0.6267 0.2764 0.6271 0.2681 0.6292 0.2363 0.6830 0.2353 0.6598 0.2445 0.6630 0.2443 0.6860 0.2527 0.6685 0.2528 0.6902 0.2514 0.7072 0.2442 0.7033 0.2442 0.7033 0.2366 0.7011 0.2777 0.6906 0.2689 0.6934 0.2690 0.6723 0.2775 0.6684 0.2071 0.6659 0.2157 0.6626 0.2172 0.6844 0.2091 0.6871 0.2199 0.7020 0.2125 0.7041 0.2782 0.7061 0.2706 0.7084 0.2528 0.6902 0.2527 0.6685 0.2606 0.6722 0.2609 0.6930 0.2690 0.6723 0.2689 0.6934 0.2706 0.7084 0.2608 0.7095 0.2514 0.7072 0.2268 0.6830 0.2172 0.6844 0.2157 0.6626 0.2254 0.6602 0.2353 0.6598 0.2363 0.6830 0.2366 0.7011 0.2283 0.7010 0.2199 0.7020 0.2776 0.7150 0.2706 0.7160 0.2209 0.7145 0.2151 0.7154 0.2214 0.7277 0.2142 0.7265 0.2760 0.7246 0.2693 0.7253 0.2520 0.7174 0.2514 0.7072 0.2617 0.7173 0.2706 0.7160 0.2617 0.7173 0.2706 0.7160 0.2693 0.7253 0.2611 0.7267 0.2530 0.7293 0.2520 0.7174 0.2294 0.7145 0.2209 0.7145 0.2199 0.7020 0.2283 0.7010 0.2366 0.7011 0.2383 0.7148 0.2377 0.7302 0.2296 0.7293 0.2214 0.7277 0.2383 0.7148 0.2445 0.7163 0.2445 0.7163 0.2520 0.7174 0.2530 0.7293 0.2455 0.7299 0.2377 0.7302 0.2608 0.7411 0.2530 0.7441 0.2682 0.7382 0.2688 0.7538 0.2607 0.7564 0.2607 0.7564 0.2533 0.7602 0.2202 0.7420 0.2283 0.7444 0.2367 0.7461 0.2360 0.7632 0.2272 0.7611 0.2182 0.7582 0.2367 0.7461 0.2447 0.7459 0.2530 0.7441 0.2533 0.7602 0.2449 0.7625 0.2360 0.7632 0.2766 0.7380 0.2682 0.7382 0.2122 0.7400 0.2202 0.7420 0.2182 0.7582 0.2094 0.7555 0.2774 0.7535 0.2688 0.7538 0.2255 0.6396 0.2162 0.6419 0.2353 0.6387 0.2523 0.6448 0.2600 0.6486 0.2683 0.6492 0.2774 0.6457 0.2683 0.6492 0.2162 0.6419 0.2081 0.6451 0.2353 0.6387 0.2439 0.6409 0.2523 0.6448 0.8758 0.1476 0.8744 0.1613 0.8673 0.1585 0.8679 0.1452 0.8701 0.1260 0.8783 0.1277 0.8095 0.1398 0.8084 0.1197 0.8174 0.1194 0.8174 0.1404 0.8185 0.1546 0.8109 0.1548 0.8265 0.1403 0.8265 0.1534 0.8185 0.1546 0.8174 0.1404 0.8174 0.1194 0.8266 0.1190 0.8360 0.1197 0.8355 0.1402 0.8348 0.1532 0.8425 0.1532 0.8348 0.1532 0.8355 0.1402 0.8436 0.1404 0.8360 0.1197 0.8451 0.1209 0.8536 0.1222 0.8519 0.1412 0.8500 0.1536 0.8425 0.1532 0.8587 0.1564 0.8500 0.1536 0.8519 0.1412 0.8600 0.1428 0.8536 0.1222 0.8619 0.1242 0.8701 0.1260 0.8679 0.1452 0.8673 0.1585 0.8418 0.1613 0.8354 0.1620 0.8495 0.1616 0.8503 0.1709 0.8437 0.1693 0.8361 0.1705 0.8573 0.1644 0.8495 0.1616 0.8662 0.1673 0.8662 0.1673 0.8657 0.1772 0.8578 0.1739 0.8573 0.1644 0.8503 0.1709 0.8495 0.1616 0.8200 0.1651 0.8278 0.1635 0.8354 0.1620 0.8361 0.1705 0.8285 0.1731 0.8212 0.1756 0.8662 0.1673 0.8746 0.1688 0.8134 0.1655 0.8200 0.1651 0.8212 0.1756 0.8131 0.1765 0.8737 0.1769 0.8446 0.2275 0.8374 0.2276 0.8360 0.2030 0.8447 0.2040 0.8525 0.2075 0.8520 0.2289 0.8513 0.2471 0.8445 0.2472 0.8445 0.2472 0.8378 0.2472 0.8652 0.2341 0.8657 0.2148 0.8741 0.2144 0.8724 0.2353 0.8116 0.2120 0.8194 0.2094 0.8216 0.2309 0.8148 0.2314 0.8238 0.2476 0.8175 0.2470 0.8716 0.2515 0.8661 0.2489 0.8520 0.2289 0.8525 0.2075 0.8587 0.2119 0.8586 0.2312 0.8587 0.2119 0.8657 0.2148 0.8652 0.2341 0.8661 0.2489 0.8587 0.2480 0.8513 0.2471 0.8293 0.2291 0.8216 0.2309 0.8194 0.2094 0.8274 0.2058 0.8360 0.2030 0.8374 0.2276 0.8378 0.2472 0.8309 0.2474 0.8238 0.2476 0.8650 0.2609 0.8713 0.2619 0.8187 0.2595 0.8243 0.2604 0.8232 0.2737 0.8164 0.2727 0.8715 0.2733 0.8655 0.2736 0.8584 0.2606 0.8507 0.2607 0.8513 0.2471 0.8650 0.2609 0.8584 0.2606 0.8650 0.2609 0.8655 0.2736 0.8581 0.2742 0.8507 0.2758 0.8507 0.2607 0.8243 0.2604 0.8238 0.2476 0.8314 0.2607 0.8385 0.2608 0.8373 0.2757 0.8304 0.2748 0.8232 0.2737 0.8438 0.2609 0.8385 0.2608 0.8507 0.2607 0.8438 0.2609 0.8507 0.2758 0.8441 0.2759 0.8373 0.2757 0.8573 0.2926 0.8500 0.2951 0.8642 0.2892 0.8638 0.3091 0.8567 0.3128 0.8492 0.3160 0.8204 0.2887 0.8279 0.2911 0.8352 0.2936 0.8331 0.3137 0.8254 0.3103 0.8171 0.3070 0.8352 0.2936 0.8422 0.2953 0.8500 0.2951 0.8492 0.3160 0.8411 0.3157 0.8331 0.3137 0.8719 0.2880 0.8642 0.2892 0.8204 0.2887 0.8129 0.2878 0.8171 0.3070 0.8084 0.3061 0.8713 0.3064 0.8638 0.3091 0.8276 0.1863 0.8197 0.1900 0.8362 0.1837 0.8525 0.1867 0.8586 0.1917 0.8586 0.1917 0.8658 0.1947 0.8747 0.1933 0.8197 0.1900 0.8119 0.1930 0.8362 0.1837 0.8446 0.1838 0.8525 0.1867 0.3771 0.8482 0.2745 0.8464 0.2757 0.7895 0.3735 0.7840 0.3735 0.7840 0.2757 0.7895 0.2745 0.8464 0.3771 0.8482 0.4438 0.5588 0.4438 0.4095 0.3769 0.4031 0.3769 0.5522 0.9657 0.8294 0.9515 0.8152 0.9515 0.7480 0.3769 0.5522 0.3769 0.4031 0.9657 0.1987 0.9515 0.2128 0.9515 0.2800 0.4638 0.4108 0.4438 0.4095 0.4438 0.5588 0.4638 0.5602 0.4638 0.4108 0.4638 0.5602 0.2787 0.5878 0.2701 0.5862 0.2689 0.6065 0.2765 0.6086 0.2812 0.5624 0.2721 0.5619 0.2077 0.5814 0.2163 0.5821 0.2166 0.5557 0.2071 0.5564 0.2086 0.6022 0.2168 0.6024 0.2259 0.5825 0.2163 0.5821 0.2168 0.6024 0.2258 0.6021 0.2261 0.5556 0.2166 0.5557 0.2355 0.5830 0.2357 0.5566 0.2349 0.6027 0.2355 0.5830 0.2349 0.6027 0.2431 0.6033 0.2441 0.5834 0.2451 0.5582 0.2357 0.5566 0.2528 0.5840 0.2542 0.5598 0.2431 0.6033 0.2510 0.6036 0.2528 0.5840 0.2510 0.6036 0.2600 0.6055 0.2615 0.5848 0.2631 0.5612 0.2542 0.5598 0.2701 0.5862 0.2721 0.5619 0.2689 0.6065 0.2416 0.6138 0.2348 0.6138 0.2500 0.6147 0.2416 0.6138 0.2434 0.6233 0.2506 0.6257 0.2352 0.6234 0.2588 0.6166 0.2500 0.6147 0.2684 0.6181 0.2591 0.6277 0.2681 0.6292 0.2684 0.6181 0.2588 0.6166 0.2500 0.6147 0.2506 0.6257 0.2179 0.6149 0.2264 0.6143 0.2348 0.6138 0.2265 0.6248 0.2352 0.6234 0.2181 0.6259 0.2684 0.6181 0.2774 0.6183 0.2109 0.6150 0.2179 0.6149 0.2095 0.6267 0.2181 0.6259 0.2681 0.6292 0.2764 0.6271 0.2445 0.6630 0.2353 0.6598 0.2363 0.6830 0.2443 0.6860 0.2528 0.6902 0.2527 0.6685 0.2442 0.7033 0.2514 0.7072 0.2366 0.7011 0.2442 0.7033 0.2777 0.6906 0.2775 0.6684 0.2690 0.6723 0.2689 0.6934 0.2172 0.6844 0.2157 0.6626 0.2071 0.6659 0.2091 0.6871 0.2125 0.7041 0.2199 0.7020 0.2706 0.7084 0.2782 0.7061 0.2606 0.6722 0.2527 0.6685 0.2528 0.6902 0.2609 0.6930 0.2689 0.6934 0.2690 0.6723 0.2608 0.7095 0.2706 0.7084 0.2514 0.7072 0.2268 0.6830 0.2254 0.6602 0.2157 0.6626 0.2172 0.6844 0.2363 0.6830 0.2353 0.6598 0.2283 0.7010 0.2366 0.7011 0.2199 0.7020 0.2776 0.7150 0.2706 0.7160 0.2209 0.7145 0.2151 0.7154 0.2142 0.7265 0.2214 0.7277 0.2693 0.7253 0.2760 0.7246 0.2514 0.7072 0.2520 0.7174 0.2617 0.7173 0.2706 0.7160 0.2617 0.7173 0.2611 0.7267 0.2693 0.7253 0.2706 0.7160 0.2520 0.7174 0.2530 0.7293 0.2294 0.7145 0.2283 0.7010 0.2199 0.7020 0.2209 0.7145 0.2383 0.7148 0.2366 0.7011 0.2296 0.7293 0.2377 0.7302 0.2214 0.7277 0.2383 0.7148 0.2445 0.7163 0.2445 0.7163 0.2520 0.7174 0.2455 0.7299 0.2530 0.7293 0.2377 0.7302 0.2608 0.7411 0.2530 0.7441 0.2682 0.7382 0.2607 0.7564 0.2688 0.7538 0.2533 0.7602 0.2607 0.7564 0.2202 0.7420 0.2283 0.7444 0.2367 0.7461 0.2272 0.7611 0.2360 0.7632 0.2182 0.7582 0.2367 0.7461 0.2447 0.7459 0.2530 0.7441 0.2449 0.7625 0.2533 0.7602 0.2360 0.7632 0.2766 0.7380 0.2682 0.7382 0.2122 0.7400 0.2202 0.7420 0.2094 0.7555 0.2182 0.7582 0.2688 0.7538 0.2774 0.7535 0.2255 0.6396 0.2162 0.6419 0.2353 0.6387 0.2523 0.6448 0.2600 0.6486 0.2683 0.6492 0.2774 0.6457 0.2683 0.6492 0.2162 0.6419 0.2081 0.6451 0.2353 0.6387 0.2439 0.6409 0.2523 0.6448 0.8758 0.1476 0.8679 0.1452 0.8673 0.1585 0.8744 0.1613 0.8783 0.1277 0.8701 0.1260 0.8095 0.1398 0.8174 0.1404 0.8174 0.1194 0.8084 0.1197 0.8109 0.1548 0.8185 0.1546 0.8265 0.1403 0.8174 0.1404 0.8185 0.1546 0.8265 0.1534 0.8266 0.1190 0.8174 0.1194 0.8355 0.1402 0.8360 0.1197 0.8348 0.1532 0.8355 0.1402 0.8348 0.1532 0.8425 0.1532 0.8436 0.1404 0.8451 0.1209 0.8360 0.1197 0.8519 0.1412 0.8536 0.1222 0.8425 0.1532 0.8500 0.1536 0.8519 0.1412 0.8500 0.1536 0.8587 0.1564 0.8600 0.1428 0.8619 0.1242 0.8536 0.1222 0.8679 0.1452 0.8701 0.1260 0.8673 0.1585 0.8418 0.1613 0.8354 0.1620 0.8495 0.1616 0.8437 0.1693 0.8503 0.1709 0.8361 0.1705 0.8573 0.1644 0.8495 0.1616 0.8662 0.1673 0.8578 0.1739 0.8657 0.1772 0.8662 0.1673 0.8573 0.1644 0.8495 0.1616 0.8503 0.1709 0.8200 0.1651 0.8278 0.1635 0.8354 0.1620 0.8285 0.1731 0.8361 0.1705 0.8212 0.1756 0.8662 0.1673 0.8746 0.1688 0.8134 0.1655 0.8200 0.1651 0.8131 0.1765 0.8212 0.1756 0.8737 0.1769 0.8446 0.2275 0.8447 0.2040 0.8360 0.2030 0.8374 0.2276 0.8520 0.2289 0.8525 0.2075 0.8445 0.2472 0.8513 0.2471 0.8378 0.2472 0.8445 0.2472 0.8741 0.2144 0.8657 0.2148 0.8652 0.2341 0.8724 0.2353 0.8216 0.2309 0.8194 0.2094 0.8116 0.2120 0.8148 0.2314 0.8175 0.2470 0.8238 0.2476 0.8661 0.2489 0.8716 0.2515 0.8587 0.2119 0.8525 0.2075 0.8520 0.2289 0.8586 0.2312 0.8652 0.2341 0.8657 0.2148 0.8587 0.2119 0.8587 0.2480 0.8661 0.2489 0.8513 0.2471 0.8293 0.2291 0.8274 0.2058 0.8194 0.2094 0.8216 0.2309 0.8374 0.2276 0.8360 0.2030 0.8309 0.2474 0.8378 0.2472 0.8238 0.2476 0.8650 0.2609 0.8713 0.2619 0.8187 0.2595 0.8243 0.2604 0.8164 0.2727 0.8232 0.2737 0.8655 0.2736 0.8715 0.2733 0.8584 0.2606 0.8513 0.2471 0.8507 0.2607 0.8650 0.2609 0.8584 0.2606 0.8581 0.2742 0.8655 0.2736 0.8650 0.2609 0.8507 0.2607 0.8507 0.2758 0.8238 0.2476 0.8243 0.2604 0.8314 0.2607 0.8385 0.2608 0.8304 0.2748 0.8373 0.2757 0.8232 0.2737 0.8438 0.2609 0.8385 0.2608 0.8507 0.2607 0.8438 0.2609 0.8441 0.2759 0.8507 0.2758 0.8373 0.2757 0.8573 0.2926 0.8500 0.2951 0.8642 0.2892 0.8567 0.3128 0.8638 0.3091 0.8492 0.3160 0.8204 0.2887 0.8279 0.2911 0.8352 0.2936 0.8254 0.3103 0.8331 0.3137 0.8171 0.3070 0.8352 0.2936 0.8422 0.2953 0.8500 0.2951 0.8411 0.3157 0.8492 0.3160 0.8331 0.3137 0.8719 0.2880 0.8642 0.2892 0.8204 0.2887 0.8129 0.2878 0.8084 0.3061 0.8171 0.3070 0.8638 0.3091 0.8713 0.3064 0.8276 0.1863 0.8197 0.1900 0.8362 0.1837 0.8525 0.1867 0.8586 0.1917 0.8586 0.1917 0.8658 0.1947 0.8747 0.1933 0.8197 0.1900 0.8119 0.1930 0.8362 0.1837 0.8446 0.1838 0.8525 0.1867 0.6298 0.3259 0.5972 0.3259 0.5972 0.2970 0.6298 0.2970 0.1382 0.5967 0.1316 0.5515 0.1933 0.5425 0.1999 0.5878 0.5972 0.2513 0.6298 0.2513 0.4260 0.7971 0.3837 0.7797 0.3928 0.7575 0.4351 0.7750 0.5609 0.4766 0.6298 0.4766 0.6298 0.5223 0.5609 0.5223 0.6298 0.4367 0.6298 0.4683 0.5609 0.4683 0.5609 0.4367 0.8372 0.5032 0.8084 0.5032 0.8290 0.4792 0.8372 0.4792 0.9456 0.5627 0.9602 0.5834 0.9232 0.5823 0.9242 0.5617 0.9603 0.3428 0.9230 0.3428 0.9230 0.3068 0.9603 0.3069 0.4909 0.8006 0.4913 0.8108 0.4698 0.8108 0.4696 0.8005 0.4714 0.7115 0.4929 0.7119 0.5127 0.7994 0.5141 0.8223 0.4913 0.8108 0.4909 0.8006 0.5824 0.7938 0.5851 0.8297 0.5141 0.8223 0.5127 0.7994 0.8830 0.5032 0.8830 0.4792 0.5609 0.4683 0.6298 0.4683 0.4428 0.7781 0.4527 0.8082 0.8372 0.5743 0.8830 0.5743 0.6298 0.4367 0.5609 0.4367 0.5972 0.3259 0.5316 0.3720 0.6298 0.3259 0.4104 0.9106 0.3837 0.8996 0.7654 0.9423 0.7654 0.8315 0.8112 0.8315 0.8112 0.9423 0.1316 0.7523 0.1260 0.7069 0.1942 0.6985 0.1999 0.7439 0.1382 0.5967 0.1999 0.5878 0.1942 0.6985 0.1260 0.7069 0.6628 0.9335 0.6605 0.8497 0.7052 0.8589 0.7070 0.9447 0.0926 0.6408 0.0926 0.5570 0.1076 0.6514 0.1076 0.5570 0.1030 0.6514 0.0957 0.6483 0.1737 0.4903 0.1737 0.4045 0.1888 0.4903 0.1768 0.3970 0.1841 0.3938 0.1888 0.3938 0.8372 0.6544 0.8084 0.6544 0.8084 0.5743 0.8372 0.5743 0.8830 0.6544 0.8830 0.5743 0.8084 0.5743 0.9383 0.6586 0.9598 0.6585 0.9229 0.6742 0.9603 0.7442 0.9229 0.7444 0.5149 0.7106 0.5851 0.7044 0.4929 0.7119 0.5149 0.7106 0.9603 0.4319 0.9229 0.4318 0.9602 0.6548 0.9229 0.6546 0.6604 0.8416 0.7051 0.8507 0.6604 0.8416 0.6613 0.8337 0.7060 0.8428 0.7051 0.8507 0.6623 0.8291 0.7070 0.8383 0.6298 0.3259 0.6298 0.2970 0.5972 0.2970 0.5972 0.3259 0.1382 0.5967 0.1999 0.5878 0.4260 0.7971 0.4351 0.7750 0.5609 0.4766 0.6298 0.4766 0.5609 0.4683 0.6298 0.4683 0.6298 0.4367 0.5609 0.4367 0.8372 0.5032 0.8372 0.4792 0.8290 0.4792 0.8084 0.5032 0.9456 0.5627 0.9602 0.5834 0.9603 0.3428 0.9603 0.3069 0.4909 0.8006 0.4913 0.8108 0.4929 0.7119 0.5127 0.7994 0.4909 0.8006 0.4913 0.8108 0.5141 0.8223 0.5141 0.8223 0.5851 0.8297 0.5824 0.7938 0.5127 0.7994 0.5609 0.4683 0.6298 0.4683 0.4428 0.7781 0.4527 0.8082 0.8372 0.5743 0.5316 0.3720 0.5609 0.4367 0.6298 0.3259 0.6298 0.4367 0.5972 0.3259 0.3837 0.8996 0.4104 0.9106 0.7654 0.9423 0.7654 0.8315 0.1942 0.6985 0.1260 0.7069 0.1942 0.6985 0.1999 0.5878 0.1382 0.5967 0.1260 0.7069 0.7052 0.8589 0.6605 0.8497 0.6628 0.9335 0.7070 0.9447 0.0926 0.5570 0.0926 0.6408 0.0957 0.6483 0.1030 0.6514 0.1737 0.4045 0.1737 0.4903 0.1841 0.3938 0.1768 0.3970 0.8372 0.6544 0.8372 0.5743 0.8084 0.5743 0.8084 0.6544 0.8084 0.5743 0.9229 0.6742 0.9383 0.6586 0.9229 0.7444 0.5851 0.7044 0.5149 0.7106 0.5149 0.7106 0.4929 0.7119 0.9603 0.4319 0.9602 0.6548 0.7051 0.8507 0.6604 0.8416 0.7060 0.8428 0.6613 0.8337 0.6604 0.8416 0.7051 0.8507 0.8962 0.0934 0.8640 0.0889 0.8572 0.1145 0.8898 0.1203 0.8662 0.0368 0.8201 0.0472 0.8216 0.0624 0.8689 0.0616 0.8997 0.0609 0.8962 0.0314 0.8178 0.0781 0.8131 0.0920 0.8875 0.0020 0.8557 0.0098 0.8662 0.0368 0.8962 0.0314 0.8962 0.0934 0.8997 0.0609 0.8689 0.0616 0.8640 0.0889 0.3407 0.3660 0.3407 0.3959 0.3677 0.3959 0.3677 0.3660 0.4028 0.1490 0.4170 0.1490 0.4170 0.1337 0.4028 0.1337 0.8131 0.0333 0.8201 0.0472 0.8216 0.0624 0.8178 0.0781 0.7583 0.8409 0.7645 0.8066 0.7239 0.8029 0.7169 0.8356 0.7624 0.7385 0.7241 0.7444 0.7275 0.7762 0.7667 0.7752 0.6657 0.7920 0.6604 0.8097 0.7555 0.7099 0.7149 0.7178 0.7241 0.7444 0.7624 0.7385 0.7645 0.8066 0.7667 0.7752 0.7275 0.7762 0.7239 0.8029 0.2167 0.8509 0.2455 0.8509 0.2455 0.8168 0.2167 0.8168 0.4028 0.1088 0.4169 0.1088 0.4169 0.0908 0.4028 0.0908 0.6604 0.7455 0.6666 0.7585 0.6684 0.7773 0.6657 0.7920 0.6666 0.7585 0.6684 0.7773 0.1993 0.7487 0.1595 0.7559 0.1678 0.7873 0.2058 0.7825 0.1720 0.8133 0.1697 0.8443 0.2082 0.8478 0.2095 0.8119 0.1069 0.7825 0.1122 0.7992 0.2058 0.7825 0.1678 0.7873 0.1720 0.8133 0.2095 0.8119 0.2026 0.8767 0.2082 0.8478 0.1697 0.8443 0.1615 0.8696 0.3646 0.3292 0.3646 0.3623 0.3924 0.3623 0.3924 0.3292 0.4028 0.1125 0.4028 0.1299 0.4164 0.1299 0.4164 0.1125 0.1122 0.7992 0.1149 0.8132 0.1127 0.8315 0.1069 0.8443 0.1149 0.8132 0.1127 0.8315 0.4706 0.6520 0.4457 0.6520 0.4457 0.6630 0.4706 0.6630 0.4706 0.6740 0.4457 0.6740 0.4706 0.5749 0.4706 0.5639 0.4457 0.5639 0.4457 0.5749 0.4457 0.5859 0.4706 0.5859 0.4706 0.5969 0.4457 0.5969 0.4457 0.6079 0.4706 0.6079 0.4706 0.6190 0.4457 0.6190 0.4706 0.6300 0.4457 0.6300 0.0809 0.9426 0.0705 0.9460 0.0640 0.9659 0.0640 0.9549 0.0914 0.9460 0.0705 0.9749 0.0809 0.9783 0.0914 0.9749 0.0979 0.9659 0.0979 0.9549 0.4706 0.6410 0.4457 0.6410 0.7976 0.7944 0.7871 0.7910 0.7767 0.8232 0.7767 0.7944 0.7702 0.8033 0.7702 0.8143 0.8041 0.8143 0.7871 0.8266 0.7976 0.8232 0.8041 0.8033 0.9257 0.2438 0.9260 0.2237 0.9106 0.2298 0.9110 0.2427 0.9119 0.2511 0.9257 0.2515 0.9254 0.2025 0.9086 0.2044 0.9251 0.1955 0.9089 0.1964 0.9253 0.1869 0.9082 0.1871 0.9089 0.1964 0.9251 0.1955 0.9112 0.3025 0.9257 0.3031 0.9260 0.2574 0.9119 0.2575 0.9256 0.0845 0.9110 0.0856 0.9105 0.0987 0.9258 0.1051 0.9257 0.0762 0.9114 0.0768 0.9084 0.1243 0.9252 0.1263 0.9088 0.1324 0.9251 0.1331 0.9088 0.1324 0.9083 0.1417 0.9254 0.1418 0.9251 0.1331 0.9265 0.0696 0.9103 0.0695 0.9304 0.2442 0.9454 0.2432 0.9450 0.2295 0.9302 0.2236 0.9302 0.2517 0.9449 0.2509 0.9469 0.2027 0.9303 0.2019 0.9467 0.1956 0.9295 0.1953 0.9467 0.1956 0.9469 0.1875 0.9297 0.1870 0.9295 0.1953 0.9446 0.3017 0.9448 0.2562 0.9305 0.2572 0.9305 0.3019 0.9449 0.2509 0.9302 0.2517 0.9304 0.0845 0.9300 0.1050 0.9449 0.0995 0.9455 0.0863 0.9455 0.0792 0.9304 0.0773 0.9301 0.1269 0.9468 0.1260 0.9294 0.1337 0.9467 0.1330 0.9298 0.1419 0.9471 0.1411 0.9467 0.1330 0.9294 0.1337 0.9455 0.0792 0.9459 0.0744 0.9312 0.0723 0.9304 0.0773 0.9304 0.2442 0.9302 0.2236 0.9260 0.2237 0.9257 0.2438 0.9106 0.2298 0.9058 0.2298 0.9065 0.2430 0.9110 0.2427 0.9303 0.2019 0.9254 0.2025 0.9040 0.2040 0.9086 0.2044 0.9295 0.1953 0.9251 0.1955 0.9047 0.1959 0.9089 0.1964 0.9082 0.1871 0.9038 0.1868 0.9297 0.1870 0.9253 0.1869 0.9302 0.2517 0.9257 0.2515 0.9076 0.2509 0.9119 0.2511 0.9074 0.2572 0.9119 0.2575 0.9260 0.2574 0.9305 0.2572 0.9258 0.1051 0.9300 0.1050 0.9304 0.0845 0.9256 0.0845 0.9066 0.0855 0.9057 0.0987 0.9105 0.0987 0.9110 0.0856 0.9301 0.1269 0.9252 0.1263 0.9038 0.1247 0.9084 0.1243 0.9294 0.1337 0.9251 0.1331 0.9046 0.1325 0.9088 0.1324 0.9039 0.1418 0.9083 0.1417 0.9254 0.1418 0.9298 0.1419 0.9304 0.0773 0.9257 0.0762 0.9070 0.0775 0.9114 0.0768 0.9103 0.0695 0.9056 0.0724 0.9312 0.0723 0.9265 0.0696 0.9257 0.3031 0.9305 0.3019 0.9066 0.3011 0.9112 0.3025 0.2580 0.0688 0.2692 0.0616 0.3528 0.0679 0.3654 0.0753 0.0229 0.3597 0.0103 0.3619 0.0049 0.3389 0.0169 0.3365 0.2196 0.2684 0.2335 0.2768 0.2304 0.2914 0.2167 0.2988 0.0227 0.7874 0.0103 0.7900 0.0036 0.7652 0.0156 0.7627 0.0657 0.5817 0.0779 0.5810 0.0789 0.5976 0.0664 0.5999 0.0237 0.8053 0.0120 0.8068 0.0029 0.7384 0.0153 0.7375 0.0926 0.0472 0.1036 0.0243 0.2351 0.0371 0.2410 0.0614 0.2167 0.2988 0.3654 0.3084 0.3550 0.3316 0.2233 0.3229 0.0854 0.6224 0.0735 0.6248 0.0737 0.6500 0.0861 0.6492 0.0858 0.6761 0.0733 0.6765 0.1263 0.0091 0.2160 0.0180 0.3327 0.3474 0.2429 0.3415 0.0152 0.6771 0.0158 0.7111 0.0033 0.7115 0.0027 0.6772 0.3052 0.3554 0.2689 0.3531 0.1541 0.0020 0.1903 0.0056 0.0038 0.3202 0.0162 0.3191 0.0675 0.2248 0.0801 0.2227 0.0855 0.2457 0.0735 0.2481 0.3640 0.0475 0.2602 0.0410 0.2717 0.0204 0.3555 0.0257 0.1969 0.3189 0.1847 0.3391 0.1012 0.3305 0.0936 0.3085 0.0743 0.2655 0.0867 0.2643 0.0869 0.2845 0.0745 0.2849 0.2867 0.0088 0.3423 0.0123 0.1693 0.3501 0.1139 0.3443 0.0745 0.2995 0.0871 0.2999 0.3069 0.0020 0.3233 0.0029 0.1489 0.3562 0.1326 0.3544 0.0035 0.3001 0.0160 0.2997 0.0866 0.3201 0.0742 0.3188 0.0172 0.2484 0.0227 0.2247 0.0279 0.2314 0.0249 0.2510 0.0033 0.2847 0.0160 0.2852 0.0675 0.2248 0.0629 0.2325 0.0279 0.2314 0.0227 0.2247 0.0055 0.2459 0.0172 0.2484 0.0163 0.2658 0.0038 0.2645 0.0732 0.3362 0.0677 0.3599 0.0625 0.3532 0.0656 0.3336 0.0745 0.2995 0.0742 0.3188 0.0661 0.3171 0.0665 0.2983 0.0102 0.2230 0.0227 0.2247 0.0745 0.2849 0.0664 0.2858 0.0661 0.2671 0.0743 0.2655 0.0850 0.3387 0.0732 0.3362 0.0160 0.2852 0.0163 0.2658 0.0244 0.2675 0.0240 0.2863 0.0871 0.7380 0.0746 0.7372 0.0739 0.7105 0.0865 0.7105 0.0153 0.7375 0.0264 0.7347 0.0269 0.7585 0.0156 0.7627 0.0152 0.6771 0.0257 0.6790 0.0261 0.7091 0.0158 0.7111 0.0031 0.6229 0.0149 0.6253 0.0145 0.6505 0.0020 0.6498 0.0746 0.7372 0.0741 0.7624 0.0634 0.7582 0.0637 0.7341 0.0227 0.7874 0.0299 0.7776 0.0087 0.5982 0.0212 0.5999 0.0733 0.6765 0.0739 0.7105 0.0635 0.7086 0.0630 0.6784 0.0858 0.7650 0.0741 0.7624 0.0664 0.5999 0.0735 0.6248 0.0621 0.6289 0.0591 0.6097 0.0781 0.8077 0.0662 0.8060 0.0675 0.7878 0.0799 0.7899 0.0095 0.5808 0.0218 0.5816 0.0675 0.7878 0.0597 0.7792 0.0802 0.3616 0.0677 0.3599 0.0677 0.3599 0.0229 0.3597 0.0276 0.3521 0.0625 0.3532 0.0637 0.7341 0.0264 0.7347 0.0261 0.7091 0.0635 0.7086 0.0630 0.6784 0.0257 0.6790 0.0256 0.6294 0.0621 0.6289 0.0627 0.6528 0.0255 0.6534 0.0291 0.6084 0.0591 0.6097 0.0634 0.7582 0.0269 0.7585 0.0597 0.7792 0.0299 0.7776 0.0145 0.6505 0.0149 0.6253 0.0256 0.6294 0.0255 0.6534 0.0737 0.6500 0.0627 0.6528 0.0212 0.5999 0.0664 0.5999 0.0591 0.6097 0.0291 0.6084 0.0227 0.7874 0.0299 0.7776 0.0597 0.7792 0.0675 0.7878 0.0212 0.5999 0.0291 0.6084 0.0661 0.3171 0.0244 0.3175 0.0240 0.2988 0.0665 0.2983 0.0240 0.2863 0.0664 0.2858 0.0249 0.2510 0.0654 0.2507 0.0661 0.2671 0.0244 0.2675 0.0279 0.2314 0.0629 0.2325 0.0656 0.3336 0.0250 0.3338 0.0625 0.3532 0.0276 0.3521 0.0160 0.2997 0.0240 0.2988 0.0244 0.3175 0.0162 0.3191 0.0169 0.3365 0.0250 0.3338 0.0276 0.3521 0.0229 0.3597 0.0735 0.2481 0.0654 0.2507 0.0629 0.2325 0.0675 0.2248 0.0220 0.5552 0.0656 0.5556 0.0097 0.5549 0.0686 0.0289 0.0247 0.0284 0.0250 0.0021 0.0689 0.0026 0.0810 0.0290 0.0813 0.0027 0.0123 0.0282 0.0126 0.0020 0.0779 0.5554 0.0927 0.1036 0.0926 0.0772 0.2369 0.0918 0.2322 0.1180 0.3642 0.2783 0.3506 0.2854 0.2335 0.2768 0.2196 0.2684 0.3640 0.0475 0.3529 0.0546 0.2720 0.0486 0.2602 0.0410 0.0796 0.3773 0.0672 0.3765 0.0108 0.2074 0.0232 0.2081 0.0670 0.2082 0.0793 0.2075 0.0234 0.3764 0.0111 0.3771 0.3653 0.1195 0.2496 0.1116 0.2580 0.0688 0.3654 0.0753 0.2692 0.0616 0.2720 0.0486 0.3529 0.0546 0.3528 0.0679 0.2233 0.0829 0.1064 0.0705 0.1070 0.0558 0.2271 0.0684 0.2304 0.2914 0.2335 0.2768 0.3506 0.2854 0.3507 0.3002 0.1855 0.3108 0.1049 0.3018 0.1056 0.2885 0.1889 0.2980 0.0934 0.2807 0.2004 0.2911 0.1889 0.2980 0.1056 0.2885 0.2369 0.0918 0.2233 0.0829 0.2271 0.0684 0.2410 0.0614 0.1969 0.3189 0.0936 0.3085 0.1049 0.3018 0.1855 0.3108 0.3640 0.0475 0.3654 0.0753 0.3528 0.0679 0.3529 0.0546 0.1969 0.3189 0.1855 0.3108 0.1889 0.2980 0.2004 0.2911 0.0936 0.3085 0.0934 0.2807 0.1056 0.2885 0.1049 0.3018 0.3642 0.2783 0.3654 0.3084 0.3507 0.3002 0.3506 0.2854 0.0926 0.0772 0.0926 0.0472 0.1070 0.0558 0.1064 0.0705 0.2167 0.2988 0.2304 0.2914 0.3507 0.3002 0.3654 0.3084 0.0926 0.0472 0.2410 0.0614 0.2271 0.0684 0.1070 0.0558 0.2602 0.0410 0.2720 0.0486 0.2692 0.0616 0.2580 0.0688 0.2369 0.0918 0.0926 0.0772 0.1064 0.0705 0.2233 0.0829 0.5173 0.9145 0.5766 0.9145 0.5766 0.9289 0.5173 0.9289 0.5173 0.8875 0.5766 0.8875 0.5766 0.9018 0.5173 0.9018 0.5766 0.8604 0.5766 0.8747 0.5173 0.8747 0.5173 0.8604 0.5173 0.8477 0.5766 0.8477 0.5766 0.8604 0.5173 0.8604 0.5766 0.8875 0.5173 0.8875 0.5173 0.8747 0.5766 0.8747 0.5173 0.9416 0.5173 0.9289 0.5766 0.9289 0.5766 0.9416 0.5173 0.9018 0.5766 0.9018 0.5766 0.9145 0.5173 0.9145 0.5173 0.8477 0.5173 0.8334 0.5766 0.8334 0.5766 0.8477 0.3642 0.2783 0.2196 0.2684 0.2246 0.2421 0.3644 0.2520 0.2345 0.2336 0.3562 0.2422 0.0931 0.2364 0.1015 0.2271 0.2019 0.2377 0.2085 0.2484 0.0220 0.5552 0.0249 0.5433 0.0629 0.5437 0.0656 0.5556 0.0670 0.4200 0.0794 0.4203 0.0748 0.4319 0.0641 0.4318 0.0097 0.5549 0.0142 0.5432 0.0234 0.1644 0.0110 0.1642 0.0155 0.1528 0.0263 0.1529 0.0247 0.0284 0.0686 0.0289 0.0656 0.0410 0.0275 0.0406 0.0670 0.4200 0.0234 0.4196 0.0111 0.4197 0.0234 0.1644 0.0670 0.1648 0.0793 0.1647 0.0110 0.1642 0.0794 0.4203 0.0934 0.2807 0.2004 0.2911 0.0670 0.1648 0.0643 0.1533 0.0751 0.1534 0.0793 0.1647 0.1010 0.1136 0.2223 0.1263 0.0641 0.4318 0.0748 0.4319 0.0737 0.5437 0.0629 0.5437 0.0263 0.1529 0.0155 0.1528 0.0167 0.0404 0.0275 0.0406 0.0643 0.1533 0.0656 0.0410 0.0764 0.0411 0.0751 0.1534 0.0153 0.4313 0.0261 0.4314 0.0249 0.5433 0.0142 0.5432 0.2561 0.1220 0.3569 0.1290 0.0234 0.4196 0.0261 0.4314 0.0737 0.5437 0.0779 0.5554 0.0153 0.4313 0.0111 0.4197 0.0167 0.0404 0.0123 0.0282 0.0810 0.0290 0.0764 0.0411 0.9980 0.3762 0.9897 0.3762 0.9897 0.3539 0.9980 0.3539 0.9980 0.5089 0.9897 0.5089 0.9897 0.4463 0.9980 0.4463 0.9656 0.0645 0.9240 0.0645 0.9038 0.0221 0.9038 0.0444 0.9240 0.0020 0.9656 0.0020 0.9980 0.3254 0.9897 0.3254 0.9897 0.2838 0.9980 0.2838 0.3407 0.9556 0.3407 0.9333 0.3609 0.9757 0.3609 0.9132 0.4025 0.9132 0.4025 0.9757 0.9980 0.4047 0.9897 0.4047 0.9897 0.3762 0.9980 0.3762 0.9897 0.3539 0.9897 0.3254 0.9980 0.3254 0.9980 0.3539 0.9897 0.4463 0.9897 0.4047 0.9980 0.4047 0.9980 0.4463 0.4335 0.6632 0.3713 0.6632 0.3646 0.6594 0.4402 0.6594 0.2835 0.6501 0.2902 0.6463 0.3524 0.6463 0.3591 0.6501 0.8031 0.4953 0.7778 0.4953 0.7750 0.4881 0.8059 0.4881 0.7750 0.7252 0.7778 0.7181 0.8031 0.7181 0.8059 0.7252 0.7750 0.7648 0.8059 0.7648 0.8021 0.7716 0.7788 0.7716 0.7750 0.4486 0.7788 0.4418 0.8021 0.4418 0.8059 0.4486 0.3591 0.6896 0.3542 0.6957 0.2884 0.6957 0.2835 0.6896 0.4402 0.6199 0.3646 0.6199 0.3695 0.6138 0.4353 0.6138 0.4402 0.6594 0.3646 0.6594 0.3695 0.5902 0.4353 0.5902 0.7788 0.4418 0.7788 0.4182 0.8021 0.4182 0.8021 0.4418 0.3542 0.7193 0.2884 0.7193 0.8021 0.2924 0.8021 0.3160 0.7788 0.3160 0.7788 0.2924 0.8021 0.3342 0.7788 0.3342 0.3739 0.5726 0.3824 0.5637 0.4224 0.5637 0.4310 0.5726 0.7788 0.4000 0.8021 0.4000 0.3498 0.7370 0.2927 0.7370 0.7788 0.3465 0.8021 0.3465 0.8021 0.3584 0.7788 0.3584 0.7788 0.3877 0.8021 0.3877 0.3413 0.7458 0.3013 0.7458 0.8021 0.3758 0.7788 0.3758 0.3300 0.7496 0.3126 0.7496 0.3937 0.5599 0.4111 0.5599 0.8059 0.7252 0.8059 0.7648 0.7750 0.7648 0.7750 0.7252 0.2835 0.6501 0.3591 0.6501 0.7750 0.4881 0.7750 0.4486 0.8059 0.4486 0.8059 0.4881 0.3713 0.6632 0.4335 0.6632 0.4353 0.7235 0.3695 0.7235 0.7778 0.4953 0.8031 0.4953 0.8021 0.5556 0.7788 0.5556 0.2902 0.6463 0.2884 0.5860 0.3542 0.5860 0.3524 0.6463 0.7778 0.7181 0.7788 0.6578 0.8021 0.6578 0.8031 0.7181 0.7788 0.6396 0.8021 0.6396 0.4310 0.7412 0.4224 0.7500 0.3824 0.7500 0.3739 0.7412 0.8021 0.5738 0.7788 0.5738 0.2927 0.5684 0.3498 0.5684 0.7788 0.6273 0.7788 0.6154 0.8021 0.6154 0.8021 0.6273 0.8021 0.5861 0.7788 0.5861 0.3013 0.5595 0.3413 0.5595 0.8021 0.5980 0.7788 0.5980 0.3126 0.5557 0.3300 0.5557 0.4111 0.7538 0.3937 0.7538 0.7091 0.0485 0.7056 0.0878 0.6414 0.0844 0.6461 0.0382 0.4505 0.9431 0.4857 0.9431 0.4857 0.9875 0.4505 0.9875 0.7520 0.1224 0.8022 0.1307 0.7922 0.1758 0.7424 0.1613 0.4075 0.9143 0.4427 0.9143 0.4427 0.9587 0.4075 0.9587 0.7510 0.0185 0.8002 0.0117 0.8051 0.0474 0.7559 0.0523 0.7520 0.1224 0.7546 0.0924 0.8057 0.0940 0.8022 0.1307 0.8179 0.9663 0.8179 0.9127 0.8606 0.9127 0.8606 0.9663 0.3248 0.4556 0.2025 0.4556 0.2370 0.4443 0.3093 0.4443 0.2024 0.5092 0.3247 0.5094 0.3247 0.5520 0.2024 0.5519 0.8179 0.8934 0.8179 0.8617 0.8606 0.8617 0.8606 0.8934 0.3248 0.4129 0.2025 0.4130 0.3247 0.3591 0.2024 0.3593 0.3357 0.3701 0.3358 0.4018 0.8179 0.9090 0.8179 0.8934 0.8606 0.8934 0.8606 0.9090 0.8179 0.8461 0.8606 0.8461 0.8606 0.8617 0.8179 0.8617 0.3247 0.5094 0.2024 0.5092 0.3248 0.4556 0.2025 0.4556 0.3358 0.4667 0.3357 0.4984 0.9857 0.1144 0.9857 0.1868 0.9706 0.1868 0.9706 0.1144 0.3093 0.4242 0.3248 0.4129 0.2370 0.4242 0.2025 0.4130 0.3741 0.1580 0.3741 0.0857 0.3942 0.0857 0.3942 0.1580 0.9857 0.0020 0.9857 0.0220 0.9706 0.0220 0.9706 0.0020 0.9857 0.0944 0.9706 0.0944 0.9706 0.0220 0.9857 0.0220 0.9857 0.0944 0.9857 0.1144 0.9706 0.1144 0.9706 0.0944 0.6414 0.1216 0.6414 0.0844 0.7056 0.0878 0.7039 0.1181 0.6537 0.0020 0.7174 0.0181 0.7091 0.0485 0.6461 0.0382 0.6414 0.1216 0.7039 0.1181 0.7081 0.1616 0.6448 0.1666 0.7559 0.0523 0.7546 0.0924 0.7478 0.0908 0.7493 0.0540 0.8051 0.0474 0.8057 0.0940 0.7546 0.0924 0.7559 0.0523 0.7510 0.0185 0.7559 0.0523 0.7493 0.0540 0.7456 0.0246 0.7174 0.0181 0.7216 0.0249 0.7154 0.0514 0.7091 0.0485 0.7056 0.0878 0.7091 0.0485 0.7154 0.0514 0.7124 0.0878 0.7493 0.0540 0.7478 0.0908 0.7124 0.0878 0.7154 0.0514 0.7124 0.0878 0.7478 0.0908 0.7455 0.1214 0.7108 0.1186 0.7216 0.0249 0.7456 0.0246 0.7493 0.0540 0.7154 0.0514 0.7108 0.1186 0.7455 0.1214 0.7385 0.1544 0.7132 0.1550 0.7039 0.1181 0.7108 0.1186 0.7132 0.1550 0.7081 0.1616 0.7424 0.1613 0.7385 0.1544 0.7455 0.1214 0.7520 0.1224 0.7039 0.1181 0.7056 0.0878 0.7124 0.0878 0.7108 0.1186 0.7546 0.0924 0.7520 0.1224 0.7455 0.1214 0.7478 0.0908 0.7583 0.8409 0.7169 0.8356 0.7239 0.8029 0.7645 0.8066 0.7624 0.7385 0.7667 0.7752 0.7275 0.7762 0.7241 0.7444 0.6604 0.8097 0.6657 0.7920 0.7555 0.7099 0.7624 0.7385 0.7241 0.7444 0.7149 0.7178 0.7275 0.7762 0.7667 0.7752 0.7645 0.8066 0.7239 0.8029 0.2455 0.8168 0.2455 0.8509 0.2167 0.8509 0.2167 0.8168 0.4169 0.0908 0.4169 0.1088 0.4028 0.1088 0.4028 0.0908 0.6666 0.7585 0.6604 0.7455 0.6657 0.7920 0.6684 0.7773 0.6684 0.7773 0.6666 0.7585 0.1678 0.7873 0.1595 0.7559 0.1993 0.7487 0.2058 0.7825 0.2082 0.8478 0.1697 0.8443 0.1720 0.8133 0.2095 0.8119 0.1122 0.7992 0.1069 0.7825 0.2058 0.7825 0.2095 0.8119 0.1720 0.8133 0.1678 0.7873 0.1697 0.8443 0.2082 0.8478 0.2026 0.8767 0.1615 0.8696 0.3646 0.3292 0.3924 0.3292 0.3924 0.3623 0.3646 0.3623 0.4028 0.1125 0.4164 0.1125 0.4164 0.1299 0.4028 0.1299 0.1149 0.8132 0.1122 0.7992 0.1069 0.8443 0.1127 0.8315 0.1127 0.8315 0.1149 0.8132 0.4457 0.6630 0.4457 0.6520 0.4706 0.6520 0.4706 0.6630 0.4706 0.6740 0.4457 0.6740 0.4706 0.5749 0.4457 0.5749 0.4457 0.5639 0.4706 0.5639 0.4457 0.5859 0.4706 0.5859 0.4706 0.5969 0.4457 0.5969 0.4457 0.6079 0.4706 0.6079 0.4706 0.6190 0.4457 0.6190 0.4706 0.6300 0.4457 0.6300 0.0640 0.9549 0.0705 0.9460 0.0914 0.9460 0.0809 0.9426 0.0979 0.9549 0.0979 0.9659 0.0914 0.9749 0.0809 0.9783 0.0705 0.9749 0.0640 0.9659 0.4706 0.6410 0.4457 0.6410 0.7767 0.7944 0.7871 0.7910 0.8041 0.8143 0.7976 0.7944 0.8041 0.8033 0.7976 0.8232 0.7871 0.8266 0.7767 0.8232 0.7702 0.8143 0.7702 0.8033 0.9257 0.2438 0.9110 0.2427 0.9106 0.2298 0.9260 0.2237 0.9257 0.2515 0.9119 0.2511 0.9086 0.2044 0.9254 0.2025 0.9089 0.1964 0.9251 0.1955 0.9089 0.1964 0.9082 0.1871 0.9253 0.1869 0.9251 0.1955 0.9112 0.3025 0.9119 0.2575 0.9260 0.2574 0.9257 0.3031 0.9256 0.0845 0.9258 0.1051 0.9105 0.0987 0.9110 0.0856 0.9114 0.0768 0.9257 0.0762 0.9252 0.1263 0.9084 0.1243 0.9251 0.1331 0.9088 0.1324 0.9254 0.1418 0.9083 0.1417 0.9088 0.1324 0.9251 0.1331 0.9103 0.0695 0.9265 0.0696 0.9304 0.2442 0.9302 0.2236 0.9450 0.2295 0.9454 0.2432 0.9449 0.2509 0.9302 0.2517 0.9303 0.2019 0.9469 0.2027 0.9295 0.1953 0.9467 0.1956 0.9297 0.1870 0.9469 0.1875 0.9467 0.1956 0.9295 0.1953 0.9446 0.3017 0.9305 0.3019 0.9305 0.2572 0.9448 0.2562 0.9449 0.2509 0.9302 0.2517 0.9304 0.0845 0.9455 0.0863 0.9449 0.0995 0.9300 0.1050 0.9304 0.0773 0.9455 0.0792 0.9468 0.1260 0.9301 0.1269 0.9467 0.1330 0.9294 0.1337 0.9467 0.1330 0.9471 0.1411 0.9298 0.1419 0.9294 0.1337 0.9455 0.0792 0.9304 0.0773 0.9312 0.0723 0.9459 0.0744 0.9260 0.2237 0.9302 0.2236 0.9304 0.2442 0.9257 0.2438 0.9106 0.2298 0.9110 0.2427 0.9065 0.2430 0.9058 0.2298 0.9254 0.2025 0.9303 0.2019 0.9040 0.2040 0.9086 0.2044 0.9251 0.1955 0.9295 0.1953 0.9047 0.1959 0.9089 0.1964 0.9082 0.1871 0.9038 0.1868 0.9253 0.1869 0.9297 0.1870 0.9302 0.2517 0.9257 0.2515 0.9119 0.2511 0.9076 0.2509 0.9119 0.2575 0.9074 0.2572 0.9260 0.2574 0.9305 0.2572 0.9258 0.1051 0.9256 0.0845 0.9304 0.0845 0.9300 0.1050 0.9105 0.0987 0.9057 0.0987 0.9066 0.0855 0.9110 0.0856 0.9301 0.1269 0.9252 0.1263 0.9084 0.1243 0.9038 0.1247 0.9294 0.1337 0.9251 0.1331 0.9088 0.1324 0.9046 0.1325 0.9083 0.1417 0.9039 0.1418 0.9254 0.1418 0.9298 0.1419 0.9257 0.0762 0.9304 0.0773 0.9070 0.0775 0.9114 0.0768 0.9103 0.0695 0.9056 0.0724 0.9265 0.0696 0.9312 0.0723 0.9257 0.3031 0.9305 0.3019 0.9112 0.3025 0.9066 0.3011 0.3528 0.0679 0.2692 0.0616 0.2580 0.0688 0.3654 0.0753 0.0229 0.3597 0.0169 0.3365 0.0049 0.3389 0.0103 0.3619 0.2304 0.2914 0.2335 0.2768 0.2196 0.2684 0.2167 0.2988 0.0227 0.7874 0.0156 0.7627 0.0036 0.7652 0.0103 0.7900 0.0657 0.5817 0.0664 0.5999 0.0789 0.5976 0.0779 0.5810 0.0237 0.8053 0.0120 0.8068 0.0153 0.7375 0.0029 0.7384 0.2351 0.0371 0.1036 0.0243 0.0926 0.0472 0.2410 0.0614 0.2167 0.2988 0.2233 0.3229 0.3550 0.3316 0.3654 0.3084 0.0735 0.6248 0.0854 0.6224 0.0737 0.6500 0.0733 0.6765 0.0858 0.6761 0.0861 0.6492 0.2160 0.0180 0.1263 0.0091 0.2429 0.3415 0.3327 0.3474 0.0152 0.6771 0.0027 0.6772 0.0033 0.7115 0.0158 0.7111 0.2689 0.3531 0.3052 0.3554 0.1903 0.0056 0.1541 0.0020 0.0162 0.3191 0.0038 0.3202 0.0735 0.2481 0.0855 0.2457 0.0801 0.2227 0.0675 0.2248 0.3640 0.0475 0.3555 0.0257 0.2717 0.0204 0.2602 0.0410 0.1012 0.3305 0.1847 0.3391 0.1969 0.3189 0.0936 0.3085 0.0743 0.2655 0.0745 0.2849 0.0869 0.2845 0.0867 0.2643 0.3423 0.0123 0.2867 0.0088 0.1139 0.3443 0.1693 0.3501 0.0745 0.2995 0.0871 0.2999 0.3233 0.0029 0.3069 0.0020 0.1326 0.3544 0.1489 0.3562 0.0160 0.2997 0.0035 0.3001 0.0866 0.3201 0.0742 0.3188 0.0172 0.2484 0.0249 0.2510 0.0279 0.2314 0.0227 0.2247 0.0160 0.2852 0.0033 0.2847 0.0279 0.2314 0.0629 0.2325 0.0675 0.2248 0.0227 0.2247 0.0055 0.2459 0.0038 0.2645 0.0163 0.2658 0.0172 0.2484 0.0732 0.3362 0.0656 0.3336 0.0625 0.3532 0.0677 0.3599 0.0745 0.2995 0.0665 0.2983 0.0661 0.3171 0.0742 0.3188 0.0102 0.2230 0.0227 0.2247 0.0661 0.2671 0.0664 0.2858 0.0745 0.2849 0.0743 0.2655 0.0850 0.3387 0.0732 0.3362 0.0160 0.2852 0.0240 0.2863 0.0244 0.2675 0.0163 0.2658 0.0871 0.7380 0.0865 0.7105 0.0739 0.7105 0.0746 0.7372 0.0269 0.7585 0.0264 0.7347 0.0153 0.7375 0.0156 0.7627 0.0261 0.7091 0.0257 0.6790 0.0152 0.6771 0.0158 0.7111 0.0031 0.6229 0.0020 0.6498 0.0145 0.6505 0.0149 0.6253 0.0746 0.7372 0.0637 0.7341 0.0634 0.7582 0.0741 0.7624 0.0227 0.7874 0.0299 0.7776 0.0087 0.5982 0.0212 0.5999 0.0733 0.6765 0.0630 0.6784 0.0635 0.7086 0.0739 0.7105 0.0858 0.7650 0.0741 0.7624 0.0664 0.5999 0.0591 0.6097 0.0621 0.6289 0.0735 0.6248 0.0799 0.7899 0.0675 0.7878 0.0662 0.8060 0.0781 0.8077 0.0095 0.5808 0.0218 0.5816 0.0597 0.7792 0.0675 0.7878 0.0802 0.3616 0.0677 0.3599 0.0677 0.3599 0.0625 0.3532 0.0276 0.3521 0.0229 0.3597 0.0637 0.7341 0.0635 0.7086 0.0261 0.7091 0.0264 0.7347 0.0630 0.6784 0.0257 0.6790 0.0256 0.6294 0.0255 0.6534 0.0627 0.6528 0.0621 0.6289 0.0291 0.6084 0.0591 0.6097 0.0634 0.7582 0.0269 0.7585 0.0597 0.7792 0.0299 0.7776 0.0145 0.6505 0.0255 0.6534 0.0256 0.6294 0.0149 0.6253 0.0627 0.6528 0.0737 0.6500 0.0212 0.5999 0.0291 0.6084 0.0591 0.6097 0.0664 0.5999 0.0597 0.7792 0.0299 0.7776 0.0227 0.7874 0.0675 0.7878 0.0291 0.6084 0.0212 0.5999 0.0661 0.3171 0.0665 0.2983 0.0240 0.2988 0.0244 0.3175 0.0664 0.2858 0.0240 0.2863 0.0249 0.2510 0.0244 0.2675 0.0661 0.2671 0.0654 0.2507 0.0279 0.2314 0.0629 0.2325 0.0656 0.3336 0.0250 0.3338 0.0625 0.3532 0.0276 0.3521 0.0244 0.3175 0.0240 0.2988 0.0160 0.2997 0.0162 0.3191 0.0276 0.3521 0.0250 0.3338 0.0169 0.3365 0.0229 0.3597 0.0629 0.2325 0.0654 0.2507 0.0735 0.2481 0.0675 0.2248 0.0220 0.5552 0.0656 0.5556 0.0097 0.5549 0.0686 0.0289 0.0689 0.0026 0.0250 0.0021 0.0247 0.0284 0.0810 0.0290 0.0813 0.0027 0.0126 0.0020 0.0123 0.0282 0.0779 0.5554 0.2369 0.0918 0.0926 0.0772 0.0927 0.1036 0.2322 0.1180 0.2335 0.2768 0.3506 0.2854 0.3642 0.2783 0.2196 0.2684 0.2720 0.0486 0.3529 0.0546 0.3640 0.0475 0.2602 0.0410 0.0672 0.3765 0.0796 0.3773 0.0232 0.2081 0.0108 0.2074 0.0793 0.2075 0.0670 0.2082 0.0111 0.3771 0.0234 0.3764 0.3653 0.1195 0.3654 0.0753 0.2580 0.0688 0.2496 0.1116 0.3529 0.0546 0.2720 0.0486 0.2692 0.0616 0.3528 0.0679 0.2233 0.0829 0.2271 0.0684 0.1070 0.0558 0.1064 0.0705 0.3506 0.2854 0.2335 0.2768 0.2304 0.2914 0.3507 0.3002 0.1855 0.3108 0.1889 0.2980 0.1056 0.2885 0.1049 0.3018 0.0934 0.2807 0.1056 0.2885 0.1889 0.2980 0.2004 0.2911 0.2271 0.0684 0.2233 0.0829 0.2369 0.0918 0.2410 0.0614 0.1969 0.3189 0.1855 0.3108 0.1049 0.3018 0.0936 0.3085 0.3640 0.0475 0.3529 0.0546 0.3528 0.0679 0.3654 0.0753 0.1889 0.2980 0.1855 0.3108 0.1969 0.3189 0.2004 0.2911 0.0936 0.3085 0.1049 0.3018 0.1056 0.2885 0.0934 0.2807 0.3642 0.2783 0.3506 0.2854 0.3507 0.3002 0.3654 0.3084 0.0926 0.0772 0.1064 0.0705 0.1070 0.0558 0.0926 0.0472 0.3507 0.3002 0.2304 0.2914 0.2167 0.2988 0.3654 0.3084 0.0926 0.0472 0.1070 0.0558 0.2271 0.0684 0.2410 0.0614 0.2692 0.0616 0.2720 0.0486 0.2602 0.0410 0.2580 0.0688 0.2369 0.0918 0.2233 0.0829 0.1064 0.0705 0.0926 0.0772 0.5766 0.9289 0.5766 0.9145 0.5173 0.9145 0.5173 0.9289 0.5173 0.8875 0.5173 0.9018 0.5766 0.9018 0.5766 0.8875 0.5766 0.8604 0.5173 0.8604 0.5173 0.8747 0.5766 0.8747 0.5173 0.8477 0.5173 0.8604 0.5766 0.8604 0.5766 0.8477 0.5766 0.8875 0.5766 0.8747 0.5173 0.8747 0.5173 0.8875 0.5766 0.9289 0.5173 0.9289 0.5173 0.9416 0.5766 0.9416 0.5173 0.9018 0.5173 0.9145 0.5766 0.9145 0.5766 0.9018 0.5766 0.8334 0.5173 0.8334 0.5173 0.8477 0.5766 0.8477 0.3642 0.2783 0.3644 0.2520 0.2246 0.2421 0.2196 0.2684 0.3562 0.2422 0.2345 0.2336 0.2019 0.2377 0.1015 0.2271 0.0931 0.2364 0.2085 0.2484 0.0656 0.5556 0.0629 0.5437 0.0249 0.5433 0.0220 0.5552 0.0670 0.4200 0.0641 0.4318 0.0748 0.4319 0.0794 0.4203 0.0142 0.5432 0.0097 0.5549 0.0234 0.1644 0.0263 0.1529 0.0155 0.1528 0.0110 0.1642 0.0275 0.0406 0.0656 0.0410 0.0686 0.0289 0.0247 0.0284 0.0234 0.4196 0.0670 0.4200 0.0111 0.4197 0.0670 0.1648 0.0234 0.1644 0.0793 0.1647 0.0110 0.1642 0.0794 0.4203 0.0934 0.2807 0.2004 0.2911 0.0751 0.1534 0.0643 0.1533 0.0670 0.1648 0.0793 0.1647 0.2223 0.1263 0.1010 0.1136 0.0641 0.4318 0.0629 0.5437 0.0737 0.5437 0.0748 0.4319 0.0263 0.1529 0.0275 0.0406 0.0167 0.0404 0.0155 0.1528 0.0751 0.1534 0.0764 0.0411 0.0656 0.0410 0.0643 0.1533 0.0153 0.4313 0.0142 0.5432 0.0249 0.5433 0.0261 0.4314 0.3569 0.1290 0.2561 0.1220 0.0261 0.4314 0.0234 0.4196 0.0737 0.5437 0.0779 0.5554 0.0153 0.4313 0.0111 0.4197 0.0167 0.0404 0.0123 0.0282 0.0764 0.0411 0.0810 0.0290 0.9980 0.3762 0.9980 0.3539 0.9897 0.3539 0.9897 0.3762 0.9980 0.5089 0.9980 0.4463 0.9897 0.4463 0.9897 0.5089 0.9038 0.0444 0.9240 0.0645 0.9240 0.0020 0.9656 0.0645 0.9656 0.0020 0.9038 0.0221 0.9980 0.2838 0.9897 0.2838 0.9897 0.3254 0.9980 0.3254 0.3609 0.9132 0.3407 0.9333 0.4025 0.9132 0.3407 0.9556 0.3609 0.9757 0.4025 0.9757 0.9980 0.3762 0.9897 0.3762 0.9897 0.4047 0.9980 0.4047 0.9980 0.3539 0.9980 0.3254 0.9897 0.3254 0.9897 0.3539 0.9980 0.4463 0.9980 0.4047 0.9897 0.4047 0.9897 0.4463 0.3646 0.6594 0.3713 0.6632 0.4335 0.6632 0.4402 0.6594 0.2835 0.6501 0.3591 0.6501 0.3524 0.6463 0.2902 0.6463 0.7750 0.4881 0.7778 0.4953 0.8031 0.4953 0.8059 0.4881 0.7750 0.7252 0.8059 0.7252 0.8031 0.7181 0.7778 0.7181 0.7750 0.7648 0.7788 0.7716 0.8021 0.7716 0.8059 0.7648 0.8021 0.4418 0.7788 0.4418 0.7750 0.4486 0.8059 0.4486 0.2884 0.6957 0.3542 0.6957 0.3591 0.6896 0.2835 0.6896 0.4402 0.6199 0.4353 0.6138 0.3695 0.6138 0.3646 0.6199 0.3646 0.6594 0.4402 0.6594 0.4353 0.5902 0.3695 0.5902 0.7788 0.4418 0.8021 0.4418 0.8021 0.4182 0.7788 0.4182 0.2884 0.7193 0.3542 0.7193 0.8021 0.2924 0.7788 0.2924 0.7788 0.3160 0.8021 0.3160 0.7788 0.3342 0.8021 0.3342 0.4224 0.5637 0.3824 0.5637 0.3739 0.5726 0.4310 0.5726 0.8021 0.4000 0.7788 0.4000 0.2927 0.7370 0.3498 0.7370 0.7788 0.3465 0.7788 0.3584 0.8021 0.3584 0.8021 0.3465 0.8021 0.3877 0.7788 0.3877 0.3013 0.7458 0.3413 0.7458 0.8021 0.3758 0.7788 0.3758 0.3126 0.7496 0.3300 0.7496 0.4111 0.5599 0.3937 0.5599 0.7750 0.7252 0.7750 0.7648 0.8059 0.7648 0.8059 0.7252 0.3591 0.6501 0.2835 0.6501 0.7750 0.4881 0.8059 0.4881 0.8059 0.4486 0.7750 0.4486 0.3713 0.6632 0.3695 0.7235 0.4353 0.7235 0.4335 0.6632 0.7778 0.4953 0.7788 0.5556 0.8021 0.5556 0.8031 0.4953 0.3542 0.5860 0.2884 0.5860 0.2902 0.6463 0.3524 0.6463 0.8021 0.6578 0.7788 0.6578 0.7778 0.7181 0.8031 0.7181 0.8021 0.6396 0.7788 0.6396 0.4310 0.7412 0.3739 0.7412 0.3824 0.7500 0.4224 0.7500 0.7788 0.5738 0.8021 0.5738 0.3498 0.5684 0.2927 0.5684 0.7788 0.6273 0.8021 0.6273 0.8021 0.6154 0.7788 0.6154 0.7788 0.5861 0.8021 0.5861 0.3413 0.5595 0.3013 0.5595 0.8021 0.5980 0.7788 0.5980 0.3300 0.5557 0.3126 0.5557 0.3937 0.7538 0.4111 0.7538 0.7091 0.0485 0.6461 0.0382 0.6414 0.0844 0.7056 0.0878 0.4857 0.9875 0.4857 0.9431 0.4505 0.9431 0.4505 0.9875 0.7424 0.1613 0.7922 0.1758 0.8022 0.1307 0.7520 0.1224 0.4427 0.9587 0.4427 0.9143 0.4075 0.9143 0.4075 0.9587 0.7559 0.0523 0.8051 0.0474 0.8002 0.0117 0.7510 0.0185 0.8022 0.1307 0.8057 0.0940 0.7546 0.0924 0.7520 0.1224 0.8606 0.9127 0.8179 0.9127 0.8179 0.9663 0.8606 0.9663 0.3248 0.4556 0.3093 0.4443 0.2370 0.4443 0.2025 0.4556 0.2024 0.5519 0.3247 0.5520 0.3247 0.5094 0.2024 0.5092 0.8179 0.8934 0.8606 0.8934 0.8606 0.8617 0.8179 0.8617 0.2024 0.3593 0.2025 0.4130 0.3357 0.3701 0.3248 0.4129 0.3358 0.4018 0.3247 0.3591 0.8606 0.9090 0.8606 0.8934 0.8179 0.8934 0.8179 0.9090 0.8179 0.8461 0.8179 0.8617 0.8606 0.8617 0.8606 0.8461 0.2025 0.4556 0.2024 0.5092 0.3358 0.4667 0.3247 0.5094 0.3357 0.4984 0.3248 0.4556 0.9857 0.1144 0.9706 0.1144 0.9706 0.1868 0.9857 0.1868 0.3093 0.4242 0.3248 0.4129 0.2370 0.4242 0.2025 0.4130 0.3942 0.0857 0.3741 0.0857 0.3741 0.1580 0.3942 0.1580 0.9706 0.0020 0.9706 0.0220 0.9857 0.0220 0.9857 0.0020 0.9706 0.0220 0.9706 0.0944 0.9857 0.0944 0.9857 0.0220 0.9857 0.0944 0.9706 0.0944 0.9706 0.1144 0.9857 0.1144 0.6414 0.1216 0.7039 0.1181 0.7056 0.0878 0.6414 0.0844 0.6461 0.0382 0.7091 0.0485 0.7174 0.0181 0.6537 0.0020 0.7081 0.1616 0.7039 0.1181 0.6414 0.1216 0.6448 0.1666 0.7559 0.0523 0.7493 0.0540 0.7478 0.0908 0.7546 0.0924 0.7559 0.0523 0.7546 0.0924 0.8057 0.0940 0.8051 0.0474 0.7456 0.0246 0.7493 0.0540 0.7559 0.0523 0.7510 0.0185 0.7154 0.0514 0.7216 0.0249 0.7174 0.0181 0.7091 0.0485 0.7056 0.0878 0.7124 0.0878 0.7154 0.0514 0.7091 0.0485 0.7154 0.0514 0.7124 0.0878 0.7478 0.0908 0.7493 0.0540 0.7455 0.1214 0.7478 0.0908 0.7124 0.0878 0.7108 0.1186 0.7493 0.0540 0.7456 0.0246 0.7216 0.0249 0.7154 0.0514 0.7132 0.1550 0.7385 0.1544 0.7455 0.1214 0.7108 0.1186 0.7132 0.1550 0.7108 0.1186 0.7039 0.1181 0.7081 0.1616 0.7455 0.1214 0.7385 0.1544 0.7424 0.1613 0.7520 0.1224 0.7039 0.1181 0.7108 0.1186 0.7124 0.0878 0.7056 0.0878 0.7546 0.0924 0.7478 0.0908 0.7455 0.1214 0.7520 0.1224 0.6496 0.5978 0.6386 0.5978 0.6384 0.5869 0.6496 0.5869 0.6602 0.6203 0.6494 0.6198 0.6496 0.6088 0.6604 0.6096 0.6700 0.6005 0.6699 0.6108 0.6605 0.5988 0.6387 0.6301 0.6386 0.6198 0.6492 0.6302 0.6386 0.6089 0.6601 0.6305 0.6278 0.6304 0.6278 0.6203 0.6276 0.5989 0.6278 0.6097 0.6271 0.5885 0.6269 0.7143 0.6383 0.7155 0.6380 0.7267 0.6257 0.7247 0.6695 0.6210 0.6691 0.6309 0.6489 0.6824 0.6491 0.6934 0.6380 0.6935 0.6381 0.6825 0.6705 0.5909 0.6609 0.5882 0.6736 0.6214 0.6739 0.6114 0.6742 0.6015 0.6734 0.6312 0.6184 0.6210 0.6186 0.6308 0.6143 0.6310 0.6143 0.6213 0.6382 0.7046 0.6491 0.7044 0.6494 0.7152 0.6272 0.7037 0.6183 0.6108 0.6488 0.6721 0.6597 0.6718 0.6597 0.6819 0.6383 0.6721 0.6273 0.6928 0.6273 0.6821 0.6601 0.7031 0.6599 0.6924 0.6607 0.7135 0.6500 0.5755 0.6622 0.5778 0.6183 0.6007 0.6177 0.5913 0.6504 0.7267 0.6522 0.7389 0.6372 0.7396 0.6141 0.6017 0.6142 0.6114 0.6135 0.5926 0.6156 0.7209 0.6113 0.7190 0.6131 0.7104 0.6173 0.7118 0.6376 0.5756 0.6255 0.5783 0.6492 0.6405 0.6492 0.6511 0.6382 0.6511 0.6384 0.6404 0.6276 0.6405 0.6508 0.5627 0.6359 0.5633 0.6220 0.5678 0.6230 0.7353 0.6625 0.7238 0.6490 0.6618 0.6599 0.6617 0.6661 0.7342 0.6650 0.5672 0.6382 0.6618 0.6274 0.6719 0.6274 0.6617 0.6724 0.7195 0.6765 0.7278 0.6274 0.6511 0.6600 0.6406 0.6747 0.5922 0.6600 0.6512 0.6113 0.7190 0.6082 0.7174 0.6099 0.7093 0.6131 0.7104 0.6116 0.5740 0.6155 0.5823 0.6114 0.5844 0.6076 0.5770 0.6104 0.6612 0.6104 0.6510 0.6137 0.6510 0.6137 0.6613 0.6120 0.7298 0.6078 0.7268 0.6103 0.5938 0.6083 0.5860 0.6114 0.5844 0.6135 0.5926 0.6078 0.7268 0.6047 0.7247 0.6182 0.6407 0.6140 0.6408 0.6724 0.5817 0.6177 0.7020 0.6178 0.6917 0.6702 0.7107 0.6761 0.5729 0.6744 0.7092 0.6765 0.7174 0.6731 0.6711 0.6688 0.6713 0.6692 0.6615 0.6734 0.6614 0.6804 0.7247 0.6766 0.5837 0.6802 0.5761 0.6180 0.6814 0.6183 0.6714 0.6136 0.7011 0.6692 0.6811 0.6733 0.6807 0.6138 0.6911 0.6139 0.6810 0.6696 0.6408 0.6696 0.6511 0.6694 0.6912 0.6737 0.6410 0.6736 0.6512 0.6695 0.7012 0.6178 0.6615 0.6178 0.6511 0.6737 0.7002 0.6735 0.6905 0.6140 0.6712 0.6137 0.6613 0.6137 0.6510 0.6106 0.6807 0.6088 0.6806 0.6089 0.6709 0.6107 0.6710 0.6136 0.7011 0.6103 0.7004 0.6067 0.5869 0.6032 0.5805 0.6046 0.5792 0.6083 0.5860 0.6139 0.6810 0.6106 0.6807 0.6107 0.6710 0.6140 0.6712 0.6081 0.7087 0.6085 0.6999 0.6103 0.7004 0.6099 0.7093 0.6105 0.6906 0.6086 0.6904 0.6138 0.6911 0.6105 0.6906 0.4744 0.0249 0.4805 0.0239 0.4824 0.0291 0.4772 0.0324 0.4822 0.0135 0.4804 0.0184 0.4744 0.0170 0.4772 0.0099 0.4859 0.0330 0.4823 0.0380 0.6804 0.7247 0.6765 0.7174 0.6796 0.7156 0.6834 0.7224 0.6833 0.5783 0.6856 0.5803 0.6824 0.5867 0.6797 0.5854 0.6802 0.5761 0.6833 0.5783 0.6797 0.5854 0.6766 0.5837 0.6821 0.7143 0.6856 0.7204 0.6834 0.7224 0.6796 0.7156 0.6744 0.7092 0.6776 0.7080 0.6734 0.6614 0.6767 0.6613 0.6764 0.6709 0.6731 0.6711 0.6803 0.7070 0.6776 0.7080 0.6806 0.5943 0.6780 0.5934 0.6140 0.6408 0.6107 0.6408 0.6110 0.6311 0.6143 0.6310 0.6110 0.6216 0.6109 0.6119 0.6142 0.6114 0.6143 0.6213 0.6141 0.6017 0.6108 0.6024 0.6780 0.5934 0.6774 0.6023 0.6742 0.6015 0.6747 0.5922 0.4974 0.0409 0.4894 0.0409 0.4909 0.0349 0.4964 0.0348 0.4908 0.0319 0.4958 0.0317 0.5015 0.0329 0.5049 0.0381 0.4872 0.0311 0.5054 0.0293 0.5106 0.0329 0.5074 0.0244 0.5072 0.0189 0.5133 0.0177 0.5133 0.0257 0.5005 0.0301 0.5036 0.0280 0.0666 0.8489 0.0610 0.8490 0.0602 0.8439 0.0677 0.8441 0.0519 0.8543 0.0476 0.8512 0.0531 0.8464 0.0558 0.8508 0.0449 0.8580 0.0499 0.8591 0.0449 0.8655 0.0498 0.8647 0.0517 0.8699 0.0474 0.8726 0.0744 0.8468 0.0715 0.8509 0.0666 0.8519 0.0616 0.8520 0.0702 0.8527 0.0568 0.8536 0.0537 0.8555 0.6082 0.7174 0.6064 0.7166 0.6086 0.6611 0.6086 0.6510 0.6104 0.6510 0.6104 0.6612 0.6085 0.5944 0.6103 0.5938 0.6047 0.7247 0.6032 0.7234 0.4902 0.0020 0.4913 0.0081 0.4862 0.0099 0.4828 0.0047 0.5017 0.0098 0.4968 0.0079 0.4982 0.0020 0.5053 0.0046 0.6736 0.6214 0.6769 0.6218 0.6767 0.6314 0.6734 0.6312 0.6772 0.6119 0.6799 0.6124 0.6797 0.6220 0.6769 0.6218 0.6733 0.6807 0.6766 0.6803 0.6803 0.6030 0.6774 0.6023 0.6739 0.6114 0.6772 0.6119 0.6794 0.6315 0.6767 0.6314 0.6736 0.6512 0.6737 0.6410 0.6769 0.6411 0.6770 0.6512 0.6770 0.6512 0.6798 0.6513 0.6795 0.6612 0.6767 0.6613 0.6798 0.6412 0.6769 0.6411 0.6791 0.6707 0.6764 0.6709 0.6737 0.7002 0.6770 0.6995 0.6768 0.6900 0.6796 0.6896 0.6797 0.6987 0.6770 0.6995 0.6795 0.6801 0.6766 0.6803 0.6735 0.6905 0.6768 0.6900 0.6107 0.6408 0.6088 0.6409 0.6092 0.6312 0.6110 0.6311 0.6091 0.6217 0.6091 0.6121 0.6109 0.6119 0.6110 0.6216 0.6108 0.6024 0.6090 0.6028 0.5105 0.0103 0.5053 0.0137 0.4938 0.0214 0.4928 0.0158 0.4981 0.0152 0.4994 0.0203 0.5025 0.0147 0.5042 0.0195 0.4919 0.0111 0.4969 0.0109 0.5005 0.0117 0.5000 0.0256 0.4949 0.0270 0.5044 0.0244 0.4896 0.0276 0.4883 0.0225 0.4851 0.0280 0.4835 0.0233 0.4877 0.0172 0.4872 0.0127 0.4833 0.0184 0.4841 0.0147 0.0633 0.8624 0.0577 0.8634 0.0572 0.8581 0.0624 0.8568 0.0529 0.8642 0.0528 0.8592 0.0677 0.8563 0.0690 0.8614 0.0722 0.8559 0.0737 0.8606 0.0695 0.8668 0.0643 0.8680 0.0699 0.8712 0.0651 0.8728 0.0738 0.8656 0.0730 0.8692 0.0590 0.8685 0.0545 0.8689 0.0601 0.8729 0.0565 0.8721 0.0552 0.8739 0.0522 0.8781 0.0590 0.8808 0.0601 0.8759 0.0665 0.8808 0.0656 0.8759 0.0709 0.8740 0.0736 0.8783 0.0748 0.8705 0.0791 0.8735 0.0818 0.8668 0.0768 0.8656 0.0818 0.8592 0.0768 0.8601 0.0749 0.8549 0.0793 0.8521 0.6046 0.5792 0.6076 0.5770 0.6955 0.3847 0.6816 0.3848 0.6813 0.3710 0.6955 0.3710 0.7090 0.4134 0.6953 0.4128 0.6955 0.3988 0.7092 0.3999 0.7215 0.3883 0.7212 0.4013 0.7094 0.3861 0.6816 0.4259 0.6816 0.4127 0.6950 0.4260 0.6815 0.3988 0.7088 0.4263 0.6679 0.4261 0.6679 0.4133 0.6676 0.3862 0.6678 0.3999 0.6669 0.3729 0.6667 0.5327 0.6812 0.5343 0.6808 0.5486 0.6652 0.5459 0.7208 0.4143 0.7203 0.4269 0.6946 0.4923 0.6948 0.5062 0.6809 0.5063 0.6810 0.4923 0.7221 0.3760 0.7099 0.3726 0.7260 0.4148 0.7264 0.4021 0.7267 0.3895 0.7257 0.4272 0.6560 0.4143 0.6561 0.4267 0.6507 0.4270 0.6507 0.4147 0.6810 0.5204 0.6949 0.5202 0.6953 0.5338 0.6671 0.5193 0.6558 0.4014 0.6946 0.4792 0.7084 0.4788 0.7083 0.4916 0.6811 0.4791 0.6672 0.5054 0.6673 0.4918 0.7089 0.5186 0.7086 0.5050 0.7096 0.5318 0.6960 0.3565 0.7115 0.3594 0.6557 0.3885 0.6551 0.3765 0.6965 0.5485 0.6989 0.5640 0.6798 0.5649 0.6505 0.3897 0.6506 0.4021 0.6497 0.3783 0.6523 0.5412 0.6469 0.5387 0.6492 0.5278 0.6545 0.5295 0.6803 0.3567 0.6649 0.3601 0.6950 0.4390 0.6951 0.4525 0.6810 0.4525 0.6813 0.4389 0.6675 0.4390 0.6781 0.3410 0.6971 0.3402 0.6605 0.3467 0.6618 0.5595 0.7119 0.5448 0.6948 0.4661 0.7086 0.4660 0.7165 0.5580 0.7151 0.3459 0.6811 0.4661 0.6673 0.4789 0.6674 0.4659 0.7244 0.5394 0.7296 0.5499 0.6673 0.4525 0.7087 0.4392 0.7274 0.3777 0.7088 0.4526 0.6469 0.5387 0.6429 0.5367 0.6451 0.5264 0.6492 0.5278 0.6473 0.3545 0.6523 0.3651 0.6470 0.3677 0.6421 0.3583 0.6458 0.4654 0.6458 0.4523 0.6500 0.4524 0.6500 0.4655 0.6478 0.5524 0.6425 0.5486 0.6456 0.3797 0.6431 0.3699 0.6470 0.3677 0.6497 0.3783 0.6425 0.5486 0.6385 0.5459 0.6556 0.4393 0.6503 0.4394 0.7244 0.3644 0.6551 0.5172 0.6551 0.5041 0.7217 0.5281 0.7291 0.3532 0.7270 0.5263 0.7297 0.5367 0.7254 0.4779 0.7199 0.4782 0.7205 0.4656 0.7257 0.4655 0.7347 0.5459 0.7298 0.3669 0.7343 0.3572 0.6554 0.4910 0.6558 0.4783 0.6498 0.5160 0.7205 0.4906 0.7257 0.4901 0.6500 0.5033 0.6502 0.4905 0.7209 0.4395 0.7209 0.4526 0.7207 0.5034 0.7261 0.4396 0.7260 0.4526 0.7208 0.5161 0.6552 0.4657 0.6552 0.4525 0.7261 0.5149 0.7258 0.5026 0.6504 0.4780 0.6500 0.4655 0.6500 0.4524 0.6460 0.4901 0.6437 0.4899 0.6439 0.4777 0.6462 0.4778 0.6498 0.5160 0.6457 0.5151 0.6410 0.3709 0.6366 0.3629 0.6384 0.3612 0.6431 0.3699 0.6502 0.4905 0.6460 0.4901 0.6462 0.4778 0.6504 0.4780 0.6428 0.5257 0.6434 0.5145 0.6457 0.5151 0.6451 0.5264 0.6458 0.5027 0.6435 0.5023 0.6500 0.5033 0.6458 0.5027 0.4648 0.1234 0.4726 0.1221 0.4750 0.1286 0.4684 0.1328 0.4748 0.1088 0.4725 0.1151 0.4648 0.1133 0.4685 0.1043 0.4795 0.1336 0.4749 0.1400 0.7347 0.5459 0.7297 0.5367 0.7336 0.5345 0.7385 0.5431 0.7383 0.3600 0.7412 0.3626 0.7371 0.3707 0.7338 0.3691 0.7343 0.3572 0.7383 0.3600 0.7338 0.3691 0.7298 0.3669 0.7369 0.5327 0.7412 0.5404 0.7385 0.5431 0.7336 0.5345 0.7270 0.5263 0.7311 0.5248 0.7257 0.4655 0.7299 0.4655 0.7295 0.4776 0.7254 0.4779 0.7345 0.5235 0.7311 0.5248 0.7349 0.3804 0.7315 0.3792 0.6503 0.4394 0.6461 0.4394 0.6466 0.4271 0.6507 0.4270 0.6465 0.4150 0.6464 0.4026 0.6506 0.4021 0.6507 0.4147 0.6505 0.3897 0.6463 0.3906 0.7315 0.3792 0.7309 0.3905 0.7267 0.3895 0.7274 0.3777 0.4941 0.1436 0.4839 0.1437 0.4858 0.1360 0.4928 0.1359 0.4857 0.1323 0.4920 0.1320 0.4993 0.1334 0.5036 0.1401 0.4811 0.1313 0.5042 0.1289 0.5108 0.1335 0.5067 0.1227 0.5065 0.1157 0.5143 0.1143 0.5142 0.1244 0.4980 0.1299 0.5019 0.1273 0.0295 0.9447 0.0224 0.9448 0.0214 0.9384 0.0309 0.9386 0.0108 0.9515 0.0054 0.9477 0.0124 0.9416 0.0158 0.9471 0.0020 0.9563 0.0083 0.9577 0.0020 0.9658 0.0082 0.9648 0.0106 0.9714 0.0051 0.9749 0.0394 0.9420 0.0357 0.9473 0.0295 0.9485 0.0231 0.9487 0.0341 0.9496 0.0171 0.9506 0.0131 0.9532 0.6429 0.5367 0.6407 0.5357 0.6434 0.4652 0.6434 0.4523 0.6458 0.4523 0.6458 0.4654 0.6434 0.3805 0.6456 0.3797 0.6385 0.5459 0.6367 0.5443 0.4850 0.0942 0.4864 0.1020 0.4798 0.1044 0.4756 0.0978 0.4996 0.1042 0.4933 0.1017 0.4950 0.0942 0.5041 0.0976 0.7260 0.4148 0.7302 0.4153 0.7299 0.4275 0.7257 0.4272 0.7306 0.4028 0.7341 0.4033 0.7337 0.4156 0.7302 0.4153 0.7257 0.4901 0.7298 0.4896 0.7345 0.3914 0.7309 0.3905 0.7264 0.4021 0.7306 0.4028 0.7334 0.4277 0.7299 0.4275 0.7260 0.4526 0.7261 0.4396 0.7302 0.4397 0.7303 0.4527 0.7303 0.4527 0.7338 0.4527 0.7335 0.4653 0.7299 0.4655 0.7339 0.4400 0.7302 0.4397 0.7330 0.4774 0.7295 0.4776 0.7261 0.5149 0.7303 0.5139 0.7301 0.5019 0.7336 0.5014 0.7338 0.5130 0.7303 0.5139 0.7335 0.4894 0.7298 0.4896 0.7258 0.5026 0.7301 0.5019 0.6461 0.4394 0.6438 0.4395 0.6443 0.4272 0.6466 0.4271 0.6441 0.4151 0.6441 0.4029 0.6464 0.4026 0.6465 0.4150 0.6463 0.3906 0.6440 0.3912 0.5107 0.1048 0.5041 0.1091 0.4896 0.1189 0.4882 0.1118 0.4949 0.1110 0.4967 0.1176 0.5006 0.1105 0.5027 0.1164 0.4871 0.1058 0.4934 0.1055 0.4980 0.1065 0.4974 0.1243 0.4909 0.1260 0.5029 0.1227 0.4842 0.1268 0.4825 0.1202 0.4785 0.1273 0.4765 0.1214 0.4817 0.1135 0.4811 0.1079 0.4762 0.1150 0.4772 0.1104 0.0254 0.9619 0.0182 0.9631 0.0176 0.9563 0.0241 0.9547 0.0121 0.9641 0.0120 0.9578 0.0309 0.9541 0.0325 0.9607 0.0366 0.9536 0.0386 0.9596 0.0332 0.9674 0.0266 0.9690 0.0337 0.9731 0.0276 0.9751 0.0387 0.9660 0.0376 0.9706 0.0198 0.9697 0.0141 0.9701 0.0213 0.9752 0.0167 0.9741 0.0150 0.9764 0.0112 0.9818 0.0198 0.9853 0.0213 0.9790 0.0294 0.9853 0.0283 0.9790 0.0349 0.9766 0.0384 0.9821 0.0399 0.9722 0.0454 0.9760 0.0488 0.9674 0.0425 0.9660 0.0488 0.9578 0.0425 0.9589 0.0401 0.9524 0.0457 0.9488 0.6384 0.3612 0.6421 0.3583 0.7444 0.6017 0.7444 0.5662 0.7521 0.5662 0.7521 0.6017 0.7668 0.6017 0.7668 0.6496 0.7590 0.6496 0.7590 0.6017 0.7297 0.6018 0.7297 0.5662 0.7375 0.5662 0.7375 0.6018 0.7151 0.5662 0.7228 0.5662 0.7228 0.6018 0.7151 0.6018 0.7082 0.6017 0.7082 0.5662 0.7151 0.5662 0.7151 0.6018 0.7297 0.5662 0.7297 0.6018 0.7228 0.6018 0.7228 0.5662 0.7590 0.6017 0.7521 0.6017 0.7521 0.5662 0.7590 0.5662 0.7375 0.5662 0.7444 0.5662 0.7444 0.6017 0.7375 0.6018 0.7668 0.5662 0.7590 0.5662 0.7668 0.7031 0.7590 0.7031 0.7297 0.6496 0.7228 0.6496 0.7375 0.6496 0.7297 0.6496 0.7151 0.6496 0.7082 0.6496 0.7228 0.6496 0.7151 0.6496 0.7444 0.6496 0.7375 0.6496 0.7521 0.6496 0.7444 0.6496 0.7590 0.6496 0.7521 0.6496 0.7590 0.7031 0.7521 0.7031 0.7151 0.7031 0.7082 0.7031 0.7228 0.7031 0.7151 0.7031 0.7521 0.7031 0.7444 0.7031 0.7444 0.7031 0.7375 0.7031 0.7297 0.7031 0.7228 0.7031 0.7375 0.7031 0.7297 0.7031 0.9159 0.7688 0.9159 0.7969 0.8895 0.7969 0.8895 0.7688 0.8895 0.6741 0.9159 0.6741 0.9159 0.6999 0.8895 0.6999 0.9159 0.6485 0.8895 0.6485 0.8895 0.6203 0.9159 0.6203 0.8895 0.7431 0.9159 0.7431 0.9159 0.6030 0.9159 0.6203 0.8895 0.6203 0.8895 0.6030 0.9658 0.3119 0.9832 0.3119 0.9832 0.3375 0.9658 0.3375 0.3915 0.2717 0.3915 0.2974 0.3741 0.2974 0.3741 0.2717 0.3915 0.3255 0.3741 0.3255 0.9658 0.2838 0.9832 0.2838 0.8895 0.7173 0.8895 0.6999 0.9159 0.6999 0.9159 0.7173 0.3741 0.2459 0.3915 0.2459 0.8895 0.7173 0.9159 0.7173 0.9832 0.3634 0.9658 0.3634 0.4217 0.3041 0.4217 0.2951 0.5247 0.2899 0.5255 0.3040 0.5080 0.3697 0.4171 0.3472 0.4189 0.3384 0.5137 0.3567 0.5024 0.3816 0.4150 0.3552 0.5025 0.2264 0.5081 0.2383 0.4172 0.2609 0.4151 0.2529 0.4213 0.2868 0.4204 0.2786 0.5188 0.2644 0.5224 0.2770 0.5246 0.3181 0.4216 0.3131 0.4921 0.4069 0.4081 0.3712 0.4122 0.3630 0.4971 0.3936 0.5138 0.2512 0.4190 0.2697 0.4203 0.3296 0.5187 0.3435 0.4920 0.2012 0.4971 0.2144 0.4122 0.2452 0.4081 0.2370 0.5246 0.3181 0.5298 0.3186 0.5277 0.3322 0.5223 0.3309 0.5237 0.3451 0.5187 0.3435 0.5223 0.3309 0.4212 0.3213 0.5188 0.2644 0.5238 0.2628 0.5278 0.2758 0.5224 0.2770 0.5299 0.2893 0.5247 0.2899 0.5080 0.3697 0.5129 0.3717 0.5075 0.3837 0.5022 0.3955 0.5021 0.2125 0.5076 0.2242 0.5130 0.2362 0.5081 0.2383 0.5137 0.3567 0.5190 0.3588 0.4978 0.4079 0.4977 0.2001 0.5138 0.2512 0.5191 0.2492 0.5255 0.3040 0.5311 0.3040 0.4203 0.3296 0.4141 0.3287 0.4146 0.3208 0.4212 0.3213 0.4153 0.3128 0.4216 0.3131 0.4217 0.2951 0.4154 0.2953 0.4147 0.2874 0.4213 0.2868 0.4141 0.2794 0.4204 0.2786 0.4122 0.3630 0.4065 0.3600 0.4089 0.3530 0.4150 0.3552 0.4111 0.3456 0.4171 0.3472 0.4172 0.2609 0.4111 0.2625 0.4089 0.2552 0.4151 0.2529 0.4065 0.2481 0.4122 0.2452 0.4189 0.3384 0.4123 0.3372 0.4081 0.2370 0.4028 0.2416 0.4081 0.3712 0.4028 0.3666 0.4190 0.2697 0.4124 0.2710 0.4217 0.3041 0.4151 0.3041 0.9351 0.4924 0.9271 0.4836 0.9796 0.4848 0.9229 0.4715 0.9484 0.4356 0.9229 0.4586 0.9276 0.4478 0.9363 0.4398 0.9613 0.4356 0.9721 0.4403 0.9801 0.4490 0.9843 0.4611 0.9843 0.4740 0.9709 0.4928 0.9588 0.4970 0.9459 0.4970 0.1973 0.4283 0.1972 0.4249 0.1968 0.4105 0.1970 0.4205 0.1968 0.4098 0.1969 0.4161 0.1968 0.4127 0.1967 0.4105 0.1975 0.4282 0.1969 0.4127 0.1971 0.4161 0.1972 0.4204 0.1974 0.4248 0.1975 0.4304 0.1975 0.4311 0.1974 0.4304 0.5045 0.9118 0.4605 0.9044 0.4614 0.8986 0.5057 0.9041 0.4978 0.8230 0.4996 0.8305 0.4565 0.8433 0.4542 0.8378 0.4582 0.8485 0.5014 0.8375 0.5069 0.8742 0.4623 0.8761 0.4620 0.8707 0.5064 0.8670 0.4620 0.8932 0.4623 0.8878 0.5069 0.8897 0.5064 0.8969 0.5030 0.9194 0.4594 0.9101 0.5045 0.8522 0.4605 0.8595 0.4594 0.8538 0.5031 0.8445 0.5071 0.8820 0.4623 0.8820 0.4978 0.9409 0.4542 0.9262 0.4565 0.9206 0.4997 0.9334 0.5057 0.8598 0.4614 0.8653 0.5030 0.9194 0.5059 0.9199 0.5044 0.9270 0.5014 0.9264 0.5025 0.9339 0.4997 0.9334 0.5014 0.9264 0.4582 0.9154 0.5069 0.8897 0.5098 0.8898 0.5094 0.8972 0.5064 0.8969 0.5085 0.9045 0.5057 0.9041 0.4996 0.8305 0.5025 0.8299 0.5044 0.8369 0.5014 0.8375 0.5059 0.8440 0.5031 0.8445 0.5057 0.8598 0.5085 0.8595 0.5094 0.8668 0.5064 0.8670 0.5098 0.8741 0.5069 0.8742 0.4978 0.9409 0.5010 0.9410 0.4978 0.8230 0.5010 0.8228 0.5045 0.8522 0.5076 0.8517 0.5071 0.8820 0.5101 0.8820 0.5045 0.9118 0.5076 0.9123 0.4565 0.9206 0.4527 0.9189 0.4541 0.9141 0.4582 0.9154 0.4554 0.9092 0.4594 0.9101 0.4614 0.8986 0.4573 0.8981 0.4576 0.8928 0.4620 0.8932 0.4581 0.8876 0.4623 0.8878 0.4594 0.8538 0.4554 0.8547 0.4541 0.8498 0.4582 0.8485 0.4527 0.8451 0.4565 0.8433 0.4623 0.8761 0.4581 0.8763 0.4576 0.8711 0.4620 0.8707 0.4573 0.8659 0.4614 0.8653 0.4542 0.8378 0.4505 0.8406 0.4542 0.9262 0.4505 0.9234 0.4605 0.8595 0.4562 0.8603 0.4623 0.8820 0.4579 0.8820 0.4605 0.9044 0.4562 0.9036 0.5287 0.0331 0.5244 0.0283 0.5431 0.0020 0.5221 0.0216 0.5221 0.0146 0.5246 0.0086 0.5294 0.0043 0.5361 0.0020 0.5484 0.0333 0.5491 0.0045 0.5534 0.0093 0.5557 0.0159 0.5557 0.0230 0.5532 0.0289 0.5417 0.0356 0.5347 0.0356 0.2353 0.0036 0.2393 0.0020 0.2517 0.0194 0.2440 0.0020 0.2484 0.0035 0.2516 0.0063 0.2532 0.0102 0.2532 0.0149 0.2327 0.0198 0.2489 0.0225 0.2450 0.0242 0.2403 0.0242 0.2358 0.0227 0.2310 0.0159 0.2310 0.0112 0.2325 0.0068 0.5030 0.0702 0.5002 0.0793 0.4832 0.0743 0.4873 0.0624 0.4903 0.0501 0.5052 0.0630 0.5126 0.0701 0.5106 0.0759 0.5084 0.0826 0.5787 0.5690 0.5709 0.5695 0.5682 0.5557 0.5748 0.5520 0.4682 0.0586 0.4617 0.0744 0.5780 0.6013 0.5860 0.6005 0.4389 0.0482 0.4330 0.0660 0.5885 0.6561 0.5870 0.6468 0.5933 0.6468 0.5940 0.6564 0.5938 0.6612 0.5890 0.6607 0.7165 0.2222 0.7184 0.2032 0.7298 0.2074 0.7290 0.2245 0.4315 0.1221 0.4317 0.1033 0.4509 0.1063 0.4505 0.1221 0.7186 0.1757 0.7267 0.1796 0.7202 0.1913 0.7069 0.1857 0.4578 0.0832 0.4290 0.0773 0.5537 0.6794 0.5885 0.6784 0.5882 0.6825 0.5540 0.6837 0.3989 0.0253 0.3955 0.0422 0.3893 0.0327 0.3920 0.0176 0.3881 0.0233 0.3889 0.0123 0.3900 0.0065 0.3936 0.0090 0.4017 0.0134 0.7698 0.2224 0.7670 0.2347 0.7496 0.2303 0.7526 0.2173 0.6610 0.2171 0.6521 0.2171 0.6569 0.2007 0.6674 0.1939 0.7005 0.2203 0.7039 0.1991 0.6521 0.2171 0.6610 0.2171 0.6603 0.2220 0.6517 0.2213 0.6462 0.2210 0.6476 0.2152 0.7164 0.2280 0.7165 0.2222 0.7290 0.2245 0.7288 0.2301 0.7002 0.2259 0.7005 0.2203 0.4798 0.0831 0.4792 0.0850 0.4585 0.0921 0.4558 0.0889 0.7457 0.2345 0.7496 0.2303 0.3881 0.0746 0.4276 0.0847 0.4221 0.0871 0.3883 0.0781 0.7357 0.1829 0.7318 0.1965 0.7285 0.1620 0.7350 0.1666 0.7426 0.1707 0.4266 0.1028 0.5941 0.6857 0.5879 0.6894 0.5862 0.6860 0.6476 0.2152 0.4968 0.0887 0.4792 0.0850 0.4798 0.0831 0.4977 0.0869 0.5064 0.0895 0.5060 0.0914 0.7725 0.2142 0.7818 0.2165 0.7814 0.2185 0.7716 0.2159 0.7540 0.2107 0.7552 0.2089 0.5862 0.5349 0.5935 0.5277 0.5946 0.5292 0.5879 0.5372 0.5748 0.5520 0.5739 0.5458 0.5685 0.5388 0.5843 0.5319 0.5925 0.5261 0.7380 0.1963 0.7318 0.1965 0.7533 0.2131 0.7304 0.2014 0.5668 0.5488 0.5682 0.5557 0.5668 0.5488 0.5639 0.5424 0.5685 0.5388 0.5739 0.5458 0.7069 0.1857 0.7033 0.1804 0.7151 0.1729 0.7186 0.1757 0.4585 0.0921 0.4549 0.1068 0.4509 0.1063 0.4558 0.0889 0.7415 0.1844 0.7380 0.1963 0.4315 0.1221 0.4263 0.1221 0.7255 0.1587 0.7285 0.1620 0.4544 0.1221 0.4505 0.1221 0.7483 0.1725 0.3849 0.0270 0.3881 0.0233 0.3839 0.0504 0.3813 0.0486 0.3797 0.0691 0.3776 0.0696 0.6577 0.1736 0.6594 0.1755 0.6553 0.1926 0.6517 0.1934 0.6476 0.2152 0.6440 0.2128 0.6708 0.1755 0.6701 0.1710 0.7033 0.1804 0.7069 0.1857 0.5885 0.6980 0.5941 0.6857 0.5946 0.7011 0.6397 0.2160 0.6366 0.2210 0.5534 0.6752 0.5525 0.6612 0.5884 0.6746 0.3776 0.0696 0.3797 0.0691 0.3813 0.0715 0.3808 0.0743 0.3808 0.0743 0.3813 0.0715 0.6626 0.1747 0.6620 0.1708 0.6594 0.1755 0.6577 0.1736 0.4446 0.0323 0.3881 0.0746 0.3918 0.0607 0.6699 0.1835 0.7051 0.1914 0.6602 0.1873 0.6553 0.1926 0.6594 0.1755 0.7202 0.1913 0.7191 0.1963 0.4809 0.0805 0.7716 0.2159 0.7708 0.2183 0.7814 0.2185 0.7808 0.2209 0.7797 0.2251 0.3813 0.0715 0.3850 0.0545 0.3797 0.0691 0.3839 0.0504 0.4558 0.0889 0.4798 0.0831 0.4977 0.0869 0.4986 0.0845 0.5071 0.0870 0.5064 0.0895 0.5516 0.6479 0.5487 0.6030 0.6475 0.2511 0.6529 0.2511 0.5522 0.6568 0.6612 0.2511 0.5922 0.6741 0.7160 0.2511 0.7282 0.2511 0.5542 0.6870 0.5454 0.5535 0.5458 0.5594 0.5884 0.6746 0.5534 0.6752 0.6384 0.2511 0.4743 0.0441 0.5922 0.6741 0.5939 0.6783 0.3741 0.0101 0.3760 0.0044 0.3881 0.0233 0.3849 0.0270 0.3800 0.0227 0.3741 0.0101 0.3787 0.0020 0.6440 0.2128 0.7768 0.2369 0.6413 0.0045 0.6413 0.0091 0.6366 0.0088 0.6366 0.0045 0.6407 0.0020 0.6372 0.0020 0.2024 0.0037 0.2032 0.0020 0.2032 0.0055 0.6389 0.0217 0.6372 0.0210 0.6407 0.0224 0.6413 0.0163 0.7445 0.2511 0.5545 0.6911 0.5542 0.6870 0.5551 0.6997 0.5450 0.5471 0.5639 0.5424 0.7003 0.2511 0.5466 0.5718 0.5458 0.5594 0.5030 0.1739 0.4873 0.1817 0.4832 0.1699 0.5002 0.1648 0.5052 0.1812 0.4903 0.1940 0.5106 0.1683 0.5126 0.1740 0.5084 0.1615 0.5145 0.5732 0.5161 0.5558 0.5231 0.5586 0.5222 0.5727 0.4682 0.1855 0.4617 0.1697 0.5194 0.6052 0.5114 0.6054 0.4389 0.1960 0.4330 0.1781 0.5162 0.6609 0.5108 0.6619 0.5102 0.6523 0.5165 0.6515 0.5163 0.6655 0.5116 0.6666 0.7298 0.2948 0.7184 0.2990 0.7165 0.2799 0.7290 0.2776 0.4509 0.1379 0.4317 0.1409 0.7202 0.3109 0.7267 0.3226 0.7186 0.3264 0.7069 0.3165 0.4290 0.1669 0.4578 0.1610 0.5199 0.6870 0.5191 0.6830 0.3893 0.2114 0.3955 0.2020 0.3989 0.2189 0.3920 0.2265 0.3889 0.2318 0.3881 0.2208 0.3936 0.2351 0.3900 0.2376 0.4017 0.2308 0.7698 0.2798 0.7526 0.2849 0.7496 0.2719 0.7670 0.2675 0.6610 0.2851 0.6674 0.3083 0.6569 0.3015 0.6521 0.2851 0.7039 0.3031 0.7005 0.2819 0.6603 0.2802 0.6610 0.2851 0.6521 0.2851 0.6517 0.2809 0.6476 0.2870 0.6462 0.2812 0.7164 0.2742 0.7288 0.2721 0.7290 0.2776 0.7165 0.2799 0.7005 0.2819 0.7002 0.2763 0.4585 0.1521 0.4792 0.1591 0.4798 0.1610 0.4558 0.1552 0.7457 0.2677 0.7496 0.2719 0.3881 0.1696 0.3883 0.1660 0.4221 0.1570 0.4276 0.1594 0.7357 0.3193 0.7318 0.3057 0.7350 0.3356 0.7285 0.3402 0.7426 0.3315 0.4266 0.1413 0.5211 0.6939 0.5145 0.6909 0.5224 0.6902 0.6476 0.2870 0.4968 0.1555 0.4977 0.1572 0.4798 0.1610 0.4792 0.1591 0.5060 0.1527 0.5064 0.1546 0.7725 0.2880 0.7716 0.2863 0.7814 0.2837 0.7818 0.2856 0.7552 0.2933 0.7540 0.2915 0.5026 0.5404 0.5012 0.5429 0.4934 0.5359 0.4944 0.5343 0.5162 0.5496 0.5161 0.5558 0.5041 0.5372 0.5206 0.5420 0.4951 0.5325 0.7380 0.3059 0.7318 0.3057 0.7304 0.3008 0.7533 0.2891 0.5236 0.5517 0.5231 0.5586 0.5236 0.5517 0.5162 0.5496 0.5206 0.5420 0.5257 0.5449 0.7069 0.3165 0.7186 0.3264 0.7151 0.3292 0.7033 0.3218 0.4509 0.1379 0.4549 0.1373 0.4585 0.1521 0.4558 0.1552 0.7380 0.3059 0.7415 0.3178 0.7285 0.3402 0.7255 0.3435 0.7483 0.3297 0.3839 0.1938 0.3881 0.2208 0.3849 0.2172 0.3813 0.1955 0.3776 0.1746 0.3797 0.1750 0.6553 0.3096 0.6594 0.3266 0.6577 0.3286 0.6517 0.3088 0.6440 0.2894 0.6476 0.2870 0.6708 0.3267 0.7069 0.3165 0.7033 0.3218 0.6701 0.3312 0.5217 0.7024 0.5160 0.7062 0.5145 0.6909 0.6397 0.2862 0.6366 0.2812 0.5187 0.6792 0.3813 0.1726 0.3797 0.1750 0.3776 0.1746 0.3808 0.1699 0.3808 0.1699 0.3813 0.1726 0.6626 0.3275 0.6620 0.3314 0.6577 0.3286 0.6594 0.3266 0.4446 0.2119 0.3881 0.1696 0.3918 0.1835 0.7051 0.3108 0.6699 0.3187 0.6602 0.3149 0.6553 0.3096 0.6594 0.3266 0.7202 0.3109 0.7191 0.3059 0.4809 0.1636 0.7716 0.2863 0.7708 0.2839 0.7808 0.2813 0.7814 0.2837 0.7797 0.2771 0.3813 0.1726 0.3850 0.1896 0.3839 0.1938 0.3797 0.1750 0.4558 0.1552 0.4798 0.1610 0.4977 0.1572 0.4986 0.1597 0.5071 0.1571 0.5064 0.1546 0.5149 0.6792 0.5187 0.6792 0.4743 0.2000 0.5137 0.6836 0.5149 0.6792 0.3760 0.2397 0.3741 0.2341 0.3881 0.2208 0.3741 0.2341 0.3800 0.2214 0.3849 0.2172 0.3787 0.2422 0.6440 0.2894 0.7768 0.2653 0.0020 0.0053 0.0066 0.0053 0.0066 0.0096 0.0020 0.0099 0.0025 0.0028 0.0060 0.0028 0.0043 0.0020 0.0061 0.0218 0.0043 0.0226 0.0020 0.0171 0.0025 0.0232 0.5257 0.5449 0.6496 0.5978 0.6496 0.5869 0.6384 0.5869 0.6386 0.5978 0.6496 0.6088 0.6494 0.6198 0.6602 0.6203 0.6604 0.6096 0.6699 0.6108 0.6700 0.6005 0.6605 0.5988 0.6386 0.6198 0.6387 0.6301 0.6492 0.6302 0.6386 0.6089 0.6601 0.6305 0.6278 0.6304 0.6278 0.6203 0.6276 0.5989 0.6278 0.6097 0.6271 0.5885 0.6380 0.7267 0.6383 0.7155 0.6269 0.7143 0.6257 0.7247 0.6691 0.6309 0.6695 0.6210 0.6380 0.6935 0.6491 0.6934 0.6489 0.6824 0.6381 0.6825 0.6705 0.5909 0.6609 0.5882 0.6736 0.6214 0.6739 0.6114 0.6742 0.6015 0.6734 0.6312 0.6143 0.6310 0.6186 0.6308 0.6184 0.6210 0.6143 0.6213 0.6382 0.7046 0.6494 0.7152 0.6491 0.7044 0.6272 0.7037 0.6183 0.6108 0.6597 0.6718 0.6488 0.6721 0.6597 0.6819 0.6383 0.6721 0.6273 0.6928 0.6273 0.6821 0.6601 0.7031 0.6599 0.6924 0.6607 0.7135 0.6500 0.5755 0.6622 0.5778 0.6177 0.5913 0.6183 0.6007 0.6372 0.7396 0.6522 0.7389 0.6504 0.7267 0.6141 0.6017 0.6142 0.6114 0.6135 0.5926 0.6156 0.7209 0.6173 0.7118 0.6131 0.7104 0.6113 0.7190 0.6376 0.5756 0.6255 0.5783 0.6382 0.6511 0.6492 0.6511 0.6492 0.6405 0.6384 0.6404 0.6276 0.6405 0.6508 0.5627 0.6359 0.5633 0.6220 0.5678 0.6230 0.7353 0.6625 0.7238 0.6490 0.6618 0.6599 0.6617 0.6661 0.7342 0.6650 0.5672 0.6382 0.6618 0.6274 0.6719 0.6274 0.6617 0.6765 0.7278 0.6724 0.7195 0.6274 0.6511 0.6600 0.6406 0.6747 0.5922 0.6600 0.6512 0.6113 0.7190 0.6131 0.7104 0.6099 0.7093 0.6082 0.7174 0.6116 0.5740 0.6076 0.5770 0.6114 0.5844 0.6155 0.5823 0.6137 0.6510 0.6104 0.6510 0.6104 0.6612 0.6137 0.6613 0.6120 0.7298 0.6078 0.7268 0.6114 0.5844 0.6083 0.5860 0.6103 0.5938 0.6135 0.5926 0.6078 0.7268 0.6047 0.7247 0.6182 0.6407 0.6140 0.6408 0.6724 0.5817 0.6178 0.6917 0.6177 0.7020 0.6702 0.7107 0.6761 0.5729 0.6744 0.7092 0.6765 0.7174 0.6692 0.6615 0.6688 0.6713 0.6731 0.6711 0.6734 0.6614 0.6804 0.7247 0.6766 0.5837 0.6802 0.5761 0.6183 0.6714 0.6180 0.6814 0.6136 0.7011 0.6692 0.6811 0.6733 0.6807 0.6138 0.6911 0.6139 0.6810 0.6696 0.6511 0.6696 0.6408 0.6694 0.6912 0.6737 0.6410 0.6736 0.6512 0.6695 0.7012 0.6178 0.6511 0.6178 0.6615 0.6737 0.7002 0.6735 0.6905 0.6140 0.6712 0.6137 0.6613 0.6137 0.6510 0.6106 0.6807 0.6107 0.6710 0.6089 0.6709 0.6088 0.6806 0.6136 0.7011 0.6103 0.7004 0.6046 0.5792 0.6032 0.5805 0.6067 0.5869 0.6083 0.5860 0.6139 0.6810 0.6140 0.6712 0.6107 0.6710 0.6106 0.6807 0.6103 0.7004 0.6085 0.6999 0.6081 0.7087 0.6099 0.7093 0.6105 0.6906 0.6086 0.6904 0.6105 0.6906 0.6138 0.6911 0.4744 0.0249 0.4772 0.0324 0.4824 0.0291 0.4805 0.0239 0.4744 0.0170 0.4804 0.0184 0.4822 0.0135 0.4772 0.0099 0.4823 0.0380 0.4859 0.0330 0.6804 0.7247 0.6834 0.7224 0.6796 0.7156 0.6765 0.7174 0.6833 0.5783 0.6797 0.5854 0.6824 0.5867 0.6856 0.5803 0.6802 0.5761 0.6766 0.5837 0.6797 0.5854 0.6833 0.5783 0.6834 0.7224 0.6856 0.7204 0.6821 0.7143 0.6796 0.7156 0.6776 0.7080 0.6744 0.7092 0.6734 0.6614 0.6731 0.6711 0.6764 0.6709 0.6767 0.6613 0.6803 0.7070 0.6776 0.7080 0.6780 0.5934 0.6806 0.5943 0.6140 0.6408 0.6143 0.6310 0.6110 0.6311 0.6107 0.6408 0.6142 0.6114 0.6109 0.6119 0.6110 0.6216 0.6143 0.6213 0.6141 0.6017 0.6108 0.6024 0.6742 0.6015 0.6774 0.6023 0.6780 0.5934 0.6747 0.5922 0.4909 0.0349 0.4894 0.0409 0.4974 0.0409 0.4964 0.0348 0.4958 0.0317 0.4908 0.0319 0.5015 0.0329 0.5049 0.0381 0.4872 0.0311 0.5054 0.0293 0.5106 0.0329 0.5133 0.0177 0.5072 0.0189 0.5074 0.0244 0.5133 0.0257 0.5005 0.0301 0.5036 0.0280 0.0602 0.8439 0.0610 0.8490 0.0666 0.8489 0.0677 0.8441 0.0519 0.8543 0.0558 0.8508 0.0531 0.8464 0.0476 0.8512 0.0449 0.8580 0.0499 0.8591 0.0449 0.8655 0.0474 0.8726 0.0517 0.8699 0.0498 0.8647 0.0715 0.8509 0.0744 0.8468 0.0616 0.8520 0.0666 0.8519 0.0702 0.8527 0.0568 0.8536 0.0537 0.8555 0.6082 0.7174 0.6064 0.7166 0.6104 0.6510 0.6086 0.6510 0.6086 0.6611 0.6104 0.6612 0.6085 0.5944 0.6103 0.5938 0.6047 0.7247 0.6032 0.7234 0.4902 0.0020 0.4828 0.0047 0.4862 0.0099 0.4913 0.0081 0.5017 0.0098 0.5053 0.0046 0.4982 0.0020 0.4968 0.0079 0.6736 0.6214 0.6734 0.6312 0.6767 0.6314 0.6769 0.6218 0.6772 0.6119 0.6769 0.6218 0.6797 0.6220 0.6799 0.6124 0.6733 0.6807 0.6766 0.6803 0.6803 0.6030 0.6774 0.6023 0.6739 0.6114 0.6772 0.6119 0.6767 0.6314 0.6794 0.6315 0.6736 0.6512 0.6770 0.6512 0.6769 0.6411 0.6737 0.6410 0.6770 0.6512 0.6767 0.6613 0.6795 0.6612 0.6798 0.6513 0.6798 0.6412 0.6769 0.6411 0.6764 0.6709 0.6791 0.6707 0.6737 0.7002 0.6770 0.6995 0.6768 0.6900 0.6770 0.6995 0.6797 0.6987 0.6796 0.6896 0.6795 0.6801 0.6766 0.6803 0.6735 0.6905 0.6768 0.6900 0.6107 0.6408 0.6110 0.6311 0.6092 0.6312 0.6088 0.6409 0.6109 0.6119 0.6091 0.6121 0.6091 0.6217 0.6110 0.6216 0.6108 0.6024 0.6090 0.6028 0.5105 0.0103 0.5053 0.0137 0.4938 0.0214 0.4994 0.0203 0.4981 0.0152 0.4928 0.0158 0.5042 0.0195 0.5025 0.0147 0.4969 0.0109 0.4919 0.0111 0.5005 0.0117 0.4949 0.0270 0.5000 0.0256 0.5044 0.0244 0.4883 0.0225 0.4896 0.0276 0.4835 0.0233 0.4851 0.0280 0.4877 0.0172 0.4872 0.0127 0.4833 0.0184 0.4841 0.0147 0.0633 0.8624 0.0624 0.8568 0.0572 0.8581 0.0577 0.8634 0.0528 0.8592 0.0529 0.8642 0.0690 0.8614 0.0677 0.8563 0.0737 0.8606 0.0722 0.8559 0.0643 0.8680 0.0695 0.8668 0.0651 0.8728 0.0699 0.8712 0.0738 0.8656 0.0730 0.8692 0.0590 0.8685 0.0545 0.8689 0.0601 0.8729 0.0565 0.8721 0.0552 0.8739 0.0522 0.8781 0.0590 0.8808 0.0601 0.8759 0.0665 0.8808 0.0736 0.8783 0.0709 0.8740 0.0656 0.8759 0.0748 0.8705 0.0791 0.8735 0.0818 0.8668 0.0768 0.8656 0.0818 0.8592 0.0793 0.8521 0.0749 0.8549 0.0768 0.8601 0.6076 0.5770 0.6046 0.5792 0.6955 0.3847 0.6955 0.3710 0.6813 0.3710 0.6816 0.3848 0.6955 0.3988 0.6953 0.4128 0.7090 0.4134 0.7092 0.3999 0.7212 0.4013 0.7215 0.3883 0.7094 0.3861 0.6816 0.4127 0.6816 0.4259 0.6950 0.4260 0.6815 0.3988 0.7088 0.4263 0.6679 0.4261 0.6679 0.4133 0.6676 0.3862 0.6678 0.3999 0.6669 0.3729 0.6808 0.5486 0.6812 0.5343 0.6667 0.5327 0.6652 0.5459 0.7203 0.4269 0.7208 0.4143 0.6809 0.5063 0.6948 0.5062 0.6946 0.4923 0.6810 0.4923 0.7221 0.3760 0.7099 0.3726 0.7260 0.4148 0.7264 0.4021 0.7267 0.3895 0.7257 0.4272 0.6507 0.4270 0.6561 0.4267 0.6560 0.4143 0.6507 0.4147 0.6810 0.5204 0.6953 0.5338 0.6949 0.5202 0.6671 0.5193 0.6558 0.4014 0.7084 0.4788 0.6946 0.4792 0.7083 0.4916 0.6811 0.4791 0.6672 0.5054 0.6673 0.4918 0.7089 0.5186 0.7086 0.5050 0.7096 0.5318 0.6960 0.3565 0.7115 0.3594 0.6551 0.3765 0.6557 0.3885 0.6798 0.5649 0.6989 0.5640 0.6965 0.5485 0.6505 0.3897 0.6506 0.4021 0.6497 0.3783 0.6523 0.5412 0.6545 0.5295 0.6492 0.5278 0.6469 0.5387 0.6803 0.3567 0.6649 0.3601 0.6810 0.4525 0.6951 0.4525 0.6950 0.4390 0.6813 0.4389 0.6675 0.4390 0.6781 0.3410 0.6971 0.3402 0.6605 0.3467 0.6618 0.5595 0.7119 0.5448 0.6948 0.4661 0.7086 0.4660 0.7165 0.5580 0.7151 0.3459 0.6811 0.4661 0.6673 0.4789 0.6674 0.4659 0.7296 0.5499 0.7244 0.5394 0.6673 0.4525 0.7087 0.4392 0.7274 0.3777 0.7088 0.4526 0.6469 0.5387 0.6492 0.5278 0.6451 0.5264 0.6429 0.5367 0.6473 0.3545 0.6421 0.3583 0.6470 0.3677 0.6523 0.3651 0.6500 0.4524 0.6458 0.4523 0.6458 0.4654 0.6500 0.4655 0.6478 0.5524 0.6425 0.5486 0.6470 0.3677 0.6431 0.3699 0.6456 0.3797 0.6497 0.3783 0.6425 0.5486 0.6385 0.5459 0.6556 0.4393 0.6503 0.4394 0.7244 0.3644 0.6551 0.5041 0.6551 0.5172 0.7217 0.5281 0.7291 0.3532 0.7270 0.5263 0.7297 0.5367 0.7205 0.4656 0.7199 0.4782 0.7254 0.4779 0.7257 0.4655 0.7347 0.5459 0.7298 0.3669 0.7343 0.3572 0.6558 0.4783 0.6554 0.4910 0.6498 0.5160 0.7205 0.4906 0.7257 0.4901 0.6500 0.5033 0.6502 0.4905 0.7209 0.4526 0.7209 0.4395 0.7207 0.5034 0.7261 0.4396 0.7260 0.4526 0.7208 0.5161 0.6552 0.4525 0.6552 0.4657 0.7261 0.5149 0.7258 0.5026 0.6504 0.4780 0.6500 0.4655 0.6500 0.4524 0.6460 0.4901 0.6462 0.4778 0.6439 0.4777 0.6437 0.4899 0.6498 0.5160 0.6457 0.5151 0.6384 0.3612 0.6366 0.3629 0.6410 0.3709 0.6431 0.3699 0.6502 0.4905 0.6504 0.4780 0.6462 0.4778 0.6460 0.4901 0.6457 0.5151 0.6434 0.5145 0.6428 0.5257 0.6451 0.5264 0.6458 0.5027 0.6435 0.5023 0.6458 0.5027 0.6500 0.5033 0.4648 0.1234 0.4684 0.1328 0.4750 0.1286 0.4726 0.1221 0.4648 0.1133 0.4725 0.1151 0.4748 0.1088 0.4685 0.1043 0.4749 0.1400 0.4795 0.1336 0.7347 0.5459 0.7385 0.5431 0.7336 0.5345 0.7297 0.5367 0.7383 0.3600 0.7338 0.3691 0.7371 0.3707 0.7412 0.3626 0.7343 0.3572 0.7298 0.3669 0.7338 0.3691 0.7383 0.3600 0.7385 0.5431 0.7412 0.5404 0.7369 0.5327 0.7336 0.5345 0.7311 0.5248 0.7270 0.5263 0.7257 0.4655 0.7254 0.4779 0.7295 0.4776 0.7299 0.4655 0.7345 0.5235 0.7311 0.5248 0.7315 0.3792 0.7349 0.3804 0.6503 0.4394 0.6507 0.4270 0.6466 0.4271 0.6461 0.4394 0.6506 0.4021 0.6464 0.4026 0.6465 0.4150 0.6507 0.4147 0.6505 0.3897 0.6463 0.3906 0.7267 0.3895 0.7309 0.3905 0.7315 0.3792 0.7274 0.3777 0.4858 0.1360 0.4839 0.1437 0.4941 0.1436 0.4928 0.1359 0.4920 0.1320 0.4857 0.1323 0.4993 0.1334 0.5036 0.1401 0.4811 0.1313 0.5042 0.1289 0.5108 0.1335 0.5143 0.1143 0.5065 0.1157 0.5067 0.1227 0.5142 0.1244 0.4980 0.1299 0.5019 0.1273 0.0214 0.9384 0.0224 0.9448 0.0295 0.9447 0.0309 0.9386 0.0108 0.9515 0.0158 0.9471 0.0124 0.9416 0.0054 0.9477 0.0020 0.9563 0.0083 0.9577 0.0020 0.9658 0.0051 0.9749 0.0106 0.9714 0.0082 0.9648 0.0357 0.9473 0.0394 0.9420 0.0231 0.9487 0.0295 0.9485 0.0341 0.9496 0.0171 0.9506 0.0131 0.9532 0.6429 0.5367 0.6407 0.5357 0.6458 0.4523 0.6434 0.4523 0.6434 0.4652 0.6458 0.4654 0.6434 0.3805 0.6456 0.3797 0.6385 0.5459 0.6367 0.5443 0.4850 0.0942 0.4756 0.0978 0.4798 0.1044 0.4864 0.1020 0.4996 0.1042 0.5041 0.0976 0.4950 0.0942 0.4933 0.1017 0.7260 0.4148 0.7257 0.4272 0.7299 0.4275 0.7302 0.4153 0.7306 0.4028 0.7302 0.4153 0.7337 0.4156 0.7341 0.4033 0.7257 0.4901 0.7298 0.4896 0.7345 0.3914 0.7309 0.3905 0.7264 0.4021 0.7306 0.4028 0.7299 0.4275 0.7334 0.4277 0.7260 0.4526 0.7303 0.4527 0.7302 0.4397 0.7261 0.4396 0.7303 0.4527 0.7299 0.4655 0.7335 0.4653 0.7338 0.4527 0.7339 0.4400 0.7302 0.4397 0.7295 0.4776 0.7330 0.4774 0.7261 0.5149 0.7303 0.5139 0.7301 0.5019 0.7303 0.5139 0.7338 0.5130 0.7336 0.5014 0.7335 0.4894 0.7298 0.4896 0.7258 0.5026 0.7301 0.5019 0.6461 0.4394 0.6466 0.4271 0.6443 0.4272 0.6438 0.4395 0.6464 0.4026 0.6441 0.4029 0.6441 0.4151 0.6465 0.4150 0.6463 0.3906 0.6440 0.3912 0.5107 0.1048 0.5041 0.1091 0.4896 0.1189 0.4967 0.1176 0.4949 0.1110 0.4882 0.1118 0.5027 0.1164 0.5006 0.1105 0.4934 0.1055 0.4871 0.1058 0.4980 0.1065 0.4909 0.1260 0.4974 0.1243 0.5029 0.1227 0.4825 0.1202 0.4842 0.1268 0.4765 0.1214 0.4785 0.1273 0.4817 0.1135 0.4811 0.1079 0.4762 0.1150 0.4772 0.1104 0.0254 0.9619 0.0241 0.9547 0.0176 0.9563 0.0182 0.9631 0.0120 0.9578 0.0121 0.9641 0.0325 0.9607 0.0309 0.9541 0.0386 0.9596 0.0366 0.9536 0.0266 0.9690 0.0332 0.9674 0.0276 0.9751 0.0337 0.9731 0.0387 0.9660 0.0376 0.9706 0.0198 0.9697 0.0141 0.9701 0.0213 0.9752 0.0167 0.9741 0.0150 0.9764 0.0112 0.9818 0.0198 0.9853 0.0213 0.9790 0.0294 0.9853 0.0384 0.9821 0.0349 0.9766 0.0283 0.9790 0.0399 0.9722 0.0454 0.9760 0.0488 0.9674 0.0425 0.9660 0.0488 0.9578 0.0457 0.9488 0.0401 0.9524 0.0425 0.9589 0.6421 0.3583 0.6384 0.3612 0.7521 0.5662 0.7444 0.5662 0.7444 0.6017 0.7521 0.6017 0.7590 0.6496 0.7668 0.6496 0.7668 0.6017 0.7590 0.6017 0.7297 0.6018 0.7375 0.6018 0.7375 0.5662 0.7297 0.5662 0.7151 0.5662 0.7151 0.6018 0.7228 0.6018 0.7228 0.5662 0.7082 0.6017 0.7151 0.6018 0.7151 0.5662 0.7082 0.5662 0.7297 0.5662 0.7228 0.5662 0.7228 0.6018 0.7297 0.6018 0.7521 0.5662 0.7521 0.6017 0.7590 0.6017 0.7590 0.5662 0.7444 0.6017 0.7444 0.5662 0.7375 0.5662 0.7375 0.6018 0.7668 0.5662 0.7590 0.5662 0.7590 0.7031 0.7668 0.7031 0.7228 0.6496 0.7297 0.6496 0.7297 0.6496 0.7375 0.6496 0.7082 0.6496 0.7151 0.6496 0.7151 0.6496 0.7228 0.6496 0.7375 0.6496 0.7444 0.6496 0.7444 0.6496 0.7521 0.6496 0.7521 0.6496 0.7590 0.6496 0.7521 0.7031 0.7590 0.7031 0.7082 0.7031 0.7151 0.7031 0.7151 0.7031 0.7228 0.7031 0.7444 0.7031 0.7521 0.7031 0.7375 0.7031 0.7444 0.7031 0.7228 0.7031 0.7297 0.7031 0.7297 0.7031 0.7375 0.7031 0.9159 0.7688 0.8895 0.7688 0.8895 0.7969 0.9159 0.7969 0.8895 0.6741 0.8895 0.6999 0.9159 0.6999 0.9159 0.6741 0.9159 0.6485 0.9159 0.6203 0.8895 0.6203 0.8895 0.6485 0.8895 0.7431 0.9159 0.7431 0.9159 0.6030 0.8895 0.6030 0.8895 0.6203 0.9159 0.6203 0.9658 0.3119 0.9658 0.3375 0.9832 0.3375 0.9832 0.3119 0.3741 0.2974 0.3915 0.2974 0.3915 0.2717 0.3741 0.2717 0.3741 0.3255 0.3915 0.3255 0.9658 0.2838 0.9832 0.2838 0.8895 0.7173 0.9159 0.7173 0.9159 0.6999 0.8895 0.6999 0.3915 0.2459 0.3741 0.2459 0.9159 0.7173 0.8895 0.7173 0.9658 0.3634 0.9832 0.3634 0.5247 0.2899 0.4217 0.2951 0.4217 0.3041 0.5255 0.3040 0.4189 0.3384 0.4171 0.3472 0.5080 0.3697 0.5137 0.3567 0.5024 0.3816 0.4150 0.3552 0.5025 0.2264 0.4151 0.2529 0.4172 0.2609 0.5081 0.2383 0.5188 0.2644 0.4204 0.2786 0.4213 0.2868 0.5224 0.2770 0.4216 0.3131 0.5246 0.3181 0.4921 0.4069 0.4971 0.3936 0.4122 0.3630 0.4081 0.3712 0.5138 0.2512 0.4190 0.2697 0.5187 0.3435 0.4203 0.3296 0.4920 0.2012 0.4081 0.2370 0.4122 0.2452 0.4971 0.2144 0.5277 0.3322 0.5298 0.3186 0.5246 0.3181 0.5223 0.3309 0.5187 0.3435 0.5237 0.3451 0.4212 0.3213 0.5223 0.3309 0.5278 0.2758 0.5238 0.2628 0.5188 0.2644 0.5224 0.2770 0.5247 0.2899 0.5299 0.2893 0.5075 0.3837 0.5129 0.3717 0.5080 0.3697 0.5022 0.3955 0.5076 0.2242 0.5021 0.2125 0.5081 0.2383 0.5130 0.2362 0.5137 0.3567 0.5190 0.3588 0.4978 0.4079 0.4977 0.2001 0.5138 0.2512 0.5191 0.2492 0.5255 0.3040 0.5311 0.3040 0.4146 0.3208 0.4141 0.3287 0.4203 0.3296 0.4212 0.3213 0.4216 0.3131 0.4153 0.3128 0.4147 0.2874 0.4154 0.2953 0.4217 0.2951 0.4213 0.2868 0.4204 0.2786 0.4141 0.2794 0.4089 0.3530 0.4065 0.3600 0.4122 0.3630 0.4150 0.3552 0.4171 0.3472 0.4111 0.3456 0.4089 0.2552 0.4111 0.2625 0.4172 0.2609 0.4151 0.2529 0.4122 0.2452 0.4065 0.2481 0.4189 0.3384 0.4123 0.3372 0.4081 0.2370 0.4028 0.2416 0.4081 0.3712 0.4028 0.3666 0.4190 0.2697 0.4124 0.2710 0.4217 0.3041 0.4151 0.3041 0.9229 0.4715 0.9271 0.4836 0.9588 0.4970 0.9351 0.4924 0.9459 0.4970 0.9229 0.4586 0.9709 0.4928 0.9721 0.4403 0.9796 0.4848 0.9843 0.4740 0.9843 0.4611 0.9801 0.4490 0.9613 0.4356 0.9484 0.4356 0.9363 0.4398 0.9276 0.4478 0.1970 0.4205 0.1972 0.4249 0.1975 0.4311 0.1973 0.4283 0.1974 0.4304 0.1969 0.4161 0.1975 0.4304 0.1968 0.4105 0.1975 0.4282 0.1974 0.4248 0.1972 0.4204 0.1971 0.4161 0.1969 0.4127 0.1968 0.4098 0.1967 0.4105 0.1968 0.4127 0.5045 0.9118 0.5057 0.9041 0.4614 0.8986 0.4605 0.9044 0.4978 0.8230 0.4542 0.8378 0.4565 0.8433 0.4996 0.8305 0.4582 0.8485 0.5014 0.8375 0.4620 0.8707 0.4623 0.8761 0.5069 0.8742 0.5064 0.8670 0.5069 0.8897 0.4623 0.8878 0.4620 0.8932 0.5064 0.8969 0.4594 0.9101 0.5030 0.9194 0.5045 0.8522 0.5031 0.8445 0.4594 0.8538 0.4605 0.8595 0.5071 0.8820 0.4623 0.8820 0.4978 0.9409 0.4997 0.9334 0.4565 0.9206 0.4542 0.9262 0.4614 0.8653 0.5057 0.8598 0.5044 0.9270 0.5059 0.9199 0.5030 0.9194 0.5014 0.9264 0.4997 0.9334 0.5025 0.9339 0.4582 0.9154 0.5014 0.9264 0.5094 0.8972 0.5098 0.8898 0.5069 0.8897 0.5064 0.8969 0.5057 0.9041 0.5085 0.9045 0.5044 0.8369 0.5025 0.8299 0.4996 0.8305 0.5014 0.8375 0.5031 0.8445 0.5059 0.8440 0.5094 0.8668 0.5085 0.8595 0.5057 0.8598 0.5064 0.8670 0.5069 0.8742 0.5098 0.8741 0.4978 0.9409 0.5010 0.9410 0.4978 0.8230 0.5010 0.8228 0.5045 0.8522 0.5076 0.8517 0.5071 0.8820 0.5101 0.8820 0.5045 0.9118 0.5076 0.9123 0.4541 0.9141 0.4527 0.9189 0.4565 0.9206 0.4582 0.9154 0.4594 0.9101 0.4554 0.9092 0.4576 0.8928 0.4573 0.8981 0.4614 0.8986 0.4620 0.8932 0.4623 0.8878 0.4581 0.8876 0.4541 0.8498 0.4554 0.8547 0.4594 0.8538 0.4582 0.8485 0.4565 0.8433 0.4527 0.8451 0.4576 0.8711 0.4581 0.8763 0.4623 0.8761 0.4620 0.8707 0.4614 0.8653 0.4573 0.8659 0.4542 0.8378 0.4505 0.8406 0.4542 0.9262 0.4505 0.9234 0.4605 0.8595 0.4562 0.8603 0.4623 0.8820 0.4579 0.8820 0.4605 0.9044 0.4562 0.9036 0.5221 0.0216 0.5244 0.0283 0.5347 0.0356 0.5287 0.0331 0.5417 0.0356 0.5484 0.0333 0.5491 0.0045 0.5532 0.0289 0.5557 0.0230 0.5557 0.0159 0.5534 0.0093 0.5431 0.0020 0.5361 0.0020 0.5294 0.0043 0.5246 0.0086 0.5221 0.0146 0.2440 0.0020 0.2393 0.0020 0.2325 0.0068 0.2353 0.0036 0.2310 0.0112 0.2310 0.0159 0.2517 0.0194 0.2327 0.0198 0.2358 0.0227 0.2403 0.0242 0.2450 0.0242 0.2489 0.0225 0.2532 0.0149 0.2532 0.0102 0.2516 0.0063 0.2484 0.0035 0.5030 0.0702 0.4873 0.0624 0.4832 0.0743 0.5002 0.0793 0.5052 0.0630 0.4903 0.0501 0.5106 0.0759 0.5126 0.0701 0.5084 0.0826 0.5787 0.5690 0.5748 0.5520 0.5682 0.5557 0.5709 0.5695 0.4682 0.0586 0.4617 0.0744 0.5780 0.6013 0.5860 0.6005 0.4389 0.0482 0.4330 0.0660 0.5885 0.6561 0.5940 0.6564 0.5933 0.6468 0.5870 0.6468 0.5890 0.6607 0.5938 0.6612 0.7298 0.2074 0.7184 0.2032 0.7165 0.2222 0.7290 0.2245 0.4315 0.1221 0.4505 0.1221 0.4509 0.1063 0.4317 0.1033 0.7202 0.1913 0.7267 0.1796 0.7186 0.1757 0.7069 0.1857 0.4290 0.0773 0.4578 0.0832 0.5882 0.6825 0.5885 0.6784 0.5537 0.6794 0.5540 0.6837 0.3893 0.0327 0.3955 0.0422 0.3989 0.0253 0.3920 0.0176 0.3889 0.0123 0.3881 0.0233 0.3936 0.0090 0.3900 0.0065 0.4017 0.0134 0.7698 0.2224 0.7526 0.2173 0.7496 0.2303 0.7670 0.2347 0.6610 0.2171 0.6674 0.1939 0.6569 0.2007 0.6521 0.2171 0.7039 0.1991 0.7005 0.2203 0.6603 0.2220 0.6610 0.2171 0.6521 0.2171 0.6517 0.2213 0.6476 0.2152 0.6462 0.2210 0.7164 0.2280 0.7288 0.2301 0.7290 0.2245 0.7165 0.2222 0.7005 0.2203 0.7002 0.2259 0.4585 0.0921 0.4792 0.0850 0.4798 0.0831 0.4558 0.0889 0.7457 0.2345 0.7496 0.2303 0.3881 0.0746 0.3883 0.0781 0.4221 0.0871 0.4276 0.0847 0.7357 0.1829 0.7318 0.1965 0.7350 0.1666 0.7285 0.1620 0.7426 0.1707 0.4266 0.1028 0.5879 0.6894 0.5941 0.6857 0.5862 0.6860 0.6476 0.2152 0.4968 0.0887 0.4977 0.0869 0.4798 0.0831 0.4792 0.0850 0.5060 0.0914 0.5064 0.0895 0.7725 0.2142 0.7716 0.2159 0.7814 0.2185 0.7818 0.2165 0.7552 0.2089 0.7540 0.2107 0.5862 0.5349 0.5879 0.5372 0.5946 0.5292 0.5935 0.5277 0.5739 0.5458 0.5748 0.5520 0.5843 0.5319 0.5685 0.5388 0.5925 0.5261 0.7380 0.1963 0.7318 0.1965 0.7304 0.2014 0.7533 0.2131 0.5668 0.5488 0.5682 0.5557 0.5668 0.5488 0.5739 0.5458 0.5685 0.5388 0.5639 0.5424 0.7069 0.1857 0.7186 0.1757 0.7151 0.1729 0.7033 0.1804 0.4509 0.1063 0.4549 0.1068 0.4585 0.0921 0.4558 0.0889 0.7380 0.1963 0.7415 0.1844 0.4263 0.1221 0.4315 0.1221 0.7285 0.1620 0.7255 0.1587 0.4505 0.1221 0.4544 0.1221 0.7483 0.1725 0.3839 0.0504 0.3881 0.0233 0.3849 0.0270 0.3813 0.0486 0.3776 0.0696 0.3797 0.0691 0.6553 0.1926 0.6594 0.1755 0.6577 0.1736 0.6517 0.1934 0.6440 0.2128 0.6476 0.2152 0.6708 0.1755 0.7069 0.1857 0.7033 0.1804 0.6701 0.1710 0.5885 0.6980 0.5946 0.7011 0.5941 0.6857 0.6397 0.2160 0.6366 0.2210 0.5534 0.6752 0.5884 0.6746 0.5525 0.6612 0.3813 0.0715 0.3797 0.0691 0.3776 0.0696 0.3808 0.0743 0.3808 0.0743 0.3813 0.0715 0.6626 0.1747 0.6620 0.1708 0.6577 0.1736 0.6594 0.1755 0.4446 0.0323 0.3881 0.0746 0.3918 0.0607 0.7051 0.1914 0.6699 0.1835 0.6602 0.1873 0.6553 0.1926 0.6594 0.1755 0.7202 0.1913 0.7191 0.1963 0.4809 0.0805 0.7716 0.2159 0.7708 0.2183 0.7808 0.2209 0.7814 0.2185 0.7797 0.2251 0.3813 0.0715 0.3850 0.0545 0.3839 0.0504 0.3797 0.0691 0.4558 0.0889 0.4798 0.0831 0.4977 0.0869 0.4986 0.0845 0.5071 0.0870 0.5064 0.0895 0.5516 0.6479 0.5487 0.6030 0.6475 0.2511 0.6529 0.2511 0.5522 0.6568 0.6612 0.2511 0.5922 0.6741 0.7160 0.2511 0.7282 0.2511 0.5542 0.6870 0.5454 0.5535 0.5458 0.5594 0.5884 0.6746 0.5534 0.6752 0.6384 0.2511 0.4743 0.0441 0.5939 0.6783 0.5922 0.6741 0.3760 0.0044 0.3741 0.0101 0.3881 0.0233 0.3741 0.0101 0.3800 0.0227 0.3849 0.0270 0.3787 0.0020 0.6440 0.2128 0.7768 0.2369 0.6413 0.0045 0.6366 0.0045 0.6366 0.0088 0.6413 0.0091 0.6407 0.0020 0.6372 0.0020 0.2024 0.0037 0.2032 0.0055 0.2032 0.0020 0.6372 0.0210 0.6389 0.0217 0.6413 0.0163 0.6407 0.0224 0.7445 0.2511 0.5542 0.6870 0.5545 0.6911 0.5551 0.6997 0.5450 0.5471 0.5639 0.5424 0.7003 0.2511 0.5466 0.5718 0.5458 0.5594 0.5030 0.1739 0.5002 0.1648 0.4832 0.1699 0.4873 0.1817 0.4903 0.1940 0.5052 0.1812 0.5126 0.1740 0.5106 0.1683 0.5084 0.1615 0.5145 0.5732 0.5222 0.5727 0.5231 0.5586 0.5161 0.5558 0.4682 0.1855 0.4617 0.1697 0.5194 0.6052 0.5114 0.6054 0.4389 0.1960 0.4330 0.1781 0.5162 0.6609 0.5165 0.6515 0.5102 0.6523 0.5108 0.6619 0.5116 0.6666 0.5163 0.6655 0.7165 0.2799 0.7184 0.2990 0.7298 0.2948 0.7290 0.2776 0.4317 0.1409 0.4509 0.1379 0.7186 0.3264 0.7267 0.3226 0.7202 0.3109 0.7069 0.3165 0.4578 0.1610 0.4290 0.1669 0.5191 0.6830 0.5199 0.6870 0.3989 0.2189 0.3955 0.2020 0.3893 0.2114 0.3920 0.2265 0.3881 0.2208 0.3889 0.2318 0.3900 0.2376 0.3936 0.2351 0.4017 0.2308 0.7698 0.2798 0.7670 0.2675 0.7496 0.2719 0.7526 0.2849 0.6610 0.2851 0.6521 0.2851 0.6569 0.3015 0.6674 0.3083 0.7005 0.2819 0.7039 0.3031 0.6521 0.2851 0.6610 0.2851 0.6603 0.2802 0.6517 0.2809 0.6462 0.2812 0.6476 0.2870 0.7164 0.2742 0.7165 0.2799 0.7290 0.2776 0.7288 0.2721 0.7002 0.2763 0.7005 0.2819 0.4798 0.1610 0.4792 0.1591 0.4585 0.1521 0.4558 0.1552 0.7457 0.2677 0.7496 0.2719 0.3881 0.1696 0.4276 0.1594 0.4221 0.1570 0.3883 0.1660 0.7357 0.3193 0.7318 0.3057 0.7285 0.3402 0.7350 0.3356 0.7426 0.3315 0.4266 0.1413 0.5145 0.6909 0.5211 0.6939 0.5224 0.6902 0.6476 0.2870 0.4968 0.1555 0.4792 0.1591 0.4798 0.1610 0.4977 0.1572 0.5064 0.1546 0.5060 0.1527 0.7725 0.2880 0.7818 0.2856 0.7814 0.2837 0.7716 0.2863 0.7540 0.2915 0.7552 0.2933 0.5026 0.5404 0.4944 0.5343 0.4934 0.5359 0.5012 0.5429 0.5161 0.5558 0.5162 0.5496 0.5206 0.5420 0.5041 0.5372 0.4951 0.5325 0.7380 0.3059 0.7318 0.3057 0.7533 0.2891 0.7304 0.3008 0.5236 0.5517 0.5231 0.5586 0.5236 0.5517 0.5257 0.5449 0.5206 0.5420 0.5162 0.5496 0.7069 0.3165 0.7033 0.3218 0.7151 0.3292 0.7186 0.3264 0.4585 0.1521 0.4549 0.1373 0.4509 0.1379 0.4558 0.1552 0.7415 0.3178 0.7380 0.3059 0.7255 0.3435 0.7285 0.3402 0.7483 0.3297 0.3849 0.2172 0.3881 0.2208 0.3839 0.1938 0.3813 0.1955 0.3797 0.1750 0.3776 0.1746 0.6577 0.3286 0.6594 0.3266 0.6553 0.3096 0.6517 0.3088 0.6476 0.2870 0.6440 0.2894 0.6708 0.3267 0.6701 0.3312 0.7033 0.3218 0.7069 0.3165 0.5217 0.7024 0.5145 0.6909 0.5160 0.7062 0.6397 0.2862 0.6366 0.2812 0.5187 0.6792 0.3776 0.1746 0.3797 0.1750 0.3813 0.1726 0.3808 0.1699 0.3808 0.1699 0.3813 0.1726 0.6626 0.3275 0.6620 0.3314 0.6594 0.3266 0.6577 0.3286 0.4446 0.2119 0.3881 0.1696 0.3918 0.1835 0.6699 0.3187 0.7051 0.3108 0.6602 0.3149 0.6553 0.3096 0.6594 0.3266 0.7202 0.3109 0.7191 0.3059 0.4809 0.1636 0.7716 0.2863 0.7708 0.2839 0.7814 0.2837 0.7808 0.2813 0.7797 0.2771 0.3813 0.1726 0.3850 0.1896 0.3797 0.1750 0.3839 0.1938 0.4558 0.1552 0.4798 0.1610 0.4977 0.1572 0.4986 0.1597 0.5071 0.1571 0.5064 0.1546 0.5149 0.6792 0.5187 0.6792 0.4743 0.2000 0.5149 0.6792 0.5137 0.6836 0.3741 0.2341 0.3760 0.2397 0.3881 0.2208 0.3849 0.2172 0.3800 0.2214 0.3741 0.2341 0.3787 0.2422 0.6440 0.2894 0.7768 0.2653 0.0020 0.0053 0.0020 0.0099 0.0066 0.0096 0.0066 0.0053 0.0025 0.0028 0.0060 0.0028 0.0043 0.0020 0.0043 0.0226 0.0061 0.0218 0.0025 0.0232 0.0020 0.0171 0.5257 0.5449 </float_array><technique_common><accessor source="#g-t-a" count="7755" stride="2"><param name="S" type="float"/><param name="T" type="float"/></accessor></technique_common></source>
<vertices id="g-v"><input semantic="POSITION" source="#g-p"/><input semantic="NORMAL" source="#g-n"/></vertices>
<triangles count="7864" material="m0"><input semantic="VERTEX" source="#g-v" offset="0"/><input semantic="TEXCOORD" source="#g-t" offset="0" set="0"/><p>0 1 2 2 3 0 4 5 6 6 7 4 8 7 6 6 9 8 10 11 1 1 0 10 12 13 14 14 15 12 16 17 18 18 19 16 20 21 22 22 23 20 24 25 26 26 27 24 28 29 15 15 14 28 19 30 31 31 16 19 32 33 34 34 35 32 36 37 38 38 39 36 40 41 42 42 43 40 44 45 46 46 47 44 48 49 50 50 51 48 52 53 54 54 55 52 56 57 58 58 59 56 60 61 62 62 63 60 55 54 45 45 44 55 41 32 35 35 42 41 59 58 38 38 37 59 48 60 63 63 49 48 64 65 66 66 67 64 68 69 70 70 71 68 72 73 53 53 52 72 74 75 76 76 77 74 78 79 80 80 81 78 82 83 84 84 85 82 86 87 88 88 89 86 90 91 92 92 93 90 94 95 96 96 97 94 98 99 100 100 101 98 102 103 104 104 105 102 106 107 108 108 109 106 110 111 112 112 113 110 105 104 96 96 95 105 90 82 85 85 91 90 109 108 88 88 87 109 98 110 113 113 99 98 114 115 116 116 117 114 118 119 120 120 121 118 122 123 103 103 102 122 124 125 126 126 127 124 128 129 130 130 131 128 132 133 134 134 135 132 136 137 138 138 139 136 140 141 142 142 143 140 144 145 146 146 147 144 148 149 150 150 151 148 152 153 154 154 155 152 156 157 158 158 159 156 160 161 162 162 163 160 155 154 146 146 145 155 140 132 135 135 141 140 159 158 137 137 136 159 149 160 163 163 150 149 164 165 166 166 167 164 168 169 170 170 171 168 172 173 153 153 152 172 174 175 176 176 177 174 178 179 180 180 181 178 182 183 184 184 185 182 186 187 188 188 189 186 190 191 192 192 193 190 194 195 196 196 197 194 198 199 200 200 201 198 202 203 204 204 205 202 206 207 208 208 209 206 210 211 212 212 213 210 194 202 205 205 195 194 185 184 192 192 191 185 209 208 187 187 186 209 199 210 213 213 200 199 214 215 216 216 217 214 218 219 220 220 221 218 222 223 224 224 225 222 226 227 228 228 229 226 230 231 232 232 233 230 234 235 236 236 237 234 238 239 240 240 241 238 242 243 244 244 245 242 246 247 248 248 249 246 250 251 252 252 253 250 254 255 256 256 257 254 258 259 260 260 261 258 262 263 264 264 265 262 247 254 257 257 248 247 245 244 235 235 234 245 240 258 261 261 241 240 252 251 263 263 262 252 266 267 268 268 269 266 270 271 272 272 273 270 255 274 275 275 256 255 276 277 278 278 279 276 280 281 282 282 283 280 284 285 286 286 287 284 288 289 290 290 291 288 292 293 294 294 295 292 296 297 298 298 299 296 300 301 302 302 303 300 304 305 306 306 307 304 308 309 310 310 311 308 312 313 314 314 315 312 298 304 307 307 299 298 294 293 285 285 284 294 290 308 311 311 291 290 302 301 313 313 312 302 316 317 318 318 319 316 320 321 322 322 323 320 305 324 325 325 306 305 326 327 328 328 329 326 330 331 332 332 333 330 334 335 336 336 337 334 338 339 340 340 341 338 342 343 344 344 345 342 346 347 348 348 349 346 350 351 352 352 353 350 354 355 356 356 357 354 358 359 360 360 361 358 362 363 364 364 365 362 348 354 357 357 349 348 344 343 335 335 334 344 339 358 361 361 340 339 353 352 363 363 362 353 366 367 368 368 369 366 370 371 372 372 373 370 355 374 375 375 356 355 376 377 378 378 379 376 380 381 382 382 383 380 384 385 386 386 387 384 388 389 390 390 391 388 392 393 394 394 395 392 396 397 398 398 399 396 400 401 402 402 403 400 404 405 406 406 407 404 408 409 410 410 411 408 412 413 414 414 415 412 398 397 405 405 404 398 394 384 387 387 395 394 389 408 411 411 390 389 403 402 413 413 412 403 416 417 418 418 419 416 420 421 422 422 423 420 424 425 426 426 427 424 428 429 430 430 431 428 432 433 434 434 435 432 436 437 438 438 439 436 440 441 442 442 443 440 443 444 445 445 446 443 446 436 440 440 443 446 447 441 448 448 449 447 440 436 439 439 450 440 441 447 451 451 442 441 452 453 454 454 455 452 456 457 458 458 459 456 455 454 456 456 459 455 457 460 461 461 458 457 462 463 464 464 465 462 442 451 466 466 467 442 459 468 469 469 455 459 446 445 470 470 471 446 443 442 467 467 444 443 444 472 473 473 445 444 445 473 474 474 470 445 444 467 475 475 472 444 467 466 476 476 475 467 458 461 477 477 478 458 479 480 481 481 482 479 455 469 483 483 452 455 459 458 478 478 468 459 468 484 485 485 469 468 469 485 486 486 483 469 468 478 487 487 484 468 478 477 488 488 487 478 489 484 487 487 490 489 491 492 493 493 494 491 495 488 477 477 496 495 497 498 499 499 500 497 492 491 501 501 502 492 451 503 504 504 466 451 451 447 482 482 503 451 490 487 488 488 495 490 489 505 485 485 484 489 505 506 486 486 485 505 505 489 507 507 508 505 506 505 508 508 509 506 490 510 507 507 489 490 495 511 510 510 490 495 461 512 496 496 477 461 495 496 513 513 511 495 514 515 512 512 516 514 517 476 466 466 504 517 515 513 496 496 512 515 503 482 481 481 518 503 517 504 519 519 520 517 506 509 494 494 493 506 518 519 504 504 503 518 502 453 452 452 492 502 506 493 483 483 486 506 521 522 523 523 524 521 452 483 493 493 492 452 525 472 475 475 526 525 526 475 476 476 517 526 525 527 473 473 472 525 527 521 474 474 473 527 527 525 528 528 529 527 521 527 529 529 522 521 526 530 528 528 525 526 517 520 530 530 526 517 531 532 524 524 523 531 521 524 470 470 474 521 463 438 437 437 464 463 532 531 465 465 464 532 471 470 524 524 532 471 516 512 461 461 460 516 464 437 471 471 532 464 471 437 436 436 446 471 500 499 533 533 534 500 535 500 534 534 536 535 537 538 539 539 540 537 541 542 543 543 544 541 545 546 547 547 548 545 549 550 499 499 498 549 551 552 553 553 554 551 552 555 556 556 553 552 557 558 552 552 551 557 558 559 555 555 552 558 553 560 561 561 554 553 560 562 563 563 561 560 556 564 560 560 553 556 564 565 562 562 560 564 566 537 540 540 567 566 550 568 533 533 499 550 550 549 569 569 570 550 538 537 571 571 572 538 563 562 540 540 539 563 562 565 567 567 540 562 568 550 570 570 573 568 535 574 575 575 576 535 577 578 570 570 569 577 578 579 573 573 570 578 536 580 574 574 535 536 546 581 582 582 547 546 574 558 557 557 575 574 580 559 558 558 574 580 583 584 585 585 586 583 584 587 588 588 585 584 589 590 584 584 583 589 590 591 587 587 584 590 585 592 593 593 586 585 592 578 577 577 593 592 588 594 592 592 585 588 594 579 578 578 592 594 595 596 581 581 546 595 597 598 545 545 548 597 599 595 546 546 545 599 576 497 500 500 535 576 581 590 589 589 582 581 596 591 590 590 581 596 598 600 599 599 545 598 537 566 601 601 571 537 602 603 604 603 605 604 606 604 607 606 607 608 606 608 609 606 609 610 606 610 611 612 611 613 612 613 614 612 614 615 612 615 616 612 616 617 618 612 617 612 619 611 619 620 611 620 621 611 621 622 611 622 606 611 606 623 604 623 602 604 624 625 626 626 627 624 628 625 624 624 629 628 630 631 632 632 633 630 634 635 636 636 637 634 635 541 544 544 636 635 633 632 638 638 639 633 640 634 637 637 641 640 642 643 644 644 645 642 639 638 646 646 647 639 648 628 629 629 649 648 645 644 650 650 651 645 627 626 643 643 642 627 652 648 649 649 653 652 654 655 652 652 653 654 656 657 655 655 654 656 658 657 656 656 659 658 646 658 659 659 647 646 660 661 640 640 641 660 662 663 661 661 660 662 664 663 662 662 665 664 650 664 665 665 651 650 441 440 450 450 448 441 449 479 482 482 447 449 666 667 668 668 669 666 670 671 672 672 673 670 674 675 673 673 676 674 672 666 676 676 673 672 677 678 679 679 671 677 672 680 667 667 666 672 681 677 671 671 670 681 682 683 684 684 685 682 686 687 688 688 689 686 688 682 685 685 689 688 690 691 687 687 686 690 692 693 694 694 695 692 670 696 697 697 681 670 698 699 689 689 685 698 700 674 676 676 701 700 673 675 696 696 670 673 675 674 702 702 703 675 674 700 704 704 702 674 675 703 705 705 696 675 696 705 706 706 697 696 686 707 708 708 690 686 709 710 711 711 712 709 713 698 685 685 684 713 689 699 707 707 686 689 699 698 714 714 715 699 698 713 716 716 714 698 699 715 717 717 707 699 707 717 718 718 708 707 717 715 719 719 720 717 721 722 723 723 724 721 708 718 725 725 726 708 727 728 729 729 730 727 724 731 732 732 721 724 733 734 681 681 697 733 710 677 681 681 734 710 718 717 720 720 725 718 719 715 714 714 735 719 735 714 716 716 736 735 735 737 738 738 719 735 736 739 737 737 735 736 738 740 720 720 719 738 740 741 725 725 720 740 726 742 690 690 708 726 743 726 725 725 741 743 742 744 745 745 746 742 697 706 747 747 733 697 726 743 744 744 742 726 734 748 711 711 710 734 749 733 747 747 750 749 722 739 736 736 723 722 733 749 748 748 734 733 684 683 731 731 724 684 713 723 736 736 716 713 751 752 753 753 754 751 723 713 684 684 724 723 705 703 755 755 756 705 706 705 756 756 747 706 755 703 702 702 757 755 757 702 704 704 753 757 757 758 759 759 755 757 753 752 758 758 757 753 759 760 756 756 755 759 760 750 747 747 756 760 761 751 754 754 762 761 700 754 753 753 704 700 695 694 669 669 668 695 693 761 762 762 694 693 754 700 701 701 762 754 746 691 690 690 742 746 694 762 701 701 669 694 666 669 701 701 676 666 763 727 730 730 764 763 765 766 764 764 730 765 767 768 769 769 770 767 771 772 773 773 774 771 775 776 777 777 778 775 779 728 727 727 780 779 781 782 783 783 784 781 785 786 782 782 781 785 782 787 788 788 783 782 786 789 787 787 782 786 790 791 781 781 784 790 792 793 791 791 790 792 791 794 785 785 781 791 793 795 794 794 791 793 796 797 768 768 767 796 780 727 763 763 798 780 780 799 800 800 779 780 801 767 770 770 802 801 768 793 792 792 769 768 797 795 793 793 768 797 798 803 799 799 780 798 804 805 765 765 806 804 799 807 808 808 800 799 803 809 807 807 799 803 805 810 766 766 765 805 811 812 776 776 775 811 788 787 805 805 804 788 787 789 810 810 805 787 813 814 815 815 816 813 817 818 814 814 813 817 814 819 820 820 815 814 818 821 819 819 814 818 822 823 813 813 816 822 808 807 823 823 822 808 823 824 817 817 813 823 807 809 824 824 823 807 812 825 826 826 776 812 827 778 777 777 828 827 776 826 829 829 777 776 806 765 730 730 729 806 820 819 812 812 811 820 819 821 825 825 812 819 828 777 829 829 830 828 831 796 767 767 801 831 832 833 834 833 835 834 835 836 834 837 834 838 837 838 839 837 839 840 837 840 841 837 841 842 843 844 842 844 845 842 845 846 842 846 847 842 847 848 842 848 837 842 837 849 834 849 850 834 850 851 834 851 852 834 852 853 834 853 832 834 854 855 856 856 857 854 854 857 858 858 859 854 860 861 862 862 863 860 864 865 866 866 867 864 774 773 865 865 864 774 861 868 869 869 862 861 867 866 870 870 871 867 872 873 874 874 875 872 868 876 877 877 869 868 859 858 878 878 879 859 873 880 881 881 874 873 855 872 875 875 856 855 879 878 882 882 883 879 884 883 882 882 885 884 886 884 885 885 887 886 886 887 888 888 889 886 889 888 877 877 876 889 890 871 870 870 891 890 892 890 891 891 893 892 892 893 894 894 895 892 895 894 881 881 880 895 671 679 680 680 672 671 710 709 678 678 677 710 896 897 898 898 899 896 900 901 902 902 903 900 904 905 906 905 907 906 904 906 908 909 908 910 911 912 910 912 913 910 913 909 910 909 904 908 896 899 914 914 915 896 915 914 916 916 917 915 917 916 918 918 919 917 901 900 920 920 921 901 921 920 922 922 923 921 923 922 898 898 897 923 918 924 925 925 919 918 926 899 898 898 927 926 900 903 928 928 929 900 930 931 932 931 933 932 933 934 935 933 935 936 933 936 932 937 932 938 939 937 938 937 930 932 926 940 914 914 899 926 940 941 916 916 914 940 941 942 918 918 916 941 929 943 920 920 900 929 943 944 922 922 920 943 944 927 898 898 922 944 918 942 945 945 924 918 946 947 948 948 949 946 950 951 952 952 953 950 954 955 956 956 957 954 958 959 948 948 960 958 961 962 963 963 964 961 965 966 967 967 968 965 969 970 971 971 972 969 973 974 975 975 976 973 977 978 979 979 980 977 981 982 983 983 984 981 985 986 987 987 988 985 989 990 991 991 992 989 952 951 968 968 967 952 993 994 995 995 996 993 997 998 999 999 1000 997 957 1001 1002 1002 954 957 1003 1000 1004 1004 1005 1003 997 1000 1003 1003 1006 997 973 976 1007 1007 1008 973 958 998 997 997 959 958 1009 993 996 996 1010 1009 1011 974 973 973 1012 1011 1013 1014 989 989 992 1013 1015 965 968 968 1016 1015 1017 1018 1019 1019 1020 1017 1004 1021 1022 1022 1023 1004 988 1024 1025 1025 985 988 978 1026 1027 1027 979 978 1028 1029 1030 1030 1031 1028 1020 1032 1033 1033 1017 1020 1034 1035 1036 1036 1037 1034 1038 1039 1040 1040 1041 1038 1042 1043 1044 1044 1045 1042 1046 1047 1048 1048 1049 1046 1050 1016 968 968 951 1050 1051 1052 1053 1053 1054 1051 1055 1056 1057 1057 1058 1055 1004 1000 999 999 1021 1004 1059 1060 1061 1061 947 1059 1062 1063 1064 1064 1065 1062 1061 960 948 948 947 1061 1066 1067 1068 1068 1069 1066 1037 1070 1071 1071 1034 1037 970 1072 1073 1073 971 970 1074 1075 1076 1076 1077 1074 1048 1047 1078 1078 1079 1048 1028 1031 1080 1080 1081 1028 1054 1082 1083 1083 1051 1054 962 1084 1085 1085 963 962 1074 1077 1044 1044 1043 1074 1073 1072 1086 1086 1087 1073 1038 1088 1089 1089 1039 1038 1087 1086 961 961 964 1087 984 1090 1091 1091 981 984 1071 1070 1092 1092 1093 1071 1053 1052 1093 1093 1092 1053 1069 1068 977 977 980 1069 983 982 1056 1056 1055 983 1042 1045 1030 1030 1029 1042 1094 1095 1096 1096 1097 1094 1098 974 1011 1011 1099 1098 1059 947 946 946 1100 1059 975 974 1098 1098 1101 975 1022 1101 1098 1098 1023 1022 1007 1102 950 950 1008 1007 1103 1104 1019 1019 1018 1103 1094 1097 1046 1046 1049 1094 1105 1060 1059 1059 1106 1105 1099 1107 1023 1023 1098 1099 1108 1109 1002 1002 1001 1108 995 994 1014 1014 1013 995 1078 1110 1111 1111 1079 1078 1100 1112 1106 1106 1059 1100 1113 1114 1062 1062 1065 1113 1115 1116 1109 1109 1108 1115 1117 1118 1119 1118 1120 1121 1118 1121 1119 1122 1119 1123 1122 1123 1124 1122 1124 1125 1122 1125 1126 1122 1126 1127 1122 1127 1128 1129 1130 1128 1130 1131 1128 1131 1132 1128 1132 1122 1128 1122 1117 1119 1027 1026 1133 1133 1134 1027 1134 1133 969 969 972 1134 987 986 1135 1135 1136 987 1083 1082 1136 1136 1135 1083 1089 1088 1137 1137 1138 1089 1080 1138 1137 1137 1081 1080 1063 1139 1140 1140 1064 1063 1141 1142 1036 1036 1035 1141 1085 1084 1104 1104 1103 1085 1076 1075 1111 1111 1110 1076 950 1102 1050 1050 951 950 1008 1143 1012 1012 973 1008 1091 1090 1142 1142 1141 1091 1008 950 953 953 1143 1008 1144 1145 1009 1009 1010 1144 1146 1147 1114 1114 1113 1146 1023 1107 1005 1005 1004 1023 990 1147 1146 1146 991 990 959 997 1006 1006 1148 959 956 955 1145 1145 1144 956 959 1148 949 949 948 959 1149 1150 1151 1150 1152 1151 1153 1154 1151 1154 1155 1151 1155 1149 1151 1156 1157 1158 1158 1159 1156 1160 1161 1162 1162 1163 1160 1164 1165 1166 1166 1167 1164 1168 1169 1170 1170 1171 1168 1171 1170 1165 1165 1164 1171 1172 1160 1163 1163 1173 1172 1174 1175 1176 1176 1177 1174 1177 1176 1178 1178 1179 1177 1180 1181 1182 1182 1183 1180 1184 1180 1183 1183 1185 1184 1186 1187 1188 1188 1189 1186 1187 1190 1191 1191 1188 1187 1192 1193 1194 1194 1195 1192 1196 1197 1193 1193 1192 1196 1198 1199 1200 1200 1201 1198 1202 1203 1204 1204 1205 1202 1206 1207 1208 1208 1209 1206 1210 1211 1212 1212 1213 1210 1208 1214 1215 1215 1209 1208 1216 1217 1218 1218 1219 1216 1220 1221 1222 1222 1223 1220 1224 1212 1211 1211 1225 1224 1226 1227 1228 1228 1229 1226 1168 1172 1173 1173 1169 1168 1230 1228 1227 1227 1231 1230 1232 1220 1223 1223 1233 1232 1224 1225 1228 1228 1230 1224 1234 1235 1156 1156 1159 1234 1207 1236 1237 1237 1208 1207 1238 1239 1211 1211 1210 1238 1237 1240 1214 1214 1208 1237 1229 1241 1242 1242 1226 1229 1225 1211 1239 1239 1243 1225 1244 1245 1246 1246 1247 1244 1248 1249 1250 1250 1251 1248 1252 1253 1254 1254 1255 1252 1256 1257 1258 1258 1259 1256 1260 1246 1245 1245 1261 1260 1262 1256 1259 1259 1263 1262 1264 1265 1266 1266 1267 1264 1251 1250 1268 1268 1269 1251 1270 1271 1272 1272 1273 1270 1274 1267 1272 1272 1271 1274 1275 1269 1268 1268 1264 1275 1275 1264 1267 1267 1274 1275 1276 1277 1278 1277 1279 1278 1276 1278 1280 1276 1280 1281 1282 1276 1281 1264 1268 1283 1283 1265 1264 1272 1284 1285 1285 1273 1272 1250 1249 1286 1286 1287 1250 1268 1250 1287 1287 1288 1268 1267 1289 1290 1290 1272 1267 1291 1292 1293 1293 1294 1291 1152 1150 1295 1150 1296 1295 1296 1297 1295 1298 1299 1295 1299 1152 1295 1300 1157 1156 1156 1301 1300 1302 1303 1162 1162 1161 1302 1166 1304 1305 1305 1167 1166 1306 1307 1308 1308 1309 1306 1304 1306 1309 1309 1305 1304 1310 1311 1303 1303 1302 1310 1312 1313 1314 1314 1315 1312 1316 1312 1315 1315 1317 1316 1318 1319 1320 1320 1321 1318 1321 1320 1322 1322 1323 1321 1324 1325 1326 1326 1327 1324 1328 1329 1325 1325 1324 1328 1330 1331 1332 1332 1333 1330 1334 1330 1333 1333 1335 1334 1336 1337 1338 1338 1339 1336 1340 1341 1342 1342 1343 1340 1206 1344 1345 1345 1207 1206 1346 1347 1348 1348 1349 1346 1350 1351 1345 1345 1344 1350 1216 1352 1353 1353 1217 1216 1354 1355 1356 1356 1357 1354 1358 1359 1347 1347 1346 1358 1360 1361 1362 1362 1363 1360 1308 1307 1311 1311 1310 1308 1364 1365 1361 1361 1360 1364 1232 1233 1355 1355 1354 1232 1358 1364 1360 1360 1359 1358 1156 1235 1366 1366 1301 1156 1207 1345 1367 1367 1236 1207 1347 1368 1369 1369 1348 1347 1351 1370 1367 1367 1345 1351 1363 1362 1371 1371 1372 1363 1359 1373 1368 1368 1347 1359 1374 1375 1376 1376 1377 1374 1378 1249 1248 1248 1379 1378 1380 1381 1382 1382 1383 1380 1384 1385 1386 1386 1387 1384 1377 1376 1388 1388 1389 1377 1387 1386 1262 1262 1263 1387 1390 1391 1392 1392 1393 1390 1394 1378 1379 1379 1395 1394 1270 1273 1396 1396 1397 1270 1396 1393 1398 1398 1397 1396 1399 1392 1394 1394 1395 1399 1393 1392 1399 1399 1398 1393 1279 1277 1400 1277 1401 1400 1401 1402 1400 1279 1400 1403 1404 1279 1403 1392 1391 1405 1405 1394 1392 1285 1406 1396 1396 1273 1285 1378 1407 1286 1286 1249 1378 1394 1408 1407 1407 1378 1394 1409 1410 1393 1393 1396 1409 1293 1292 1411 1411 1412 1293 1413 1414 1415 1415 1416 1413 1417 1418 1416 1416 1415 1417 1419 1420 1421 1421 1422 1419 1423 1424 1413 1413 1416 1423 1425 1426 1427 1427 1428 1425 1418 1429 1423 1423 1416 1418 1413 1424 1430 1430 1431 1413 1426 1432 1433 1433 1427 1426 1434 1435 1436 1436 1437 1434 1438 1439 1440 1440 1441 1438 1442 1443 1440 1440 1444 1442 1439 1445 1444 1444 1440 1439 1446 1442 1444 1444 1447 1446 1443 1448 1441 1441 1440 1443 1449 1419 1422 1422 1450 1449 1420 1451 1452 1452 1421 1420 1453 1454 1455 1455 1456 1453 1457 1458 1422 1422 1421 1457 1459 1460 1461 1461 1462 1459 1463 1457 1421 1421 1452 1463 1464 1465 1466 1466 1467 1464 1450 1422 1458 1458 1468 1450 1469 1462 1461 1461 1470 1469 1471 1472 1453 1453 1456 1471 1473 1474 1455 1455 1454 1473 1475 1476 1477 1477 1478 1475 1479 1480 1456 1456 1455 1479 1481 1482 1483 1483 1484 1481 1474 1485 1479 1479 1455 1474 1486 1425 1428 1428 1487 1486 1456 1480 1488 1488 1471 1456 1467 1481 1484 1484 1464 1467 1489 1475 1478 1478 1490 1489 1476 1491 1492 1492 1477 1476 1472 1471 1492 1492 1491 1472 1493 1494 1478 1478 1477 1493 1436 1495 1496 1496 1437 1436 1497 1493 1477 1477 1492 1497 1490 1478 1494 1494 1498 1490 1499 1500 1496 1496 1495 1499 1501 1502 1503 1503 1504 1501 1505 1506 1503 1503 1507 1505 1447 1444 1445 1445 1508 1447 1507 1503 1502 1502 1509 1507 1510 1505 1507 1507 1511 1510 1506 1512 1504 1504 1503 1506 1513 1514 1515 1515 1516 1513 1517 1518 1519 1519 1514 1517 1511 1507 1509 1509 1520 1511 1521 1517 1514 1514 1513 1521 1522 1523 1518 1518 1517 1522 1524 1515 1514 1514 1519 1524 1525 1526 1527 1527 1528 1525 1529 1530 1531 1531 1526 1529 1532 1522 1517 1517 1521 1532 1533 1529 1526 1526 1525 1533 1534 1535 1530 1530 1529 1534 1536 1527 1526 1526 1531 1536 1536 1446 1447 1447 1527 1536 1537 1534 1529 1529 1533 1537 1508 1528 1527 1527 1447 1508 1504 1512 1523 1523 1522 1504 1501 1504 1522 1522 1532 1501 1449 1450 1418 1418 1417 1449 1497 1492 1471 1471 1488 1497 1466 1465 1435 1435 1434 1466 1451 1489 1490 1490 1452 1451 1429 1418 1450 1450 1468 1429 1469 1470 1538 1538 1539 1469 1539 1538 1486 1486 1487 1539 1515 1524 1535 1535 1534 1515 1540 1541 1542 1541 1543 1542 1544 1542 1545 1546 1545 1547 1546 1547 1548 1546 1548 1549 1546 1549 1550 1551 1550 1552 1551 1552 1553 1554 1551 1553 1551 1546 1550 1546 1544 1545 1544 1555 1542 1555 1540 1542 1516 1515 1534 1534 1537 1516 1556 1431 1474 1474 1473 1556 1463 1452 1490 1490 1498 1463 1500 1499 1460 1460 1459 1500 1448 1510 1511 1511 1441 1448 1520 1438 1441 1441 1511 1520 1454 1557 1558 1558 1473 1454 1485 1474 1431 1431 1430 1485 1433 1432 1483 1483 1482 1433 1559 1560 1489 1489 1451 1559 1561 1414 1556 1556 1562 1561 1562 1556 1473 1473 1558 1562 1563 1559 1451 1451 1420 1563 1417 1564 1565 1565 1449 1417 1475 1489 1560 1560 1566 1475 1415 1567 1564 1564 1417 1415 1568 1569 1472 1472 1491 1568 1419 1449 1565 1565 1570 1419 1571 1568 1491 1491 1476 1571 1566 1571 1476 1476 1475 1566 1572 1453 1472 1472 1569 1572 1453 1572 1557 1557 1454 1453 1570 1563 1420 1420 1419 1570 1414 1561 1567 1567 1415 1414 1431 1556 1414 1414 1413 1431 1573 1574 1575 1575 1576 1573 1577 1578 1579 1579 1580 1577 1581 1582 1583 1583 1584 1581 1585 1586 1587 1587 1588 1585 1589 1590 1591 1590 1592 1593 1590 1593 1591 1594 1595 1596 1596 1597 1594 1598 1599 1600 1599 1601 1602 1599 1602 1600 1603 1604 1605 1605 1606 1603 1607 1608 1609 1609 1610 1607 1611 1612 1613 1613 1614 1611 1614 1615 1616 1616 1611 1614 1617 1618 1619 1619 1620 1617 1620 1621 1622 1622 1617 1620 1623 1624 1625 1625 1626 1623 1626 1627 1628 1628 1623 1626 1628 1629 1630 1630 1623 1628 1623 1630 1631 1631 1624 1623 1632 1633 1634 1634 1635 1632 1635 1634 1636 1636 1637 1635 1637 1638 1639 1639 1635 1637 1635 1639 1640 1640 1641 1635 1642 1643 1644 1644 1645 1642 1645 1644 1646 1646 1647 1645 1645 1647 1648 1648 1649 1645 1649 1650 1642 1642 1645 1649 1651 1652 1633 1633 1632 1651 1641 1640 1653 1653 1654 1641 1653 1655 1656 1656 1654 1653 1651 1656 1657 1657 1652 1651 1658 1659 1643 1643 1642 1658 1658 1642 1650 1650 1660 1658 1661 1662 1663 1663 1664 1661 1664 1663 1665 1665 1666 1664 1667 1625 1624 1624 1668 1667 1624 1631 1669 1669 1668 1624 1668 1669 1670 1670 1671 1668 1671 1672 1667 1667 1668 1671 1673 1613 1612 1612 1674 1673 1675 1622 1621 1621 1676 1675 1675 1676 1677 1677 1678 1675 1679 1680 1673 1673 1674 1679 1681 1682 1683 1683 1684 1681 1684 1683 1685 1685 1686 1684 1686 1687 1688 1688 1684 1686 1684 1689 1690 1690 1681 1684 1691 1692 1693 1693 1694 1691 1695 1696 1697 1697 1698 1695 1698 1697 1699 1699 1700 1698 1701 1702 1692 1692 1691 1701 1703 1704 1705 1705 1706 1703 1706 1705 1707 1707 1708 1706 1708 1709 1710 1710 1706 1708 1706 1710 1711 1711 1703 1706 1712 1713 1714 1714 1715 1712 1715 1716 1717 1717 1712 1715 1712 1717 1718 1718 1719 1712 1719 1720 1713 1713 1712 1719 1721 1722 1702 1702 1701 1721 1700 1699 1723 1723 1724 1700 1724 1723 1725 1725 1726 1724 1727 1728 1722 1722 1721 1727 1729 1730 1710 1710 1731 1729 1731 1710 1709 1709 1732 1731 1733 1734 1735 1735 1736 1733 1736 1737 1738 1738 1733 1736 1739 1740 1741 1741 1742 1739 1739 1742 1743 1743 1744 1739 1744 1745 1746 1746 1739 1744 1739 1746 1747 1747 1740 1739 1748 1690 1689 1689 1749 1748 1750 1688 1687 1687 1751 1750 1751 1752 1753 1753 1750 1751 1749 1753 1754 1754 1748 1749 1755 1756 1737 1737 1736 1755 1736 1735 1757 1757 1755 1736 1755 1757 1758 1758 1759 1755 1760 1761 1756 1756 1755 1760 1762 1747 1746 1746 1763 1762 1763 1746 1745 1745 1764 1763 1764 1765 1766 1766 1763 1764 1763 1766 1767 1767 1762 1763 1768 1754 1753 1753 1769 1768 1753 1752 1770 1770 1769 1753 1769 1770 1771 1771 1772 1769 1769 1772 1773 1773 1768 1769 1774 1775 1728 1728 1727 1774 1776 1726 1725 1725 1777 1776 1777 1778 1779 1779 1776 1777 1780 1781 1775 1775 1774 1780 1782 1783 1672 1672 1671 1782 1671 1670 1784 1784 1782 1671 1782 1784 1716 1716 1715 1782 1715 1714 1783 1783 1782 1715 1785 1665 1663 1663 1786 1785 1786 1663 1662 1662 1787 1786 1787 1707 1705 1705 1786 1787 1786 1705 1704 1704 1785 1786 1788 1789 1680 1680 1679 1788 1678 1677 1790 1790 1791 1678 1791 1790 1696 1696 1695 1791 1694 1693 1789 1789 1788 1694 1792 1657 1656 1656 1793 1792 1793 1656 1655 1655 1794 1793 1794 1685 1683 1683 1793 1794 1793 1683 1682 1682 1792 1793 1795 1796 1797 1797 1798 1795 1798 1799 1800 1800 1795 1798 1801 1802 1803 1803 1804 1801 1804 1805 1806 1806 1801 1804 1807 1808 1809 1809 1810 1807 1810 1811 1812 1812 1807 1810 1812 1813 1814 1814 1807 1812 1807 1814 1815 1815 1808 1807 1816 1817 1818 1818 1819 1816 1819 1818 1820 1820 1821 1819 1821 1822 1823 1823 1819 1821 1819 1823 1824 1824 1825 1819 1826 1827 1828 1828 1829 1826 1829 1828 1830 1830 1831 1829 1829 1831 1832 1832 1833 1829 1833 1834 1826 1826 1829 1833 1835 1836 1817 1817 1816 1835 1825 1824 1837 1837 1835 1825 1837 1838 1839 1839 1835 1837 1835 1839 1840 1840 1836 1835 1841 1842 1827 1827 1826 1841 1841 1826 1834 1834 1843 1841 1844 1845 1846 1846 1847 1844 1847 1846 1848 1848 1849 1847 1850 1809 1808 1808 1851 1850 1808 1815 1852 1852 1851 1808 1851 1852 1853 1853 1854 1851 1854 1855 1850 1850 1851 1854 1856 1797 1796 1796 1857 1856 1858 1806 1805 1805 1859 1858 1858 1859 1860 1860 1861 1858 1862 1845 1856 1856 1857 1862 1863 1864 1865 1865 1866 1863 1863 1866 1867 1867 1868 1863 1863 1868 1869 1869 1870 1863 1871 1872 1864 1864 1863 1871 1873 1874 1875 1875 1876 1873 1877 1878 1879 1879 1880 1877 1879 1881 1882 1882 1880 1879 1876 1883 1884 1884 1873 1876 1885 1886 1887 1887 1888 1885 1888 1889 1890 1890 1891 1888 1891 1892 1893 1893 1888 1891 1888 1893 1894 1894 1885 1888 1895 1896 1897 1897 1898 1895 1898 1899 1900 1900 1895 1898 1895 1900 1901 1901 1902 1895 1902 1903 1896 1896 1895 1902 1904 1884 1883 1883 1905 1904 1906 1882 1881 1881 1907 1906 1907 1908 1909 1909 1906 1907 1905 1910 1911 1911 1904 1905 1912 1913 1914 1914 1893 1912 1912 1893 1892 1892 1915 1912 1916 1917 1918 1918 1919 1916 1919 1920 1921 1921 1916 1919 1922 1923 1902 1902 1924 1922 1924 1902 1901 1901 1925 1924 1925 1926 1927 1927 1924 1925 1924 1927 1928 1928 1922 1924 1929 1930 1872 1872 1871 1929 1870 1869 1931 1931 1932 1870 1931 1933 1934 1934 1932 1931 1929 1934 1935 1935 1930 1929 1936 1937 1920 1920 1919 1936 1919 1918 1938 1938 1936 1919 1936 1938 1939 1939 1940 1936 1940 1941 1937 1937 1936 1940 1942 1928 1927 1927 1943 1942 1943 1927 1926 1926 1944 1943 1944 1945 1946 1946 1943 1944 1943 1946 1947 1947 1942 1943 1948 1935 1934 1934 1949 1948 1949 1934 1933 1933 1950 1949 1950 1951 1952 1952 1949 1950 1949 1952 1953 1953 1948 1949 1954 1955 1911 1911 1910 1954 1909 1908 1956 1956 1957 1909 1957 1956 1958 1958 1959 1957 1960 1961 1955 1955 1954 1960 1962 1963 1855 1855 1854 1962 1854 1853 1964 1964 1962 1854 1962 1964 1899 1899 1898 1962 1898 1897 1963 1963 1962 1898 1965 1848 1846 1846 1966 1965 1967 1846 1845 1845 1968 1967 1968 1890 1889 1889 1967 1968 1966 1887 1886 1886 1965 1966 1969 1968 1845 1845 1862 1969 1861 1860 1970 1970 1971 1861 1971 1970 1878 1878 1877 1971 1875 1874 1968 1968 1969 1875 1972 1840 1839 1839 1973 1972 1973 1839 1838 1838 1974 1973 1974 1867 1866 1866 1973 1974 1973 1866 1865 1865 1972 1973 1975 1976 1575 1575 1574 1975 1577 1580 1977 1977 1978 1577 1979 1980 1981 1981 1982 1979 1983 1984 1985 1985 1986 1983 1987 1591 1988 1591 1593 1989 1591 1989 1988 1990 1991 1596 1596 1595 1990 1992 1993 1602 1993 1994 1600 1993 1600 1602 1995 1996 1997 1997 1998 1995 1607 1610 1999 1999 2000 1607 2001 2002 2003 2003 2004 2001 2005 2006 2002 2002 2001 2005 2007 2008 2009 2009 2010 2007 2011 2012 2008 2008 2007 2011 2013 2014 2015 2015 2016 2013 2017 2018 2014 2014 2013 2017 2019 2020 2017 2017 2013 2019 2013 2016 2021 2021 2019 2013 2022 2023 2024 2024 2025 2022 2025 2026 2027 2027 2022 2025 2028 2029 2026 2026 2025 2028 2025 2030 2031 2031 2028 2025 2032 2033 2034 2034 2035 2032 2035 2036 2037 2037 2032 2035 2035 2038 2039 2039 2036 2035 2034 2040 2038 2038 2035 2034 2041 2024 2023 2023 2042 2041 2043 2031 2030 2030 2044 2043 2045 2046 2043 2043 2044 2045 2041 2042 2047 2047 2045 2041 2048 2034 2033 2033 2049 2048 2048 2050 2040 2040 2034 2048 2051 2052 2053 2053 2054 2051 2054 2055 2056 2056 2051 2054 2016 2015 2057 2057 2058 2016 2059 2021 2016 2016 2058 2059 2058 2060 2061 2061 2059 2058 2057 2062 2060 2060 2058 2057 2004 2003 2063 2063 2064 2004 2065 2066 2012 2012 2011 2065 2065 2067 2068 2068 2066 2065 2063 2069 2070 2070 2064 2063 2071 2072 2073 2073 2074 2071 2074 2075 2076 2076 2071 2074 2077 2078 2075 2075 2074 2077 2074 2073 2079 2079 2080 2074 2081 2082 2083 2083 2084 2081 2085 2086 2087 2087 2088 2085 2088 2089 2090 2090 2085 2088 2084 2091 2092 2092 2081 2084 2093 2094 2095 2095 2096 2093 2096 2097 2098 2098 2093 2096 2099 2100 2097 2097 2096 2099 2096 2095 2101 2101 2099 2096 2102 2103 2104 2104 2105 2102 2106 2107 2103 2103 2102 2106 2102 2108 2109 2109 2106 2102 2105 2110 2108 2108 2102 2105 2111 2092 2091 2091 2112 2111 2113 2090 2089 2089 2114 2113 2114 2115 2116 2116 2113 2114 2112 2117 2118 2118 2111 2112 2099 2119 2120 2120 2121 2099 2121 2122 2100 2100 2099 2121 2123 2124 2125 2125 2126 2123 2127 2128 2124 2124 2123 2127 2129 2130 2131 2131 2132 2129 2129 2133 2134 2134 2130 2129 2135 2136 2133 2133 2129 2135 2129 2132 2137 2137 2135 2129 2080 2079 2138 2138 2139 2080 2140 2141 2078 2078 2077 2140 2142 2143 2141 2141 2140 2142 2139 2138 2144 2144 2142 2139 2145 2124 2128 2128 2146 2145 2147 2125 2124 2124 2145 2147 2145 2148 2149 2149 2147 2145 2146 2150 2151 2151 2145 2146 2135 2137 2152 2152 2153 2135 2153 2154 2136 2136 2135 2153 2155 2156 2154 2154 2153 2155 2153 2152 2157 2157 2155 2153 2142 2144 2158 2158 2159 2142 2160 2143 2142 2142 2159 2160 2159 2161 2162 2162 2160 2159 2159 2158 2163 2163 2161 2159 2164 2118 2117 2117 2165 2164 2166 2167 2116 2116 2115 2166 2168 2169 2167 2167 2166 2168 2165 2170 2171 2171 2164 2165 2172 2060 2062 2062 2173 2172 2174 2061 2060 2060 2172 2174 2172 2103 2107 2107 2174 2172 2173 2104 2103 2103 2172 2173 2051 2056 2175 2175 2176 2051 2176 2177 2052 2052 2051 2176 2093 2098 2177 2177 2176 2093 2176 2175 2094 2094 2093 2176 2178 2070 2069 2069 2179 2178 2180 2068 2067 2067 2181 2180 2181 2087 2086 2086 2180 2181 2179 2083 2082 2082 2178 2179 2045 2047 2182 2182 2183 2045 2183 2184 2046 2046 2045 2183 2071 2076 2184 2184 2183 2071 2183 2182 2072 2072 2071 2183 2185 2186 2187 2187 2188 2185 2189 2190 2186 2186 2185 2189 2191 2192 2193 2193 2194 2191 2195 2196 2192 2192 2191 2195 2197 2198 2199 2199 2200 2197 2201 2202 2198 2198 2197 2201 2203 2204 2201 2201 2197 2203 2197 2200 2205 2205 2203 2197 2206 2207 2208 2208 2209 2206 2209 2210 2211 2211 2206 2209 2212 2213 2210 2210 2209 2212 2209 2214 2215 2215 2212 2209 2216 2217 2218 2218 2219 2216 2219 2220 2221 2221 2216 2219 2219 2222 2223 2223 2220 2219 2218 2224 2222 2222 2219 2218 2225 2208 2207 2207 2226 2225 2227 2215 2214 2214 2225 2227 2228 2229 2227 2227 2225 2228 2225 2226 2230 2230 2228 2225 2231 2218 2217 2217 2232 2231 2231 2233 2224 2224 2218 2231 2234 2235 2236 2236 2237 2234 2237 2238 2239 2239 2234 2237 2200 2199 2240 2240 2241 2200 2242 2205 2200 2200 2241 2242 2241 2243 2244 2244 2242 2241 2240 2245 2243 2243 2241 2240 2188 2187 2246 2246 2247 2188 2248 2249 2196 2196 2195 2248 2248 2250 2251 2251 2249 2248 2246 2235 2252 2252 2247 2246 2253 2254 2255 2255 2256 2253 2253 2257 2258 2258 2254 2253 2253 2259 2260 2260 2257 2253 2256 2261 2262 2262 2253 2256 2263 2264 2265 2265 2266 2263 2267 2268 2269 2269 2270 2267 2271 2272 2267 2267 2270 2271 2266 2265 2273 2273 2274 2266 2275 2276 2277 2277 2278 2275 2278 2279 2280 2280 2281 2278 2282 2283 2279 2279 2278 2282 2278 2277 2284 2284 2282 2278 2285 2286 2287 2287 2288 2285 2289 2290 2286 2286 2285 2289 2285 2291 2292 2292 2289 2285 2288 2293 2291 2291 2285 2288 2274 2273 2294 2294 2295 2274 2296 2297 2272 2272 2271 2296 2298 2299 2297 2297 2296 2298 2295 2294 2300 2300 2301 2295 2302 2282 2303 2303 2304 2302 2302 2305 2283 2283 2282 2302 2306 2307 2308 2308 2309 2306 2310 2311 2307 2307 2306 2310 2291 2312 2313 2313 2314 2291 2314 2315 2292 2292 2291 2314 2316 2317 2315 2315 2314 2316 2314 2313 2318 2318 2316 2314 2319 2262 2261 2261 2320 2319 2321 2260 2259 2259 2322 2321 2323 2324 2321 2321 2322 2323 2319 2320 2325 2325 2323 2319 2326 2307 2311 2311 2327 2326 2328 2308 2307 2307 2326 2328 2326 2329 2330 2330 2328 2326 2327 2331 2329 2329 2326 2327 2316 2318 2332 2332 2333 2316 2333 2334 2317 2317 2316 2333 2335 2336 2334 2334 2333 2335 2333 2332 2337 2337 2335 2333 2323 2325 2338 2338 2339 2323 2339 2340 2324 2324 2323 2339 2341 2342 2340 2340 2339 2341 2339 2338 2343 2343 2341 2339 2344 2301 2300 2300 2345 2344 2346 2299 2298 2298 2347 2346 2347 2348 2349 2349 2346 2347 2345 2350 2351 2351 2344 2345 2352 2243 2245 2245 2353 2352 2354 2244 2243 2243 2352 2354 2352 2286 2290 2290 2354 2352 2353 2287 2286 2286 2352 2353 2234 2239 2355 2355 2356 2234 2357 2358 2235 2235 2234 2357 2281 2280 2358 2358 2357 2281 2356 2355 2276 2276 2275 2356 2359 2252 2235 2235 2358 2359 2360 2251 2250 2250 2361 2360 2361 2269 2268 2268 2360 2361 2358 2264 2263 2263 2359 2358 2228 2230 2362 2362 2363 2228 2363 2364 2229 2229 2228 2363 2254 2258 2364 2364 2363 2254 2363 2362 2255 2255 2254 2363 2365 2366 2367 2367 2368 2365 2369 2370 2371 2371 2372 2369 2368 2367 2373 2373 2374 2368 2375 2376 2377 2377 2378 2375 2379 2380 2381 2381 2382 2379 2383 2384 2385 2385 2386 2383 2387 2388 2389 2389 2390 2387 2391 2392 2393 2393 2394 2391 2395 2396 2397 2397 2398 2395 2399 2400 2401 2401 2402 2399 2402 2403 2404 2404 2399 2402 2405 2406 2407 2407 2408 2405 2409 2410 2411 2411 2412 2409 2413 2387 2390 2390 2414 2413 2415 2416 2380 2380 2379 2415 2375 2378 2417 2417 2418 2375 2419 2387 2413 2413 2420 2419 2421 2422 2423 2422 2424 2423 2425 2421 2423 2418 2426 2427 2427 2375 2418 2428 2429 2430 2430 2431 2428 2432 2433 2434 2434 2435 2432 2436 2437 2438 2438 2439 2436 2440 2441 2442 2442 2443 2440 2444 2445 2446 2445 2447 2446 2448 2449 2446 2449 2444 2446 2450 2451 2452 2451 2453 2454 2451 2454 2455 2451 2455 2452 2456 2457 2458 2458 2459 2456 2460 2456 2459 2459 2461 2460 2462 2388 2387 2387 2419 2462 2463 2464 2465 2464 2466 2465 2466 2467 2465 2409 2412 2468 2468 2469 2409 2405 2408 2470 2470 2471 2405 2395 2472 2473 2473 2396 2395 2392 2474 2475 2475 2393 2392 2441 2476 2477 2477 2442 2441 2478 2479 2480 2480 2481 2478 2480 2479 2482 2482 2483 2480 2484 2485 2486 2486 2487 2484 2488 2489 2371 2371 2370 2488 2485 2374 2373 2373 2486 2485 2490 2491 2377 2377 2376 2490 2492 2382 2381 2381 2493 2492 2494 2495 2496 2496 2497 2494 2498 2499 2500 2500 2501 2498 2502 2394 2393 2393 2503 2502 2504 2505 2397 2397 2396 2504 2506 2402 2401 2401 2507 2506 2508 2403 2402 2402 2506 2508 2509 2510 2511 2511 2512 2509 2513 2514 2515 2515 2516 2513 2413 2414 2499 2499 2498 2413 2517 2492 2493 2493 2518 2517 2519 2491 2490 2490 2520 2519 2521 2420 2413 2413 2498 2521 2522 2523 2524 2523 2525 2524 2526 2522 2524 2520 2490 2527 2527 2528 2520 2529 2431 2430 2430 2530 2529 2432 2435 2531 2531 2532 2432 2533 2534 2535 2535 2536 2533 2537 2538 2539 2539 2540 2537 2541 2542 2447 2542 2543 2544 2542 2544 2446 2542 2446 2447 2545 2546 2455 2546 2452 2455 2547 2548 2455 2548 2545 2455 2549 2550 2551 2551 2552 2549 2460 2461 2550 2550 2549 2460 2553 2521 2498 2498 2501 2553 2466 2464 2554 2464 2555 2554 2556 2466 2554 2515 2557 2558 2558 2516 2515 2509 2559 2560 2560 2510 2509 2473 2561 2504 2504 2396 2473 2475 2562 2503 2503 2393 2475 2563 2564 2538 2538 2537 2563 2565 2566 2567 2567 2568 2565 2565 2483 2482 2482 2566 2565 2569 2570 2571 2571 2572 2569 2573 2574 2575 2575 2576 2573 2573 2576 2577 2577 2578 2573 2570 2579 2580 2580 2571 2570 2581 2582 2583 2583 2584 2581 2585 2586 2587 2587 2588 2585 2589 2590 2591 2591 2592 2589 2593 2594 2595 2595 2596 2593 2582 2597 2598 2598 2583 2582 2588 2587 2599 2599 2600 2588 2601 2602 2603 2603 2604 2601 2605 2606 2607 2607 2608 2605 2604 2603 2609 2609 2610 2604 2611 2612 2613 2613 2614 2611 2615 2616 2617 2617 2618 2615 2619 2620 2621 2621 2622 2619 2623 2624 2625 2625 2626 2623 2612 2627 2628 2628 2613 2612 2618 2617 2629 2629 2630 2618 2607 2606 2631 2631 2632 2607 2633 2634 2635 2635 2636 2633 2637 2638 2639 2639 2640 2637 2634 2641 2642 2642 2635 2634 2643 2644 2645 2645 2646 2643 2647 2648 2649 2649 2650 2647 2651 2652 2653 2653 2654 2651 2655 2656 2657 2657 2658 2655 2644 2659 2660 2660 2645 2644 2650 2649 2661 2661 2662 2650 2637 2663 2664 2664 2638 2637 2665 2666 2667 2667 2668 2665 2669 2668 2667 2667 2670 2669 2671 2672 2673 2673 2674 2671 2671 2674 2675 2675 2676 2671 2677 2676 2675 2675 2678 2677 2677 2678 2679 2679 2680 2677 2681 2680 2679 2679 2682 2681 2683 2681 2682 2682 2684 2683 2685 2686 2687 2686 2688 2687 2689 2687 2690 2689 2690 2691 2692 2693 2691 2693 2694 2691 2694 2689 2691 2689 2685 2687 2695 2683 2684 2684 2696 2695 2697 2698 2699 2698 2700 2701 2698 2701 2702 2698 2702 2699 2703 2699 2704 2705 2703 2704 2703 2706 2699 2706 2697 2699 2695 2696 2666 2666 2665 2695 2707 2708 2709 2709 2710 2707 2710 2711 2712 2712 2707 2710 2708 2713 2714 2714 2709 2708 2713 2715 2716 2716 2714 2713 2717 2718 2719 2719 2720 2717 2721 2722 2723 2723 2724 2721 2711 2724 2723 2723 2712 2711 2725 2726 2727 2727 2728 2725 2726 2725 2729 2729 2730 2726 2728 2727 2731 2731 2732 2728 2732 2731 2733 2733 2734 2732 2735 2736 2737 2737 2738 2735 2730 2729 2739 2739 2740 2730 2736 2718 2717 2717 2737 2736 2741 2742 2743 2743 2744 2741 2741 2745 2746 2746 2742 2741 2744 2743 2747 2747 2748 2744 2748 2747 2749 2749 2750 2748 2751 2752 2753 2753 2754 2751 2755 2756 2757 2757 2758 2755 2759 2760 2757 2757 2756 2759 2761 2762 2763 2763 2764 2761 2765 2766 2761 2761 2764 2765 2762 2767 2768 2768 2763 2762 2767 2769 2770 2770 2768 2767 2771 2772 2773 2773 2774 2771 2775 2776 2777 2777 2778 2775 2753 2752 2772 2772 2771 2753 2779 2780 2781 2781 2782 2779 2783 2784 2785 2785 2786 2783 2781 2780 2787 2787 2788 2781 2789 2784 2783 2783 2790 2789 2788 2787 2791 2791 2792 2788 2793 2789 2790 2790 2794 2793 2795 2796 2793 2793 2794 2795 2791 2797 2798 2798 2792 2791 2799 2779 2782 2782 2800 2799 2786 2785 2801 2801 2802 2786 2801 2803 2804 2804 2802 2801 2805 2806 2799 2799 2800 2805 2807 2808 2809 2809 2810 2807 2811 2812 2813 2813 2814 2811 2815 2808 2807 2807 2816 2815 2813 2812 2817 2817 2818 2813 2819 2815 2816 2816 2820 2819 2818 2817 2821 2821 2822 2818 2821 2823 2824 2824 2822 2821 2825 2826 2819 2819 2820 2825 2797 2826 2825 2825 2798 2797 2823 2796 2795 2795 2824 2823 2810 2809 2827 2827 2828 2810 2829 2811 2814 2814 2830 2829 2831 2832 2829 2829 2830 2831 2827 2833 2834 2834 2828 2827 2835 2836 2806 2806 2805 2835 2804 2803 2837 2837 2838 2804 2839 2840 2841 2841 2842 2839 2843 2844 2845 2845 2846 2843 2847 2848 2849 2849 2850 2847 2851 2852 2853 2853 2854 2851 2855 2856 2857 2857 2858 2855 2859 2860 2852 2852 2851 2859 2854 2853 2861 2861 2862 2854 2863 2864 2865 2865 2866 2863 2867 2868 2869 2869 2870 2867 2858 2857 2871 2871 2872 2858 2873 2874 2875 2875 2876 2873 2864 2877 2878 2878 2865 2864 2872 2871 2874 2874 2873 2872 2870 2869 2879 2879 2880 2870 2881 2882 2883 2883 2884 2881 2880 2879 2885 2885 2886 2880 2862 2861 2883 2883 2882 2862 2877 2887 2888 2888 2878 2877 2846 2845 2889 2889 2890 2846 2891 2892 2893 2893 2894 2891 2895 2896 2897 2897 2898 2895 2899 2900 2901 2901 2902 2899 2903 2904 2905 2905 2906 2903 2894 2893 2904 2904 2903 2894 2898 2897 2907 2907 2908 2898 2900 2909 2910 2910 2901 2900 2911 2906 2905 2905 2912 2911 2908 2907 2913 2913 2914 2908 2909 2915 2916 2916 2910 2909 2890 2889 2917 2917 2918 2890 2919 2920 2911 2911 2912 2919 2921 2922 2923 2923 2924 2921 2917 2925 2926 2926 2918 2917 2927 2928 2929 2929 2930 2927 2931 2932 2933 2933 2934 2931 2935 2936 2937 2937 2938 2935 2934 2933 2926 2926 2925 2934 2939 2940 2941 2941 2942 2939 2943 2944 2932 2932 2931 2943 2945 2946 2947 2947 2948 2945 2949 2950 2920 2920 2919 2949 2951 2952 2953 2953 2954 2951 2955 2956 2957 2957 2958 2955 2959 2960 2961 2961 2962 2959 2875 2958 2957 2957 2876 2875 2963 2964 2965 2965 2966 2963 2967 2968 2969 2969 2970 2967 2971 2972 2973 2973 2974 2971 2970 2969 2881 2881 2884 2970 2975 2962 2961 2961 2976 2975 2977 2978 2968 2968 2967 2977 2979 2980 2981 2981 2982 2979 2983 2984 2956 2956 2955 2983 2985 2986 2987 2987 2988 2985 2989 2990 2991 2991 2992 2989 2990 2859 2851 2851 2991 2990 2993 2994 2978 2978 2977 2993 2994 2855 2858 2858 2978 2994 2992 2991 2984 2984 2983 2992 2995 2996 2973 2973 2972 2995 2997 2998 2950 2950 2949 2997 2999 3000 3001 3001 3002 2999 3003 3004 3005 3005 3006 3003 3007 3006 3005 3005 3008 3007 3009 3010 3011 3011 3012 3009 3012 3011 3007 3007 3008 3012 3013 3014 3010 3010 3009 3013 3015 3016 3004 3004 3003 3015 3017 3018 3016 3016 3015 3017 3019 3020 3021 3021 3022 3019 3023 3024 2987 2987 2986 3023 3025 3026 3027 3027 3028 3025 2963 3019 3022 3022 2964 2963 2979 2982 3024 3024 3023 2979 3029 3030 3031 3031 3032 3029 2980 2971 2974 2974 2981 2980 3033 3034 3021 3021 3020 3033 2966 2965 2960 2960 2959 2966 3035 3036 3037 3037 3038 3035 3037 3039 3040 3040 3038 3037 3041 3042 3043 3043 3044 3041 3044 3043 3040 3040 3039 3044 3045 3046 3042 3042 3041 3045 3047 3048 3036 3036 3035 3047 3049 3050 3048 3048 3047 3049 3051 3052 3053 3053 3054 3051 3055 3056 3057 3057 3058 3055 3059 3060 3061 3061 3062 3059 2951 2954 3052 3052 3051 2951 2940 2935 2938 2938 2941 2940 2945 2939 2942 2942 2946 2945 3054 3053 3056 3056 3055 3054 2952 2921 2924 2924 2953 2952 2948 2947 3060 3060 3059 2948 3063 3064 2855 2855 2994 3063 3065 3063 2994 2994 2993 3065 3066 3067 3068 3068 3069 3066 3070 3066 3069 3069 3071 3070 3067 3072 3073 3073 3068 3067 3064 3074 2856 2856 2855 3064 3075 3076 3077 3077 3078 3075 3079 3080 3081 3081 3082 3079 3083 3084 3085 3085 3086 3083 2998 2997 3087 3087 3088 2998 2944 2943 3089 3089 3090 2944 2892 2891 3091 3091 3092 2892 2891 2944 3090 3090 3091 2891 2844 2843 3093 3093 3094 2844 2843 2998 3088 3088 3093 2843 3095 3096 3097 3097 3098 3095 3099 3100 3101 3101 3102 3099 3103 3104 3105 3105 3106 3103 3107 3108 3109 3109 3110 3107 3111 3112 3113 3113 3114 3111 3115 3116 3117 3117 3118 3115 3119 3120 3121 3121 3122 3119 3123 3124 3125 3125 3126 3123 3127 3128 3129 3129 3130 3127 3131 3132 3133 3133 3134 3131 3135 3136 3137 3137 3138 3135 3139 3140 3141 3141 3142 3139 3143 3144 3145 3145 3146 3143 3147 3148 3149 3149 3150 3147 3151 3152 3153 3153 3154 3151 3155 3156 3157 3157 3158 3155 3159 3160 3161 3161 3162 3159 3163 3164 3165 3165 3166 3163 3167 3168 3169 3169 3170 3167 3171 3172 3173 3173 3174 3171 3175 3176 3177 3177 3178 3175 3179 3180 3181 3181 3182 3179 3183 3184 3185 3185 3186 3183 3187 3188 3189 3189 3190 3187 3191 3192 3193 3193 3194 3191 3195 3196 3197 3197 3198 3195 3198 3197 3199 3199 3200 3198 3201 3202 3203 3203 3204 3201 3205 3206 3207 3207 3208 3205 3209 3210 3211 3211 3212 3209 3205 3213 3214 3214 3206 3205 3215 3216 3217 3217 3218 3215 3219 3220 3221 3221 3222 3219 3093 3088 3223 3223 3224 3093 3094 3093 3224 3224 3225 3094 3091 3090 3226 3226 3227 3091 3092 3091 3227 3227 3228 3092 3090 3089 3229 3229 3226 3090 3088 3087 3230 3230 3223 3088 3231 3201 3204 3204 3232 3231 3233 3234 3235 3235 3236 3233 3202 3237 3238 3238 3203 3202 3239 3240 3241 3241 3242 3239 3243 3244 3245 3245 3246 3243 3247 3248 3249 3249 3250 3247 3247 3243 3246 3246 3248 3247 3251 3252 3253 3253 3254 3251 3252 3239 3242 3242 3253 3252 3200 3199 3255 3255 3256 3200 3096 3095 3256 3256 3255 3096 3078 3238 3237 3237 3075 3078 3257 3209 3212 3212 3258 3257 3208 3207 3259 3259 3260 3208 3257 3258 3261 3261 3262 3257 3219 3222 3263 3263 3264 3219 3215 3218 3234 3234 3233 3215 3220 3265 3266 3266 3221 3220 3267 3268 3269 3269 3270 3267 3271 3272 3273 3273 3274 3271 3275 3276 3277 3276 3278 3277 3279 3280 3277 3280 3275 3277 3281 3282 3283 3283 3284 3281 3285 3286 3287 3286 3288 3287 3288 3289 3290 3288 3290 3287 3291 3292 3293 3293 3294 3291 3295 3296 3297 3297 3298 3295 3299 3300 3301 3301 3302 3299 3303 3304 3305 3305 3306 3303 3307 3308 3309 3309 3310 3307 3311 3312 3313 3313 3314 3311 3315 3316 3317 3317 3318 3315 3319 3320 3321 3321 3322 3319 3323 3324 3325 3325 3326 3323 3327 3328 3329 3329 3330 3327 3331 3332 3333 3333 3334 3331 3331 3335 3336 3336 3332 3331 3337 3338 3334 3334 3333 3337 3339 3340 3341 3341 3342 3339 3328 3343 3344 3344 3329 3328 3345 3346 3347 3347 3348 3345 3347 3346 3349 3349 3350 3347 3351 3352 3353 3353 3354 3351 3341 3340 3355 3355 3356 3341 3343 3357 3358 3358 3344 3343 3338 3337 3351 3351 3354 3338 3359 3360 3361 3361 3362 3359 3350 3349 3360 3360 3359 3350 3356 3355 3363 3363 3364 3356 3358 3357 3365 3365 3366 3358 3367 3368 3362 3362 3361 3367 3364 3363 3368 3368 3367 3364 3366 3365 3369 3369 3370 3366 3352 3371 3372 3372 3353 3352 3373 3374 3375 3375 3376 3373 3377 3378 3327 3327 3330 3377 3379 3380 3381 3381 3382 3379 3383 3384 3385 3385 3386 3383 3387 3388 3389 3389 3390 3387 3391 3392 3393 3393 3394 3391 3395 3396 3397 3397 3398 3395 3396 3399 3400 3400 3397 3396 3401 3402 3403 3403 3404 3401 3389 3405 3406 3406 3390 3389 3392 3407 3408 3408 3393 3392 3401 3404 3386 3386 3385 3401 3409 3410 3411 3411 3412 3409 3399 3409 3412 3412 3400 3399 3405 3413 3414 3414 3406 3405 3415 3416 3408 3408 3407 3415 3417 3411 3410 3410 3418 3417 3413 3417 3418 3418 3414 3413 3415 3419 3420 3420 3416 3415 3421 3422 3403 3403 3402 3421 3423 3424 3425 3425 3426 3423 3427 3428 3429 3429 3430 3427 3431 3432 3433 3433 3434 3431 3435 3436 3437 3437 3438 3435 3439 3440 3441 3441 3442 3439 3443 3444 3445 3445 3446 3443 3447 3448 3449 3449 3450 3447 3451 3452 3453 3453 3454 3451 3455 3456 3457 3457 3458 3455 3459 3460 3461 3461 3462 3459 3463 3464 3465 3464 3466 3465 3467 3468 3465 3468 3463 3465 3469 3470 3471 3471 3472 3469 3473 3474 3475 3475 3476 3473 3477 3478 3479 3478 3480 3479 3477 3479 3481 3482 3477 3481 3483 3484 3485 3485 3486 3483 3451 3454 3487 3487 3488 3451 3488 3487 3489 3489 3490 3488 3452 3490 3489 3489 3453 3452 3491 3492 3493 3493 3494 3491 3495 3496 3497 3497 3498 3495 3499 3500 3501 3501 3502 3499 3503 3504 3505 3505 3506 3503 3507 3508 3509 3509 3510 3507 3511 3512 3513 3513 3514 3511 3515 3516 3517 3517 3518 3515 3519 3520 3521 3521 3522 3519 3523 3524 3525 3525 3526 3523 3527 3528 3529 3529 3530 3527 3531 3532 3533 3533 3534 3531 3535 3536 3537 3537 3538 3535 3539 3540 3541 3541 3542 3539 3543 3544 3545 3545 3546 3543 3547 3548 3549 3549 3550 3547 3551 3552 3553 3553 3554 3551 3555 3556 3557 3557 3558 3555 3559 3560 3561 3561 3562 3559 3563 3564 3565 3565 3566 3563 3567 3568 3569 3569 3570 3567 3571 3572 3573 3573 3574 3571 3575 3576 3577 3577 3578 3575 3572 3579 3580 3580 3573 3572 3581 3582 3583 3583 3584 3581 3585 3586 3587 3587 3588 3585 3589 3590 3591 3591 3592 3589 3593 3594 3595 3595 3596 3593 3597 3598 3584 3584 3583 3597 3588 3599 3600 3600 3585 3588 3577 3601 3602 3602 3578 3577 3603 3604 3605 3605 3606 3603 3607 3608 3609 3609 3610 3607 3611 3612 3604 3604 3603 3611 3613 3614 3615 3615 3616 3613 3617 3618 3619 3619 3620 3617 3621 3622 3623 3623 3624 3621 3625 3626 3627 3627 3628 3625 3629 3630 3616 3616 3615 3629 3620 3631 3632 3632 3617 3620 3633 3634 3609 3609 3608 3633 3635 3636 3637 3637 3638 3635 3639 3640 3635 3635 3638 3639 3641 3642 3643 3643 3644 3641 3645 3642 3641 3641 3646 3645 3647 3648 3645 3645 3646 3647 3649 3648 3647 3647 3650 3649 3651 3652 3649 3649 3650 3651 3653 3654 3652 3652 3651 3653 3655 3656 3657 3656 3658 3657 3655 3657 3659 3655 3659 3660 3655 3660 3661 3655 3661 3662 3655 3662 3663 3664 3655 3663 3665 3666 3654 3654 3653 3665 3667 3668 3669 3668 3670 3671 3668 3671 3669 3672 3673 3669 3673 3674 3669 3674 3675 3669 3675 3676 3669 3676 3667 3669 3636 3666 3665 3665 3637 3636 3677 3678 3679 3679 3680 3677 3678 3677 3681 3681 3682 3678 3680 3679 3683 3683 3684 3680 3684 3683 3685 3685 3686 3684 3687 3688 3689 3689 3690 3687 3691 3692 3693 3693 3694 3691 3682 3681 3693 3693 3692 3682 3695 3696 3697 3697 3698 3695 3698 3699 3700 3700 3695 3698 3696 3701 3702 3702 3697 3696 3701 3703 3704 3704 3702 3701 3705 3706 3707 3707 3708 3705 3699 3709 3710 3710 3700 3699 3689 3688 3706 3706 3705 3689 3711 3712 3713 3713 3714 3711 3715 3716 3711 3711 3714 3715 3712 3717 3718 3718 3713 3712 3717 3719 3720 3720 3718 3717 3721 3722 3723 3723 3724 3721 3725 3726 3727 3727 3728 3725 3729 3728 3727 3727 3730 3729 3731 3732 3733 3733 3734 3731 3731 3735 3736 3736 3732 3731 3734 3733 3737 3737 3738 3734 3738 3737 3739 3739 3740 3738 3741 3742 3743 3743 3744 3741 3745 3746 3747 3747 3748 3745 3742 3722 3721 3721 3743 3742 3749 3750 3751 3751 3752 3749 3753 3754 3755 3755 3756 3753 3749 3757 3758 3758 3750 3749 3753 3756 3759 3759 3760 3753 3757 3761 3762 3762 3758 3757 3760 3759 3763 3763 3764 3760 3765 3764 3763 3763 3766 3765 3767 3768 3762 3762 3761 3767 3752 3751 3769 3769 3770 3752 3754 3771 3772 3772 3755 3754 3773 3774 3772 3772 3771 3773 3775 3770 3769 3769 3776 3775 3777 3778 3779 3779 3780 3777 3781 3782 3783 3783 3784 3781 3777 3780 3785 3785 3786 3777 3781 3787 3788 3788 3782 3781 3786 3785 3789 3789 3790 3786 3787 3791 3792 3792 3788 3787 3793 3794 3792 3792 3791 3793 3795 3790 3789 3789 3796 3795 3795 3796 3768 3768 3767 3795 3765 3766 3794 3794 3793 3765 3778 3797 3798 3798 3779 3778 3784 3783 3799 3799 3800 3784 3801 3800 3799 3799 3802 3801 3803 3804 3798 3798 3797 3803 3805 3775 3776 3776 3806 3805 3773 3807 3808 3808 3774 3773 3809 3810 3811 3811 3812 3809 3813 3814 3815 3815 3816 3813 3817 3818 3819 3819 3820 3817 3821 3822 3823 3823 3824 3821 3825 3826 3827 3827 3828 3825 3829 3821 3824 3824 3830 3829 3822 3831 3832 3832 3823 3822 3833 3834 3835 3835 3836 3833 3837 3838 3839 3839 3840 3837 3826 3841 3842 3842 3827 3826 3843 3844 3845 3845 3846 3843 3847 3848 3834 3834 3833 3847 3841 3843 3846 3846 3842 3841 3838 3849 3850 3850 3839 3838 3851 3852 3853 3853 3854 3851 3849 3855 3856 3856 3850 3849 3831 3854 3853 3853 3832 3831 3857 3858 3848 3848 3847 3857 3814 3859 3860 3860 3815 3814 3861 3862 3863 3863 3864 3861 3865 3866 3867 3867 3868 3865 3869 3870 3871 3871 3872 3869 3873 3874 3875 3875 3876 3873 3861 3873 3876 3876 3862 3861 3866 3877 3878 3878 3867 3866 3879 3880 3870 3870 3869 3879 3881 3882 3875 3875 3874 3881 3877 3883 3884 3884 3878 3877 3885 3886 3880 3880 3879 3885 3859 3887 3888 3888 3860 3859 3889 3882 3881 3881 3890 3889 3891 3892 3893 3893 3894 3891 3888 3887 3895 3895 3896 3888 3897 3898 3899 3899 3900 3897 3901 3902 3903 3903 3904 3901 3905 3906 3907 3907 3908 3905 3902 3896 3895 3895 3903 3902 3909 3910 3911 3911 3912 3909 3913 3901 3904 3904 3914 3913 3915 3916 3917 3917 3918 3915 3919 3889 3890 3890 3920 3919 3921 3922 3923 3923 3924 3921 3925 3926 3927 3927 3928 3925 3929 3930 3931 3931 3932 3929 3844 3927 3926 3926 3845 3844 3933 3934 3935 3935 3936 3933 3937 3938 3939 3939 3940 3937 3941 3942 3943 3943 3944 3941 3938 3852 3851 3851 3939 3938 3945 3946 3929 3929 3932 3945 3947 3937 3940 3940 3948 3947 3949 3950 3951 3951 3952 3949 3953 3925 3928 3928 3954 3953 3955 3956 3957 3957 3958 3955 3959 3960 3961 3961 3962 3959 3961 3960 3821 3821 3829 3961 3963 3947 3948 3948 3964 3963 3964 3948 3826 3826 3825 3964 3953 3954 3960 3960 3959 3953 3943 3965 3966 3966 3944 3943 3967 3919 3920 3920 3968 3967 3969 3970 3971 3971 3972 3969 3973 3974 3975 3975 3976 3973 3977 3978 3975 3975 3974 3977 3979 3980 3981 3981 3982 3979 3980 3978 3977 3977 3981 3980 3983 3979 3982 3982 3984 3983 3985 3973 3976 3976 3986 3985 3987 3985 3986 3986 3988 3987 3989 3990 3991 3991 3992 3989 3957 3993 3994 3994 3958 3957 3995 3996 3997 3997 3998 3995 3935 3934 3990 3990 3989 3935 3993 3950 3949 3949 3994 3993 3999 4000 4001 4001 4002 3999 3952 3951 3942 3942 3941 3952 3991 4003 4004 4004 3992 3991 3930 3933 3936 3936 3931 3930 4005 4006 4007 4007 4008 4005 4007 4006 4009 4009 4010 4007 4011 4012 4013 4013 4014 4011 4012 4010 4009 4009 4013 4012 4015 4011 4014 4014 4016 4015 4017 4005 4008 4008 4018 4017 4019 4017 4018 4018 4020 4019 4021 4022 4023 4023 4024 4021 4025 4026 4027 4027 4028 4025 4029 4030 4031 4031 4032 4029 4022 3922 3921 3921 4023 4022 3912 3911 3906 3906 3905 3912 3917 3916 3910 3910 3909 3917 4026 4021 4024 4024 4027 4026 3924 3923 3892 3892 3891 3924 4030 3915 3918 3918 4031 4030 4033 3964 3825 3825 4034 4033 4035 3963 3964 3964 4033 4035 4036 4037 4038 4038 4039 4036 4040 4041 4037 4037 4036 4040 4039 4038 4042 4042 4043 4039 4034 3825 3828 3828 4044 4034 4045 4046 4047 4047 4048 4045 4049 4050 4051 4051 4052 4049 4053 4054 4055 4055 4056 4053 3968 4057 4058 4058 3967 3968 3914 4059 4060 4060 3913 3914 4061 4062 3864 3864 3863 4061 3864 4062 4059 4059 3914 3864 3816 4063 4064 4064 3813 3816 3813 4064 4057 4057 3968 3813 4065 4066 4067 4067 4068 4065 4069 4070 4071 4071 4072 4069 4073 4074 4075 4075 4076 4073 4077 4078 4079 4079 4080 4077 4081 4082 4083 4083 4084 4081 4085 4086 4087 4087 4088 4085 4089 4090 4091 4091 4092 4089 4093 4094 4095 4095 4096 4093 4097 4098 4099 4099 4100 4097 4101 4102 4103 4103 4104 4101 4105 4106 4107 4107 4108 4105 4109 4110 4111 4111 4112 4109 4113 4114 4115 4115 4116 4113 4117 4118 4119 4119 4120 4117 4121 4122 4123 4123 4124 4121 4125 4126 4127 4127 4128 4125 4129 4130 4131 4131 4132 4129 4133 4134 4135 4135 4136 4133 4137 4138 4139 4139 4140 4137 4141 4142 4143 4143 4144 4141 4145 4146 4147 4147 4148 4145 4149 4150 4151 4151 4152 4149 4153 4154 4155 4155 4156 4153 4157 4158 4159 4159 4160 4157 4161 4162 4163 4163 4164 4161 4165 4166 4167 4167 4168 4165 4166 4169 4170 4170 4167 4166 4171 4172 4173 4173 4174 4171 4175 4176 4177 4177 4178 4175 4179 4180 4181 4181 4182 4179 4178 4177 4183 4183 4184 4178 4185 4186 4187 4187 4188 4185 4189 4190 4191 4191 4192 4189 4193 4194 4057 4057 4064 4193 4195 4193 4064 4064 4063 4195 4062 4196 4197 4197 4059 4062 4198 4196 4062 4062 4061 4198 4059 4197 4199 4199 4060 4059 4057 4194 4200 4200 4058 4057 4174 4173 4201 4201 4202 4174 4203 4204 4205 4205 4206 4203 4207 4208 4172 4172 4171 4207 4209 4210 4211 4211 4212 4209 4213 4214 4215 4215 4216 4213 4217 4218 4219 4219 4220 4217 4219 4214 4213 4213 4220 4219 4221 4222 4223 4223 4224 4221 4224 4223 4210 4210 4209 4224 4169 4225 4226 4226 4170 4169 4068 4226 4225 4225 4065 4068 4208 4207 4048 4048 4047 4208 4227 4180 4179 4179 4228 4227 4229 4176 4175 4175 4230 4229 4231 4227 4228 4228 4232 4231 4233 4189 4192 4192 4234 4233 4205 4204 4186 4186 4185 4205 4191 4190 4235 4235 4236 4191 4237 4238 4239 4239 4240 4237 4241 4242 4243 4243 4244 4241 4245 4246 4247 4246 4248 4249 4246 4249 4247 4250 4245 4247 4251 4252 4253 4253 4254 4251 4255 4256 4257 4256 4258 4259 4256 4259 4260 4256 4260 4257 4261 4262 4263 4263 4264 4261 4265 4266 4267 4267 4268 4265 4269 4270 4271 4271 4272 4269 4273 4274 4275 4275 4276 4273 4277 4278 4279 4279 4280 4277 4281 4282 4283 4283 4284 4281 4285 4286 4287 4287 4288 4285 4289 4290 4291 4291 4292 4289 4293 4294 4295 4295 4296 4293 4297 4298 4299 4299 4300 4297 4301 4302 4303 4303 4304 4301 4301 4304 4305 4305 4306 4301 4302 4307 4308 4308 4303 4302 4309 4310 4311 4311 4312 4309 4298 4297 4313 4313 4314 4298 4315 4316 4317 4317 4318 4315 4317 4319 4320 4320 4318 4317 4321 4322 4323 4323 4324 4321 4311 4325 4326 4326 4312 4311 4327 4328 4314 4314 4313 4327 4307 4324 4323 4323 4308 4307 4329 4330 4331 4331 4332 4329 4319 4329 4332 4332 4320 4319 4325 4333 4334 4334 4326 4325 4327 4335 4336 4336 4328 4327 4337 4331 4330 4330 4338 4337 4333 4337 4338 4338 4334 4333 4335 4339 4340 4340 4336 4335 4341 4342 4322 4322 4321 4341 4343 4344 4345 4345 4346 4343 4299 4347 4348 4348 4300 4299 4349 4350 4351 4351 4352 4349 4353 4354 4355 4355 4356 4353 4357 4358 4359 4359 4360 4357 4361 4362 4363 4363 4364 4361 4365 4366 4367 4367 4368 4365 4366 4365 4369 4369 4370 4366 4371 4372 4373 4373 4374 4371 4359 4358 4375 4375 4376 4359 4362 4361 4377 4377 4378 4362 4354 4372 4371 4371 4355 4354 4379 4380 4381 4381 4382 4379 4370 4369 4380 4380 4379 4370 4376 4375 4383 4383 4384 4376 4377 4385 4386 4386 4378 4377 4387 4388 4382 4382 4381 4387 4384 4383 4388 4388 4387 4384 4386 4385 4389 4389 4390 4386 4373 4391 4392 4392 4374 4373 4393 4394 4395 4395 4396 4393 4397 4398 4399 4399 4400 4397 4401 4402 4403 4403 4404 4401 4405 4406 4407 4407 4408 4405 4409 4410 4411 4411 4412 4409 4413 4414 4415 4415 4416 4413 4417 4418 4419 4419 4420 4417 4421 4422 4423 4423 4424 4421 4425 4426 4427 4427 4428 4425 4429 4430 4431 4431 4432 4429 4433 4434 4435 4434 4436 4435 4436 4437 4435 4438 4433 4435 4439 4440 4441 4441 4442 4439 4443 4444 4445 4445 4446 4443 4447 4448 4449 4448 4450 4449 4450 4451 4449 4452 4447 4449 4453 4454 4455 4455 4456 4453 4457 4422 4421 4421 4458 4457 4459 4457 4458 4458 4460 4459 4424 4423 4459 4459 4460 4424 4461 4462 4463 4463 4464 4461 4465 4466 4467 4467 4468 4465 4469 4470 4471 4471 4472 4469 4473 4474 4475 4475 4476 4473 4477 4478 4479 4479 4480 4477 4481 4482 4483 4483 4484 4481 4485 4486 4487 4487 4488 4485 4489 4490 4491 4491 4492 4489 4493 4494 4495 4495 4496 4493 4497 4498 4499 4499 4500 4497 4501 4502 4503 4503 4504 4501 4505 4506 4507 4507 4508 4505 4509 4510 4511 4511 4512 4509 4513 4514 4515 4515 4516 4513 4517 4518 4519 4519 4520 4517 4521 4522 4523 4523 4524 4521 4525 4526 4527 4527 4528 4525 4529 4530 4531 4531 4532 4529 4533 4534 4535 4535 4536 4533 4537 4538 4539 4539 4540 4537 4541 4542 4543 4543 4544 4541 4545 4546 4547 4547 4548 4545 4549 4550 4548 4548 4551 4549 4547 4541 4551 4551 4548 4547 4552 4553 4546 4546 4554 4552 4547 4555 4542 4542 4541 4547 4556 4554 4546 4546 4545 4556 4553 4552 4557 4557 4558 4553 4559 4542 4555 4555 4560 4559 4555 4553 4558 4558 4560 4555 4561 4543 4542 4542 4559 4561 4562 4563 4564 4564 4565 4562 4545 4566 4567 4567 4556 4545 4568 4569 4570 4570 4571 4568 4572 4549 4551 4551 4573 4572 4548 4550 4566 4566 4545 4548 4574 4566 4550 4550 4575 4574 4550 4549 4576 4576 4575 4550 4577 4567 4566 4566 4574 4577 4578 4579 4580 4580 4581 4578 4582 4583 4584 4584 4563 4582 4582 4563 4562 4562 4585 4582 4578 4586 4560 4560 4558 4578 4568 4587 4588 4588 4589 4568 4590 4587 4568 4568 4571 4590 4569 4583 4582 4582 4570 4569 4570 4582 4585 4585 4591 4570 4592 4571 4570 4570 4591 4592 4593 4583 4569 4569 4594 4593 4569 4568 4589 4589 4594 4569 4595 4584 4583 4583 4593 4595 4573 4544 4596 4596 4597 4573 4559 4598 4599 4599 4561 4559 4600 4601 4602 4602 4564 4600 4579 4578 4558 4558 4557 4579 4560 4586 4598 4598 4559 4560 4603 4598 4586 4586 4604 4603 4586 4578 4581 4581 4604 4586 4605 4599 4598 4598 4603 4605 4606 4607 4608 4608 4609 4606 4610 4596 4544 4544 4543 4610 4610 4543 4561 4561 4611 4610 4612 4613 4614 4614 4615 4612 4557 4552 4615 4615 4616 4557 4584 4600 4564 4564 4563 4584 4617 4596 4610 4610 4618 4617 4618 4610 4611 4611 4619 4618 4565 4564 4602 4602 4620 4565 4600 4584 4595 4595 4621 4600 4588 4587 4622 4622 4623 4588 4601 4600 4621 4621 4624 4601 4597 4596 4617 4617 4625 4597 4622 4587 4590 4590 4626 4622 4626 4590 4627 4627 4628 4626 4629 4630 4624 4624 4621 4629 4627 4590 4571 4571 4592 4627 4612 4615 4552 4552 4554 4612 4613 4622 4626 4626 4614 4613 4614 4626 4628 4628 4631 4614 4616 4615 4614 4614 4631 4616 4612 4554 4556 4556 4632 4612 4549 4572 4633 4633 4576 4549 4613 4612 4632 4632 4634 4613 4623 4622 4613 4613 4634 4623 4635 4636 4637 4637 4638 4635 4639 4640 4641 4641 4642 4639 4643 4644 4645 4645 4646 4643 4647 4648 4607 4607 4606 4647 4649 4650 4651 4651 4652 4649 4653 4654 4636 4636 4635 4653 4640 4599 4605 4605 4641 4640 4580 4579 4655 4655 4656 4580 4597 4657 4572 4572 4573 4597 4658 4659 4591 4591 4585 4658 4660 4629 4621 4621 4595 4660 4625 4661 4657 4657 4597 4625 4629 4660 4662 4662 4663 4629 4664 4665 4666 4666 4667 4664 4630 4629 4663 4663 4668 4630 4669 4657 4661 4661 4670 4669 4592 4671 4672 4672 4627 4592 4640 4639 4619 4619 4611 4640 4609 4658 4585 4585 4562 4609 4591 4659 4671 4671 4592 4591 4658 4609 4608 4608 4673 4658 4674 4665 4664 4664 4675 4674 4659 4658 4673 4673 4676 4659 4677 4671 4659 4659 4676 4677 4565 4606 4609 4609 4562 4565 4678 4679 4634 4634 4632 4678 4599 4640 4611 4611 4561 4599 4620 4647 4606 4606 4565 4620 4623 4666 4665 4665 4588 4623 4674 4680 4594 4594 4589 4674 4567 4678 4632 4632 4556 4567 4634 4679 4666 4666 4623 4634 4678 4567 4577 4577 4681 4678 4679 4678 4681 4681 4682 4679 4667 4666 4679 4679 4682 4667 4593 4683 4660 4660 4595 4593 4684 4685 4631 4631 4628 4684 4665 4674 4589 4589 4588 4665 4594 4680 4683 4683 4593 4594 4686 4683 4680 4680 4687 4686 4680 4674 4675 4675 4687 4680 4662 4660 4683 4683 4686 4662 4633 4572 4657 4657 4669 4633 4616 4655 4579 4579 4557 4616 4541 4544 4573 4573 4551 4541 4672 4684 4628 4628 4627 4672 4631 4685 4655 4655 4616 4631 4684 4672 4688 4688 4689 4684 4688 4672 4671 4671 4677 4688 4685 4684 4689 4689 4690 4685 4656 4655 4685 4685 4690 4656 4691 4692 4693 4693 4694 4691 4695 4638 4637 4637 4696 4695 4697 4698 4699 4699 4700 4697 4701 4702 4703 4703 4704 4701 4705 4706 4707 4707 4708 4705 4709 4710 4692 4692 4691 4709 4711 4712 4702 4702 4701 4711 4713 4714 4715 4715 4716 4713 4717 4718 4719 4719 4720 4717 4716 4715 4721 4721 4722 4716 4723 4724 4725 4725 4726 4723 4727 4728 4729 4729 4730 4727 4731 4732 4733 4733 4734 4731 4735 4736 4737 4737 4738 4735 4724 4739 4740 4740 4725 4724 4741 4742 4743 4743 4744 4741 4745 4735 4738 4738 4746 4745 4730 4729 4747 4747 4748 4730 4749 4750 4751 4751 4752 4749 4753 4754 4755 4755 4756 4753 4703 4643 4646 4646 4704 4703 4645 4644 4750 4750 4749 4645 4757 4758 4649 4649 4652 4757 4711 4695 4696 4696 4712 4711 4751 4753 4756 4756 4752 4751 4755 4754 4758 4758 4757 4755 4759 4760 4761 4761 4762 4759 4763 4764 4765 4765 4766 4763 4764 4722 4721 4721 4765 4764 4765 4767 4768 4768 4766 4765 4769 4770 4763 4763 4766 4769 4721 4771 4767 4767 4765 4721 4772 4773 4770 4770 4769 4772 4774 4775 4776 4776 4777 4774 4768 4778 4769 4769 4766 4768 4778 4779 4772 4772 4769 4778 4780 4781 4782 4782 4783 4780 4784 4785 4786 4786 4787 4784 4788 4785 4784 4784 4789 4788 4790 4791 4792 4792 4793 4790 4783 4794 4795 4795 4780 4783 4780 4796 4797 4797 4781 4780 4795 4798 4796 4796 4780 4795 4797 4799 4787 4787 4781 4797 4799 4800 4784 4784 4787 4799 4801 4802 4705 4705 4708 4801 4803 4804 4805 4805 4806 4803 4807 4697 4700 4700 4808 4807 4809 4810 4802 4802 4801 4809 4811 4812 4813 4813 4814 4811 4815 4816 4817 4817 4818 4815 4814 4813 4717 4717 4720 4814 4819 4820 4821 4821 4822 4819 4823 4824 4825 4825 4826 4823 4827 4744 4743 4743 4828 4827 4829 4824 4823 4823 4830 4829 4831 4832 4820 4820 4819 4831 4760 4832 4831 4831 4761 4760 4747 4829 4830 4830 4748 4747 4826 4825 4833 4833 4834 4826 4835 4836 4837 4837 4838 4835 4839 4840 4841 4841 4842 4839 4835 4838 4742 4742 4741 4835 4843 4840 4839 4839 4844 4843 4836 4822 4821 4821 4837 4836 4833 4843 4844 4844 4834 4833 4842 4841 4845 4845 4846 4842 4847 4848 4740 4740 4739 4847 4849 4850 4851 4851 4852 4849 4734 4733 4759 4759 4762 4734 4853 4850 4849 4849 4854 4853 4855 4856 4848 4848 4847 4855 4855 4827 4828 4828 4856 4855 4845 4853 4854 4854 4846 4845 4852 4851 4745 4745 4746 4852 4857 4858 4859 4859 4860 4857 4861 4862 4863 4863 4864 4861 4693 4803 4806 4806 4694 4693 4805 4804 4858 4858 4857 4805 4816 4812 4811 4811 4817 4816 4865 4866 4807 4807 4808 4865 4859 4861 4864 4864 4860 4859 4863 4862 4866 4866 4865 4863 4867 4868 4815 4815 4818 4867 4777 4773 4772 4772 4774 4777 4718 4714 4713 4713 4719 4718 4782 4781 4787 4787 4786 4782 4869 4870 4871 4871 4872 4869 4872 4871 4873 4873 4874 4872 4870 4875 4876 4876 4871 4870 4871 4876 4877 4877 4873 4871 4869 4872 4878 4878 4879 4869 4879 4878 4778 4778 4768 4879 4872 4874 4880 4880 4878 4872 4878 4880 4779 4779 4778 4878 4869 4879 4881 4881 4882 4869 4882 4881 4883 4883 4884 4882 4879 4768 4767 4767 4881 4879 4881 4767 4771 4771 4883 4881 4869 4882 4885 4885 4870 4869 4870 4885 4886 4886 4875 4870 4882 4884 4887 4887 4885 4882 4885 4887 4888 4888 4886 4885 4889 4890 4891 4891 4892 4889 4892 4891 4799 4799 4797 4892 4890 4893 4894 4894 4891 4890 4891 4894 4800 4800 4799 4891 4889 4892 4895 4895 4896 4889 4896 4895 4897 4897 4898 4896 4892 4797 4796 4796 4895 4892 4895 4796 4798 4798 4897 4895 4889 4896 4899 4899 4900 4889 4900 4899 4901 4901 4902 4900 4896 4898 4903 4903 4899 4896 4899 4903 4904 4904 4901 4899 4889 4900 4905 4905 4890 4889 4890 4905 4906 4906 4893 4890 4900 4902 4907 4907 4905 4900 4905 4907 4908 4908 4906 4905 4774 4880 4874 4874 4775 4774 4776 4775 4868 4868 4867 4776 4772 4779 4880 4880 4774 4772 4874 4873 4868 4868 4775 4874 4873 4877 4815 4815 4868 4873 4790 4788 4789 4789 4791 4790 4909 4910 4793 4793 4792 4909 4911 4910 4909 4909 4912 4911 4913 4914 4915 4915 4916 4913 4789 4894 4893 4893 4791 4789 4784 4800 4894 4894 4789 4784 4893 4906 4792 4792 4791 4893 4906 4908 4909 4909 4792 4906 4718 4887 4884 4884 4714 4718 4717 4888 4887 4887 4718 4717 4884 4883 4715 4715 4714 4884 4883 4771 4721 4721 4715 4883 4816 4876 4875 4875 4812 4816 4815 4877 4876 4876 4816 4815 4875 4886 4813 4813 4812 4875 4886 4888 4717 4717 4813 4886 4913 4911 4912 4912 4914 4913 4917 4918 4916 4916 4915 4917 4919 4918 4917 4917 4920 4919 4921 4922 4923 4923 4924 4921 4912 4907 4902 4902 4914 4912 4909 4908 4907 4907 4912 4909 4902 4901 4915 4915 4914 4902 4901 4904 4917 4917 4915 4901 4921 4919 4920 4920 4922 4921 4924 4923 4795 4795 4794 4924 4920 4903 4898 4898 4922 4920 4917 4904 4903 4903 4920 4917 4898 4897 4923 4923 4922 4898 4897 4798 4795 4795 4923 4897 4546 4553 4555 4555 4547 4546 4706 4710 4709 4709 4707 4706 4650 4925 4926 4926 4651 4650 4927 4928 4929 4929 4930 4927 4931 4932 4933 4933 4934 4931 4935 4936 4934 4934 4937 4935 4933 4927 4937 4937 4934 4933 4938 4939 4932 4932 4940 4938 4933 4941 4928 4928 4927 4933 4942 4940 4932 4932 4931 4942 4939 4938 4943 4943 4944 4939 4945 4928 4941 4941 4946 4945 4941 4939 4944 4944 4946 4941 4947 4929 4928 4928 4945 4947 4948 4949 4950 4950 4951 4948 4931 4952 4953 4953 4942 4931 4954 4955 4956 4956 4957 4954 4958 4935 4937 4937 4959 4958 4934 4936 4952 4952 4931 4934 4960 4952 4936 4936 4961 4960 4936 4935 4962 4962 4961 4936 4963 4953 4952 4952 4960 4963 4964 4965 4966 4966 4967 4964 4968 4969 4970 4970 4949 4968 4968 4949 4948 4948 4971 4968 4964 4972 4946 4946 4944 4964 4954 4973 4974 4974 4975 4954 4976 4973 4954 4954 4957 4976 4955 4969 4968 4968 4956 4955 4956 4968 4971 4971 4977 4956 4978 4957 4956 4956 4977 4978 4979 4969 4955 4955 4980 4979 4955 4954 4975 4975 4980 4955 4981 4970 4969 4969 4979 4981 4959 4930 4982 4982 4983 4959 4945 4984 4985 4985 4947 4945 4986 4987 4988 4988 4950 4986 4965 4964 4944 4944 4943 4965 4946 4972 4984 4984 4945 4946 4989 4984 4972 4972 4990 4989 4972 4964 4967 4967 4990 4972 4991 4985 4984 4984 4989 4991 4992 4993 4994 4994 4995 4992 4996 4982 4930 4930 4929 4996 4996 4929 4947 4947 4997 4996 4998 4999 5000 5000 5001 4998 4943 4938 5001 5001 5002 4943 4970 4986 4950 4950 4949 4970 5003 5004 4982 4982 4996 5003 5003 4996 4997 4997 5005 5003 4951 4950 4988 4988 5006 4951 4986 4970 4981 4981 5007 4986 4974 4973 5008 5008 5009 4974 4987 4986 5007 5007 5010 4987 4983 4982 5004 5004 5011 4983 5008 4973 4976 4976 5012 5008 5012 4976 5013 5013 5014 5012 5015 5016 5010 5010 5007 5015 5013 4976 4957 4957 4978 5013 4998 5001 4938 4938 4940 4998 5000 4999 5008 5008 5012 5000 5000 5012 5014 5014 5017 5000 5002 5001 5000 5000 5017 5002 4998 4940 4942 4942 5018 4998 4935 4958 5019 5019 4962 4935 4999 4998 5018 5018 5020 4999 5009 5008 4999 4999 5020 5009 5021 5022 5023 5023 5024 5021 5025 5026 5027 5027 5028 5025 5029 5030 5031 5031 5032 5029 5033 5034 4993 4993 4992 5033 5035 5036 5037 5037 5038 5035 5039 5040 5022 5022 5021 5039 5026 4985 4991 4991 5027 5026 4966 4965 5041 5041 5042 4966 4983 5043 4958 4958 4959 4983 5044 5045 4977 4977 4971 5044 5046 5015 5007 5007 4981 5046 5011 5047 5043 5043 4983 5011 5015 5046 5048 5048 5049 5015 5050 5051 5052 5052 5053 5050 5016 5015 5049 5049 5054 5016 5055 5043 5047 5047 5056 5055 4978 5057 5058 5058 5013 4978 5026 5025 5005 5005 4997 5026 4995 5044 4971 4971 4948 4995 4977 5045 5057 5057 4978 4977 5044 4995 4994 4994 5059 5044 5060 5051 5050 5050 5061 5060 5045 5044 5059 5059 5062 5045 5063 5057 5045 5045 5062 5063 4951 4992 4995 4995 4948 4951 5064 5065 5020 5020 5018 5064 4985 5026 4997 4997 4947 4985 5006 5033 4992 4992 4951 5006 5009 5052 5051 5051 4974 5009 5060 5066 4980 4980 4975 5060 4953 5064 5018 5018 4942 4953 5020 5065 5052 5052 5009 5020 5064 4953 4963 4963 5067 5064 5065 5064 5067 5067 5068 5065 5053 5052 5065 5065 5068 5053 4979 5069 5046 5046 4981 4979 5070 5071 5017 5017 5014 5070 5051 5060 4975 4975 4974 5051 4980 5066 5069 5069 4979 4980 5072 5069 5066 5066 5073 5072 5066 5060 5061 5061 5073 5066 5048 5046 5069 5069 5072 5048 5019 4958 5043 5043 5055 5019 5002 5041 4965 4965 4943 5002 4927 4930 4959 4959 4937 4927 5058 5070 5014 5014 5013 5058 5017 5071 5041 5041 5002 5017 5070 5058 5074 5074 5075 5070 5074 5058 5057 5057 5063 5074 5071 5070 5075 5075 5076 5071 5042 5041 5071 5071 5076 5042 5077 5078 5079 5079 5080 5077 5081 5024 5023 5023 5082 5081 5083 5084 5085 5085 5086 5083 5087 5088 5089 5089 5090 5087 5091 5092 5093 5093 5094 5091 5095 5096 5078 5078 5077 5095 5097 5098 5088 5088 5087 5097 5099 5100 5101 5101 5102 5099 5103 5104 5105 5105 5106 5103 5102 5101 5107 5107 5108 5102 5109 5110 5111 5111 5112 5109 5113 5114 5115 5115 5116 5113 5117 5118 5119 5119 5120 5117 5121 5122 5123 5123 5124 5121 5110 5125 5126 5126 5111 5110 5127 5128 5129 5129 5130 5127 5131 5121 5124 5124 5132 5131 5116 5115 5133 5133 5134 5116 5135 5136 5137 5137 5138 5135 5139 5140 5141 5141 5142 5139 5089 5029 5032 5032 5090 5089 5031 5030 5136 5136 5135 5031 5143 5144 5035 5035 5038 5143 5097 5081 5082 5082 5098 5097 5137 5139 5142 5142 5138 5137 5141 5140 5144 5144 5143 5141 5145 5146 5147 5147 5148 5145 5149 5150 5151 5151 5152 5149 5150 5108 5107 5107 5151 5150 5151 5153 5154 5154 5152 5151 5155 5156 5149 5149 5152 5155 5107 5157 5153 5153 5151 5107 5158 5159 5156 5156 5155 5158 5160 5161 5162 5162 5163 5160 5154 5164 5155 5155 5152 5154 5164 5165 5158 5158 5155 5164 5166 5167 5168 5168 5169 5166 5170 5171 5172 5172 5173 5170 5174 5171 5170 5170 5175 5174 5176 5177 5178 5178 5179 5176 5169 5180 5181 5181 5166 5169 5166 5182 5183 5183 5167 5166 5181 5184 5182 5182 5166 5181 5183 5185 5173 5173 5167 5183 5185 5186 5170 5170 5173 5185 5187 5188 5091 5091 5094 5187 5189 5190 5191 5191 5192 5189 5193 5083 5086 5086 5194 5193 5195 5196 5188 5188 5187 5195 5197 5198 5199 5199 5200 5197 5201 5202 5203 5203 5204 5201 5200 5199 5103 5103 5106 5200 5205 5206 5207 5207 5208 5205 5209 5210 5211 5211 5212 5209 5213 5130 5129 5129 5214 5213 5215 5210 5209 5209 5216 5215 5217 5218 5206 5206 5205 5217 5146 5218 5217 5217 5147 5146 5133 5215 5216 5216 5134 5133 5212 5211 5219 5219 5220 5212 5221 5222 5223 5223 5224 5221 5225 5226 5227 5227 5228 5225 5221 5224 5128 5128 5127 5221 5229 5226 5225 5225 5230 5229 5222 5208 5207 5207 5223 5222 5219 5229 5230 5230 5220 5219 5228 5227 5231 5231 5232 5228 5233 5234 5126 5126 5125 5233 5235 5236 5237 5237 5238 5235 5120 5119 5145 5145 5148 5120 5239 5236 5235 5235 5240 5239 5241 5242 5234 5234 5233 5241 5241 5213 5214 5214 5242 5241 5231 5239 5240 5240 5232 5231 5238 5237 5131 5131 5132 5238 5243 5244 5245 5245 5246 5243 5247 5248 5249 5249 5250 5247 5079 5189 5192 5192 5080 5079 5191 5190 5244 5244 5243 5191 5202 5198 5197 5197 5203 5202 5251 5252 5193 5193 5194 5251 5245 5247 5250 5250 5246 5245 5249 5248 5252 5252 5251 5249 5253 5254 5201 5201 5204 5253 5163 5159 5158 5158 5160 5163 5104 5100 5099 5099 5105 5104 5168 5167 5173 5173 5172 5168 5255 5256 5257 5257 5258 5255 5258 5257 5259 5259 5260 5258 5256 5261 5262 5262 5257 5256 5257 5262 5263 5263 5259 5257 5255 5258 5264 5264 5265 5255 5265 5264 5164 5164 5154 5265 5258 5260 5266 5266 5264 5258 5264 5266 5165 5165 5164 5264 5255 5265 5267 5267 5268 5255 5268 5267 5269 5269 5270 5268 5265 5154 5153 5153 5267 5265 5267 5153 5157 5157 5269 5267 5255 5268 5271 5271 5256 5255 5256 5271 5272 5272 5261 5256 5268 5270 5273 5273 5271 5268 5271 5273 5274 5274 5272 5271 5275 5276 5277 5277 5278 5275 5278 5277 5185 5185 5183 5278 5276 5279 5280 5280 5277 5276 5277 5280 5186 5186 5185 5277 5275 5278 5281 5281 5282 5275 5282 5281 5283 5283 5284 5282 5278 5183 5182 5182 5281 5278 5281 5182 5184 5184 5283 5281 5275 5282 5285 5285 5286 5275 5286 5285 5287 5287 5288 5286 5282 5284 5289 5289 5285 5282 5285 5289 5290 5290 5287 5285 5275 5286 5291 5291 5276 5275 5276 5291 5292 5292 5279 5276 5286 5288 5293 5293 5291 5286 5291 5293 5294 5294 5292 5291 5160 5266 5260 5260 5161 5160 5162 5161 5254 5254 5253 5162 5158 5165 5266 5266 5160 5158 5260 5259 5254 5254 5161 5260 5259 5263 5201 5201 5254 5259 5176 5174 5175 5175 5177 5176 5295 5296 5179 5179 5178 5295 5297 5296 5295 5295 5298 5297 5299 5300 5301 5301 5302 5299 5175 5280 5279 5279 5177 5175 5170 5186 5280 5280 5175 5170 5279 5292 5178 5178 5177 5279 5292 5294 5295 5295 5178 5292 5104 5273 5270 5270 5100 5104 5103 5274 5273 5273 5104 5103 5270 5269 5101 5101 5100 5270 5269 5157 5107 5107 5101 5269 5202 5262 5261 5261 5198 5202 5201 5263 5262 5262 5202 5201 5261 5272 5199 5199 5198 5261 5272 5274 5103 5103 5199 5272 5299 5297 5298 5298 5300 5299 5303 5304 5302 5302 5301 5303 5305 5304 5303 5303 5306 5305 5307 5308 5309 5309 5310 5307 5298 5293 5288 5288 5300 5298 5295 5294 5293 5293 5298 5295 5288 5287 5301 5301 5300 5288 5287 5290 5303 5303 5301 5287 5307 5305 5306 5306 5308 5307 5310 5309 5181 5181 5180 5310 5306 5289 5284 5284 5308 5306 5303 5290 5289 5289 5306 5303 5284 5283 5309 5309 5308 5284 5283 5184 5181 5181 5309 5283 4932 4939 4941 4941 4933 4932 5092 5096 5095 5095 5093 5092 5036 5311 5312 5312 5037 5036 5313 5314 5315 5315 5316 5313 5317 5318 5319 5319 5320 5317 5321 5322 5323 5323 5324 5321 5325 5326 5327 5327 5328 5325 5329 5330 5331 5331 5332 5329 5333 5334 5335 5335 5336 5333 5337 5338 5339 5339 5340 5337 5341 5342 5343 5343 5344 5341 5345 5317 5320 5320 5346 5345 5319 5318 5347 5347 5348 5319 5334 5349 5350 5350 5335 5334 5324 5351 5352 5352 5321 5324 5332 5353 5354 5354 5329 5332 5328 5327 5355 5355 5356 5328 5344 5343 5357 5357 5358 5344 5316 5359 5360 5360 5313 5316 5338 5337 5361 5361 5362 5338 5362 5361 5363 5363 5364 5362 5353 5365 5366 5366 5354 5353 5355 5367 5368 5368 5356 5355 5360 5359 5369 5369 5370 5360 5358 5357 5371 5371 5372 5358 5349 5373 5374 5374 5350 5349 5351 5375 5376 5376 5352 5351 5377 5378 5379 5379 5380 5377 5381 5382 5383 5383 5384 5381 5385 5386 5387 5387 5388 5385 5381 5386 5385 5385 5382 5381 5389 5390 5377 5377 5380 5389 5391 5392 5393 5393 5394 5391 5395 5396 5397 5397 5398 5395 5399 5400 5401 5401 5402 5399 5401 5400 5403 5403 5404 5401 5405 5406 5396 5396 5395 5405 5407 5408 5409 5409 5410 5407 5399 5402 5411 5411 5412 5399 5390 5389 5413 5413 5414 5390 5398 5397 5415 5415 5416 5398 5417 5418 5419 5419 5420 5417 5421 5422 5423 5423 5424 5421 5425 5426 5422 5422 5421 5425 5427 5428 5429 5429 5430 5427 5431 5432 5433 5433 5434 5431 5435 5436 5417 5417 5420 5435 5437 5438 5439 5439 5440 5437 5441 5433 5432 5432 5442 5441 5424 5423 5443 5443 5444 5424 5445 5446 5447 5447 5448 5445 5430 5447 5446 5446 5427 5430 5442 5429 5428 5428 5441 5442 5440 5439 5426 5426 5425 5440 5449 5450 5451 5451 5452 5449 5451 5453 5454 5454 5452 5451 5436 5435 5455 5455 5456 5436 5434 5419 5418 5418 5431 5434 5457 5458 5459 5459 5460 5457 5459 5461 5462 5462 5460 5459 5463 5464 5465 5465 5425 5463 5465 5466 5440 5440 5425 5465 5446 5467 5468 5468 5427 5446 5468 5469 5470 5470 5427 5468 5471 5454 5453 5453 5472 5471 5471 5472 5464 5464 5463 5471 5437 5440 5466 5466 5473 5437 5445 5474 5467 5467 5446 5445 5475 5470 5469 5469 5476 5475 5475 5476 5458 5458 5457 5475 5477 5462 5461 5461 5478 5477 5477 5478 5450 5450 5449 5477 5479 5480 5481 5481 5482 5479 5481 5483 5484 5484 5482 5481 5485 5486 5487 5487 5488 5485 5487 5489 5490 5490 5488 5487 5491 5492 5493 5493 5494 5491 5493 5495 5496 5496 5494 5493 5497 5498 5499 5499 5500 5497 5499 5501 5502 5502 5500 5499 5503 5496 5495 5495 5504 5503 5503 5504 5480 5480 5479 5503 5505 5502 5501 5501 5506 5505 5507 5508 5492 5492 5491 5507 5509 5490 5489 5489 5510 5509 5509 5510 5498 5498 5497 5509 5511 5484 5483 5483 5512 5511 5511 5512 5486 5486 5485 5511 5513 5514 5515 5514 5516 5517 5516 5518 5519 5516 5519 5520 5516 5520 5517 5514 5517 5521 5514 5521 5522 5514 5522 5523 5514 5523 5524 5514 5524 5525 5514 5525 5515 5526 5527 5515 5527 5528 5515 5528 5513 5515 5529 5530 5531 5530 5532 5533 5532 5534 5535 5532 5535 5536 5532 5536 5533 5530 5533 5531 5537 5531 5538 5537 5538 5539 5537 5539 5540 5541 5537 5540 5537 5542 5531 5542 5543 5531 5543 5544 5531 5544 5529 5531 5456 5455 5444 5444 5443 5456 5545 5546 5547 5547 5548 5545 5549 5550 5551 5551 5552 5549 5553 5551 5550 5550 5554 5553 5555 5556 5557 5557 5558 5555 5559 5560 5561 5561 5562 5559 5545 5563 5564 5564 5546 5545 5565 5566 5567 5567 5568 5565 5569 5561 5560 5560 5570 5569 5571 5572 5573 5573 5574 5571 5565 5575 5576 5576 5566 5565 5557 5576 5575 5575 5558 5557 5569 5570 5556 5556 5555 5569 5568 5567 5553 5553 5554 5568 5577 5578 5579 5579 5580 5577 5579 5581 5582 5582 5580 5579 5563 5583 5584 5584 5564 5563 5548 5547 5559 5559 5562 5548 5585 5586 5587 5587 5588 5585 5587 5589 5590 5590 5588 5587 5591 5592 5593 5593 5594 5591 5593 5595 5596 5596 5594 5593 5597 5598 5599 5599 5600 5597 5599 5601 5602 5602 5600 5599 5603 5582 5581 5581 5604 5603 5605 5606 5592 5592 5591 5605 5607 5596 5595 5595 5608 5607 5607 5608 5598 5598 5597 5607 5609 5602 5601 5601 5610 5609 5609 5610 5586 5586 5585 5609 5611 5590 5589 5589 5612 5611 5611 5612 5578 5578 5577 5611 5613 5614 5615 5615 5616 5613 5615 5617 5618 5618 5616 5615 5619 5620 5621 5621 5622 5619 5621 5623 5624 5624 5622 5621 5625 5626 5627 5627 5628 5625 5627 5629 5630 5630 5628 5627 5631 5632 5633 5633 5634 5631 5633 5635 5636 5636 5634 5633 5637 5630 5629 5629 5638 5637 5639 5640 5614 5614 5613 5639 5641 5636 5635 5635 5642 5641 5641 5642 5626 5626 5625 5641 5643 5624 5623 5623 5644 5643 5643 5644 5632 5632 5631 5643 5645 5618 5617 5617 5646 5645 5645 5646 5620 5620 5619 5645 5647 5648 5649 5648 5650 5649 5650 5651 5652 5650 5652 5653 5650 5653 5654 5650 5654 5649 5655 5649 5656 5657 5658 5656 5658 5659 5656 5659 5660 5656 5660 5655 5656 5655 5661 5649 5661 5662 5649 5662 5647 5649 5663 5664 5665 5664 5666 5665 5666 5667 5668 5666 5668 5669 5666 5669 5670 5666 5670 5665 5671 5665 5672 5671 5672 5673 5671 5673 5674 5675 5671 5674 5671 5676 5665 5676 5677 5665 5677 5678 5665 5678 5663 5665 5584 5583 5574 5574 5573 5584 5679 5680 5681 5681 5682 5679 5682 5683 5684 5684 5679 5682 5679 5684 5685 5685 5686 5679 5686 5687 5680 5680 5679 5686 5688 5689 5690 5690 5691 5688 5692 5682 5681 5681 5693 5692 5694 5689 5688 5688 5695 5694 5696 5692 5693 5693 5697 5696 5698 5699 5700 5700 5701 5698 5701 5702 5703 5703 5698 5701 5704 5705 5706 5706 5707 5704 5708 5709 5710 5710 5711 5708 5712 5713 5714 5714 5715 5712 5697 5693 5716 5716 5717 5697 5718 5719 5720 5720 5721 5718 5722 5723 5724 5724 5725 5722 5725 5724 5726 5726 5727 5725 5727 5728 5729 5729 5725 5727 5725 5729 5730 5730 5722 5725 5731 5732 5733 5733 5734 5731 5707 5706 5734 5734 5733 5707 5735 5736 5737 5737 5738 5735 5705 5704 5739 5739 5740 5705 5741 5742 5743 5743 5744 5741 5745 5746 5741 5741 5744 5745 5747 5748 5749 5749 5750 5747 5751 5752 5748 5748 5747 5751 5753 5754 5755 5755 5756 5753 5757 5750 5749 5749 5758 5757 5759 5760 5761 5761 5762 5759 5714 5713 5763 5763 5764 5714 5765 5766 5713 5713 5712 5765 5763 5713 5766 5766 5767 5763 5760 5709 5768 5768 5761 5760 5720 5769 5770 5770 5771 5720 5738 5740 5739 5739 5735 5738 5736 5772 5737 5773 5774 5775 5775 5776 5773 5776 5777 5778 5778 5773 5776 5779 5780 5781 5781 5782 5779 5782 5783 5784 5784 5779 5782 5785 5786 5787 5787 5788 5785 5788 5789 5790 5790 5785 5788 5790 5791 5792 5792 5785 5790 5792 5793 5786 5786 5785 5792 5794 5784 5783 5783 5795 5794 5783 5796 5797 5797 5795 5783 5798 5790 5789 5789 5799 5798 5800 5801 5802 5802 5803 5800 5804 5805 5806 5806 5807 5804 5808 5809 5810 5810 5811 5808 5763 5812 5813 5813 5764 5763 5709 5814 5815 5815 5768 5709 5807 5806 5816 5816 5817 5807 5810 5809 5818 5818 5819 5810 5767 5820 5812 5812 5763 5767 5821 5822 5823 5823 5824 5821 5823 5825 5826 5826 5824 5823 5827 5828 5829 5829 5830 5827 5830 5829 5831 5831 5832 5830 5833 5834 5835 5835 5836 5833 5837 5770 5838 5838 5839 5837 5840 5746 5745 5745 5841 5840 5842 5843 5703 5703 5844 5842 5845 5846 5847 5847 5848 5845 5849 5850 5759 5759 5762 5849 5834 5833 5851 5851 5852 5834 5851 5853 5854 5854 5852 5851 5723 5722 5696 5696 5697 5723 5743 5742 5752 5752 5751 5743 5855 5696 5722 5722 5730 5855 5699 5694 5695 5695 5700 5699 5856 5857 5717 5717 5760 5856 5697 5717 5857 5857 5723 5697 5738 5858 5859 5859 5740 5738 5858 5833 5836 5836 5859 5858 5851 5833 5858 5858 5860 5851 5860 5858 5738 5738 5737 5860 5737 5772 5861 5861 5860 5737 5860 5861 5862 5862 5851 5860 5859 5836 5863 5863 5864 5859 5864 5863 5795 5795 5797 5864 5797 5706 5705 5705 5864 5797 5864 5705 5740 5740 5859 5864 5706 5797 5796 5796 5734 5706 5693 5681 5865 5865 5716 5693 5796 5783 5866 5866 5867 5796 5866 5868 5869 5869 5867 5866 5869 5870 5731 5731 5867 5869 5867 5731 5734 5734 5796 5867 5857 5856 5871 5871 5872 5857 5872 5871 5873 5873 5874 5872 5874 5726 5724 5724 5872 5874 5872 5724 5723 5723 5857 5872 5717 5716 5875 5875 5760 5717 5716 5865 5876 5876 5875 5716 5877 5876 5865 5865 5878 5877 5878 5865 5681 5681 5680 5878 5878 5680 5687 5687 5879 5878 5878 5879 5880 5880 5877 5878 5881 5882 5694 5694 5699 5881 5883 5745 5744 5744 5884 5883 5699 5698 5885 5885 5881 5699 5884 5744 5743 5743 5886 5884 5887 5844 5703 5703 5702 5887 5888 5747 5750 5750 5889 5888 5721 5720 5771 5771 5890 5721 5891 5798 5799 5799 5892 5891 5893 5719 5718 5718 5894 5893 5843 5885 5698 5698 5703 5843 5895 5841 5745 5745 5883 5895 5855 5896 5692 5692 5696 5855 5896 5683 5682 5682 5692 5896 5719 5893 5897 5897 5898 5719 5898 5769 5720 5720 5719 5898 5899 5900 5727 5727 5726 5899 5901 5902 5903 5903 5904 5901 5900 5905 5728 5728 5727 5900 5840 5906 5746 5907 5732 5731 5731 5870 5907 5908 5909 5910 5910 5911 5908 5912 5908 5911 5911 5913 5912 5914 5915 5916 5917 5918 5919 5918 5910 5909 5918 5909 5920 5918 5920 5919 5709 5760 5875 5875 5710 5709 5757 5921 5889 5889 5750 5757 5922 5923 5771 5771 5770 5922 5837 5924 5922 5922 5770 5837 5798 5891 5925 5925 5926 5798 5747 5888 5927 5927 5751 5747 5751 5927 5886 5886 5743 5751 5882 5928 5689 5689 5694 5882 5928 5929 5690 5690 5689 5928 5930 5931 5932 5932 5933 5930 5934 5935 5931 5931 5930 5934 5930 5936 5937 5937 5934 5930 5933 5938 5936 5936 5930 5933 5939 5940 5941 5941 5942 5939 5943 5944 5932 5932 5931 5943 5939 5942 5945 5945 5946 5939 5947 5948 5944 5944 5943 5947 5949 5950 5951 5951 5952 5949 5953 5954 5950 5950 5949 5953 5955 5956 5957 5957 5958 5955 5708 5711 5959 5959 5960 5708 5961 5962 5963 5963 5964 5961 5948 5965 5966 5966 5944 5948 5967 5968 5718 5718 5721 5967 5969 5970 5971 5971 5972 5969 5972 5973 5974 5974 5969 5972 5975 5976 5973 5973 5972 5975 5972 5971 5977 5977 5975 5972 5978 5979 5980 5980 5981 5978 5958 5980 5979 5979 5955 5958 5982 5983 5984 5984 5985 5982 5956 5986 5987 5987 5957 5956 5988 5989 5990 5990 5991 5988 5990 5992 5993 5993 5991 5990 5994 5995 5996 5996 5997 5994 5997 5998 5999 5999 5994 5997 6000 6001 6002 6002 6003 6000 6004 6005 5996 5996 5995 6004 6006 6007 6008 6008 6009 6006 6010 5962 5961 5961 6011 6010 5962 6012 6013 6013 5963 5962 6010 6014 6012 6012 5962 6010 6009 6008 6015 6015 5960 6009 6016 6017 5967 5967 6018 6016 5987 5986 5983 5983 5982 5987 5985 5984 6019 6020 6021 6022 6022 6023 6020 6024 6025 6021 6021 6020 6024 6026 6027 6028 6028 6029 6026 6030 6031 6027 6027 6026 6030 6032 6033 6034 6034 6035 6032 6036 6037 6033 6033 6032 6036 6038 6039 6036 6036 6032 6038 6035 6040 6038 6038 6032 6035 6031 6030 6041 6041 6042 6031 6043 6044 6031 6031 6042 6043 6045 6046 6037 6037 6036 6045 6047 6048 6049 6049 6050 6047 6051 6052 6053 6053 6054 6051 6055 6056 6057 6057 6058 6055 6059 6060 6010 6010 6011 6059 5960 6015 5815 5815 5814 5960 6052 6061 6062 6062 6053 6052 6055 5819 5818 5818 6056 6055 6060 6063 6014 6014 6010 6060 6064 6065 6066 6066 6067 6064 6068 6069 6064 6064 6067 6068 6070 6071 6072 6072 6073 6070 6073 6074 6075 6075 6070 6073 6076 6077 6078 6078 6079 6076 6080 6081 6082 6082 6016 6080 5993 5992 6083 6083 6084 5993 5842 6085 5953 5953 5843 5842 6086 6087 6088 6088 6089 6086 6090 6007 6006 6006 6091 6090 6092 6076 6079 6079 6093 6092 6094 6095 6092 6092 6093 6094 5970 5948 5947 5947 5971 5970 5998 5989 5988 5988 5999 5998 5971 5947 6096 6096 5977 5971 5946 5945 5952 5952 5951 5946 6097 6009 5965 5965 6098 6097 6098 5965 5948 5948 5970 6098 6099 6100 5983 5983 5986 6099 6077 6076 6100 6100 6099 6077 6100 6076 6092 6092 6101 6100 6101 5984 5983 5983 6100 6101 6102 6019 5984 5984 6101 6102 6101 6092 6103 6103 6102 6101 6104 6077 6099 6099 6105 6104 6105 6043 6042 6042 6104 6105 5956 5955 6043 6043 6105 5956 6105 6099 5986 5986 5956 6105 6044 6043 5955 5955 5979 6044 5944 5966 6106 6106 5932 5944 6107 6031 6044 6044 6108 6107 6109 6110 6107 6107 6108 6109 5978 6111 6109 6109 6108 5978 6108 6044 5979 5979 5978 6108 6112 6097 6098 6098 6113 6112 6113 6114 6115 6115 6112 6113 5969 5974 6114 6114 6113 5969 6113 6098 5970 5970 5969 6113 5965 6009 6116 6116 5966 5965 5966 6116 6117 6117 6106 5966 6106 6117 6118 6118 6119 6106 6119 5933 5932 5932 6106 6119 6119 6120 5938 5938 5933 6119 6119 6118 6121 6121 6120 6119 5881 5952 5945 5945 5882 5881 5883 5884 5991 5991 5993 5883 5885 5949 5952 5952 5881 5885 5884 5886 5988 5988 5991 5884 5953 6085 6122 6122 5954 5953 5888 5889 5995 5995 5994 5888 5721 5890 6018 6018 5967 5721 5891 5892 6046 6046 6045 5891 5718 5968 6123 6123 5894 5718 5843 5953 5949 5949 5885 5843 5993 6084 5895 5895 5883 5993 6096 5947 5943 5943 6124 6096 6124 5943 5931 5931 5935 6124 5968 6125 6126 6126 6123 5968 5967 6017 6125 6125 5968 5967 5973 6127 6128 6128 5974 5973 6129 6130 6131 6131 6132 6129 5976 6133 6127 6127 5973 5976 6083 5992 6134 6135 6111 5978 5978 5981 6135 6136 6137 6138 6138 6139 6136 6140 6141 6137 6137 6136 6140 6142 6141 6140 6143 6144 6145 6144 6146 6145 6139 6138 6145 6138 6143 6145 5960 5959 6116 6116 6009 5960 6004 5995 5889 5889 5921 6004 6018 5923 5922 5922 6016 6018 5922 5924 6080 6080 6016 5922 5925 5891 6045 6045 6147 5925 5927 5888 5994 5994 5999 5927 5999 5988 5886 5886 5927 5999 5942 5928 5882 5882 5945 5942 5941 5929 5928 5928 5942 5941 6148 6149 6150 6150 6151 6148 6152 6153 6154 6154 6155 6152 6155 6156 6157 6157 6158 6155 6158 6148 6152 6152 6155 6158 6153 6159 6160 6160 6161 6153 6152 6148 6151 6151 6162 6152 6153 6161 6163 6163 6154 6153 6164 6160 6159 6159 6165 6164 6162 6151 6166 6166 6167 6162 6165 6159 6162 6162 6167 6165 6151 6150 6168 6168 6166 6151 6169 6170 6171 6171 6172 6169 6154 6163 6173 6173 6174 6154 6175 6176 6177 6177 6178 6175 6158 6157 6179 6179 6180 6158 6155 6154 6174 6174 6156 6155 6156 6174 6181 6181 6182 6156 6183 6157 6156 6156 6182 6183 6174 6173 6184 6184 6181 6174 6185 6186 6187 6187 6188 6185 6189 6170 6190 6190 6191 6189 6171 6170 6189 6189 6192 6171 6167 6193 6187 6187 6165 6167 6194 6195 6177 6177 6196 6194 6197 6178 6177 6177 6195 6197 6189 6191 6176 6176 6175 6189 6192 6189 6175 6175 6198 6192 6175 6178 6199 6199 6198 6175 6176 6191 6200 6200 6201 6176 6196 6177 6176 6176 6201 6196 6191 6190 6202 6202 6200 6191 6203 6149 6180 6180 6204 6203 6166 6168 6205 6205 6206 6166 6207 6208 6209 6209 6169 6207 6165 6187 6186 6186 6164 6165 6167 6166 6206 6206 6193 6167 6193 6206 6210 6210 6211 6193 6188 6187 6193 6193 6211 6188 6206 6205 6212 6212 6210 6206 6213 6214 6215 6215 6216 6213 6217 6150 6149 6149 6203 6217 6168 6150 6217 6217 6218 6168 6219 6220 6221 6221 6222 6219 6222 6160 6164 6164 6223 6222 6190 6170 6169 6169 6209 6190 6217 6203 6224 6224 6225 6217 6218 6217 6225 6225 6226 6218 6207 6169 6172 6172 6227 6207 6202 6190 6209 6209 6228 6202 6229 6195 6194 6194 6230 6229 6228 6209 6208 6208 6231 6228 6224 6203 6204 6204 6232 6224 6197 6195 6229 6229 6233 6197 6234 6197 6233 6233 6235 6234 6231 6236 6237 6237 6228 6231 6178 6197 6234 6234 6199 6178 6160 6222 6221 6221 6161 6160 6233 6229 6220 6220 6219 6233 6235 6233 6219 6219 6238 6235 6219 6222 6223 6223 6238 6219 6163 6161 6221 6221 6239 6163 6240 6179 6157 6157 6183 6240 6239 6221 6220 6220 6241 6239 6220 6229 6230 6230 6241 6220 6242 6243 6244 6244 6245 6242 6246 6247 6248 6248 6249 6246 6250 6251 6252 6252 6253 6250 6254 6213 6216 6216 6255 6254 6256 6257 6258 6258 6259 6256 6260 6242 6245 6245 6261 6260 6249 6248 6212 6212 6205 6249 6262 6186 6185 6185 6263 6262 6204 6180 6179 6179 6264 6204 6198 6265 6266 6266 6192 6198 6228 6237 6267 6267 6202 6228 6232 6204 6264 6264 6268 6232 6269 6267 6237 6237 6270 6269 6271 6272 6273 6273 6274 6271 6270 6237 6236 6236 6275 6270 6268 6264 6276 6276 6277 6268 6199 6234 6278 6278 6279 6199 6226 6246 6249 6249 6218 6226 6192 6266 6214 6214 6171 6192 6198 6199 6279 6279 6265 6198 6215 6214 6266 6266 6280 6215 6273 6272 6281 6281 6282 6273 6280 6266 6265 6265 6283 6280 6265 6279 6284 6284 6283 6265 6172 6171 6214 6214 6213 6172 6241 6285 6286 6286 6239 6241 6205 6168 6218 6218 6249 6205 6227 6172 6213 6213 6254 6227 6230 6194 6272 6272 6271 6230 6201 6287 6281 6281 6196 6201 6173 6163 6239 6239 6286 6173 6241 6230 6271 6271 6285 6241 6184 6173 6286 6286 6288 6184 6288 6286 6285 6285 6289 6288 6285 6271 6274 6274 6289 6285 6200 6202 6267 6267 6290 6200 6238 6291 6292 6292 6235 6238 6272 6194 6196 6196 6281 6272 6201 6200 6290 6290 6287 6201 6287 6290 6293 6293 6294 6287 6282 6281 6287 6287 6294 6282 6290 6267 6269 6269 6293 6290 6264 6179 6240 6240 6276 6264 6223 6164 6186 6186 6262 6223 6180 6149 6148 6148 6158 6180 6278 6234 6235 6235 6292 6278 6238 6223 6262 6262 6291 6238 6295 6278 6292 6292 6296 6295 6279 6278 6295 6295 6284 6279 6296 6292 6291 6291 6297 6296 6291 6262 6263 6263 6297 6291 6298 6299 6300 6300 6301 6298 6302 6303 6244 6244 6243 6302 6304 6305 6306 6306 6307 6304 6308 6309 6310 6310 6311 6308 6312 6313 6314 6314 6315 6312 6316 6298 6301 6301 6317 6316 6311 6318 6319 6319 6308 6311 6320 6321 6322 6322 6323 6320 6324 6325 6326 6326 6327 6324 6321 6328 6329 6329 6322 6321 6330 6331 6332 6332 6333 6330 6334 6335 6336 6336 6337 6334 6338 6339 6340 6340 6341 6338 6342 6343 6344 6344 6345 6342 6346 6347 6333 6333 6332 6346 6348 6349 6350 6350 6351 6348 6345 6344 6352 6352 6353 6345 6335 6354 6355 6355 6336 6335 6356 6357 6358 6358 6359 6356 6360 6361 6362 6362 6363 6360 6253 6252 6310 6310 6309 6253 6250 6356 6359 6359 6251 6250 6364 6259 6258 6258 6365 6364 6319 6318 6303 6303 6302 6319 6358 6357 6363 6363 6362 6358 6360 6364 6365 6365 6361 6360 6366 6367 6368 6368 6369 6366 6370 6371 6372 6372 6373 6370 6329 6328 6371 6371 6370 6329 6374 6375 6370 6370 6373 6374 6376 6373 6372 6372 6377 6376 6375 6378 6329 6329 6370 6375 6379 6376 6377 6377 6380 6379 6381 6382 6383 6383 6384 6381 6376 6385 6374 6374 6373 6376 6379 6386 6385 6385 6376 6379 6387 6388 6389 6389 6390 6387 6391 6392 6393 6393 6394 6391 6395 6396 6391 6391 6394 6395 6397 6398 6399 6399 6400 6397 6390 6389 6401 6401 6402 6390 6403 6404 6389 6389 6388 6403 6404 6405 6401 6401 6389 6404 6392 6406 6403 6403 6388 6392 6391 6407 6406 6406 6392 6391 6408 6315 6314 6314 6409 6408 6410 6411 6412 6412 6413 6410 6307 6306 6414 6414 6415 6307 6416 6408 6409 6409 6417 6416 6418 6419 6420 6420 6421 6418 6422 6423 6424 6424 6425 6422 6419 6327 6326 6326 6420 6419 6426 6427 6428 6428 6429 6426 6430 6431 6432 6432 6433 6430 6434 6435 6350 6350 6349 6434 6430 6433 6436 6436 6437 6430 6438 6426 6429 6429 6439 6438 6438 6439 6367 6367 6366 6438 6355 6354 6437 6437 6436 6355 6431 6440 6441 6441 6432 6431 6442 6443 6444 6444 6445 6442 6446 6447 6448 6448 6449 6446 6442 6348 6351 6351 6443 6442 6446 6449 6450 6450 6451 6446 6445 6444 6428 6428 6427 6445 6441 6440 6451 6451 6450 6441 6447 6452 6453 6453 6448 6447 6454 6347 6346 6346 6455 6454 6456 6457 6458 6458 6459 6456 6339 6369 6368 6368 6340 6339 6456 6459 6460 6460 6461 6456 6462 6454 6455 6455 6463 6462 6462 6463 6435 6435 6434 6462 6453 6452 6461 6461 6460 6453 6457 6353 6352 6352 6458 6457 6464 6465 6466 6466 6467 6464 6468 6469 6470 6470 6471 6468 6300 6299 6413 6413 6412 6300 6410 6464 6467 6467 6411 6410 6418 6421 6425 6425 6424 6418 6472 6415 6414 6414 6473 6472 6466 6465 6471 6471 6470 6466 6468 6472 6473 6473 6469 6468 6474 6423 6422 6422 6475 6474 6384 6383 6379 6379 6380 6384 6320 6323 6325 6325 6324 6320 6387 6393 6392 6392 6388 6387 6476 6477 6478 6478 6479 6476 6477 6480 6481 6481 6478 6477 6479 6478 6482 6482 6483 6479 6478 6481 6484 6484 6482 6478 6476 6485 6486 6486 6477 6476 6485 6374 6385 6385 6486 6485 6477 6486 6487 6487 6480 6477 6486 6385 6386 6386 6487 6486 6476 6488 6489 6489 6485 6476 6488 6490 6491 6491 6489 6488 6485 6489 6375 6375 6374 6485 6489 6491 6378 6378 6375 6489 6476 6479 6492 6492 6488 6476 6479 6483 6493 6493 6492 6479 6488 6492 6494 6494 6490 6488 6492 6493 6495 6495 6494 6492 6496 6497 6498 6498 6499 6496 6497 6403 6406 6406 6498 6497 6499 6498 6500 6500 6501 6499 6498 6406 6407 6407 6500 6498 6496 6502 6503 6503 6497 6496 6502 6504 6505 6505 6503 6502 6497 6503 6404 6404 6403 6497 6503 6505 6405 6405 6404 6503 6496 6506 6507 6507 6502 6496 6506 6508 6509 6509 6507 6506 6502 6507 6510 6510 6504 6502 6507 6509 6511 6511 6510 6507 6496 6499 6512 6512 6506 6496 6499 6501 6513 6513 6512 6499 6506 6512 6514 6514 6508 6506 6512 6513 6515 6515 6514 6512 6480 6487 6383 6383 6382 6480 6381 6474 6475 6475 6382 6381 6487 6386 6379 6379 6383 6487 6475 6481 6480 6480 6382 6475 6422 6484 6481 6481 6475 6422 6397 6400 6396 6396 6395 6397 6516 6399 6398 6398 6517 6516 6518 6519 6516 6516 6517 6518 6520 6521 6522 6522 6523 6520 6501 6500 6396 6396 6400 6501 6500 6407 6391 6391 6396 6500 6399 6513 6501 6501 6400 6399 6516 6515 6513 6513 6399 6516 6490 6494 6325 6325 6323 6490 6494 6495 6326 6326 6325 6494 6322 6491 6490 6490 6323 6322 6329 6378 6491 6491 6322 6329 6483 6482 6425 6425 6421 6483 6482 6484 6422 6422 6425 6482 6420 6493 6483 6483 6421 6420 6326 6495 6493 6493 6420 6326 6520 6523 6519 6519 6518 6520 6524 6522 6521 6521 6525 6524 6526 6527 6524 6524 6525 6526 6528 6529 6530 6530 6531 6528 6508 6514 6519 6519 6523 6508 6514 6515 6516 6516 6519 6514 6522 6509 6508 6508 6523 6522 6524 6511 6509 6509 6522 6524 6528 6531 6527 6527 6526 6528 6401 6530 6529 6529 6402 6401 6504 6510 6527 6527 6531 6504 6510 6511 6524 6524 6527 6510 6530 6505 6504 6504 6531 6530 6401 6405 6505 6505 6530 6401 6153 6152 6162 6162 6159 6153 6316 6317 6313 6313 6312 6316 6532 6533 6257 6257 6256 6532 6534 6535 6536 6536 6537 6534 6538 6539 6540 6540 6541 6538 6541 6542 6543 6543 6544 6541 6544 6534 6538 6538 6541 6544 6539 6545 6546 6546 6547 6539 6538 6534 6537 6537 6548 6538 6539 6547 6549 6549 6540 6539 6550 6546 6545 6545 6551 6550 6548 6537 6552 6552 6553 6548 6551 6545 6548 6548 6553 6551 6537 6536 6554 6554 6552 6537 6555 6556 6557 6557 6558 6555 6540 6549 6559 6559 6560 6540 6561 6562 6563 6563 6564 6561 6544 6543 6565 6565 6566 6544 6541 6540 6560 6560 6542 6541 6542 6560 6567 6567 6568 6542 6569 6543 6542 6542 6568 6569 6560 6559 6570 6570 6567 6560 6571 6572 6573 6573 6574 6571 6575 6556 6576 6576 6577 6575 6557 6556 6575 6575 6578 6557 6553 6579 6573 6573 6551 6553 6580 6581 6563 6563 6582 6580 6583 6564 6563 6563 6581 6583 6575 6577 6562 6562 6561 6575 6578 6575 6561 6561 6584 6578 6561 6564 6585 6585 6584 6561 6562 6577 6586 6586 6587 6562 6582 6563 6562 6562 6587 6582 6577 6576 6588 6588 6586 6577 6589 6535 6566 6566 6590 6589 6552 6554 6591 6591 6592 6552 6593 6594 6595 6595 6555 6593 6551 6573 6572 6572 6550 6551 6553 6552 6592 6592 6579 6553 6579 6592 6596 6596 6597 6579 6574 6573 6579 6579 6597 6574 6592 6591 6598 6598 6596 6592 6599 6600 6601 6601 6602 6599 6603 6536 6535 6535 6589 6603 6554 6536 6603 6603 6604 6554 6605 6606 6607 6607 6608 6605 6608 6546 6550 6550 6609 6608 6576 6556 6555 6555 6595 6576 6610 6603 6589 6589 6611 6610 6604 6603 6610 6610 6612 6604 6593 6555 6558 6558 6613 6593 6588 6576 6595 6595 6614 6588 6615 6581 6580 6580 6616 6615 6614 6595 6594 6594 6617 6614 6611 6589 6590 6590 6618 6611 6583 6581 6615 6615 6619 6583 6620 6583 6619 6619 6621 6620 6617 6622 6623 6623 6614 6617 6564 6583 6620 6620 6585 6564 6546 6608 6607 6607 6547 6546 6605 6619 6615 6615 6606 6605 6621 6619 6605 6605 6624 6621 6605 6608 6609 6609 6624 6605 6549 6547 6607 6607 6625 6549 6626 6565 6543 6543 6569 6626 6625 6607 6606 6606 6627 6625 6606 6615 6616 6616 6627 6606 6628 6629 6630 6630 6631 6628 6632 6633 6634 6634 6635 6632 6636 6637 6638 6638 6639 6636 6640 6599 6602 6602 6641 6640 6642 6643 6644 6644 6645 6642 6646 6628 6631 6631 6647 6646 6635 6634 6598 6598 6591 6635 6648 6572 6571 6571 6649 6648 6590 6566 6565 6565 6650 6590 6584 6651 6652 6652 6578 6584 6614 6623 6653 6653 6588 6614 6618 6590 6650 6650 6654 6618 6655 6653 6623 6623 6656 6655 6657 6658 6659 6659 6660 6657 6656 6623 6622 6622 6661 6656 6654 6650 6662 6662 6663 6654 6585 6620 6664 6664 6665 6585 6612 6632 6635 6635 6604 6612 6578 6652 6600 6600 6557 6578 6584 6585 6665 6665 6651 6584 6601 6600 6652 6652 6666 6601 6659 6658 6667 6667 6668 6659 6666 6652 6651 6651 6669 6666 6651 6665 6670 6670 6669 6651 6558 6557 6600 6600 6599 6558 6627 6671 6672 6672 6625 6627 6591 6554 6604 6604 6635 6591 6613 6558 6599 6599 6640 6613 6616 6580 6658 6658 6657 6616 6587 6673 6667 6667 6582 6587 6559 6549 6625 6625 6672 6559 6627 6616 6657 6657 6671 6627 6570 6559 6672 6672 6674 6570 6674 6672 6671 6671 6675 6674 6671 6657 6660 6660 6675 6671 6586 6588 6653 6653 6676 6586 6624 6677 6678 6678 6621 6624 6658 6580 6582 6582 6667 6658 6587 6586 6676 6676 6673 6587 6673 6676 6679 6679 6680 6673 6668 6667 6673 6673 6680 6668 6676 6653 6655 6655 6679 6676 6650 6565 6626 6626 6662 6650 6609 6550 6572 6572 6648 6609 6566 6535 6534 6534 6544 6566 6664 6620 6621 6621 6678 6664 6624 6609 6648 6648 6677 6624 6681 6664 6678 6678 6682 6681 6665 6664 6681 6681 6670 6665 6682 6678 6677 6677 6683 6682 6677 6648 6649 6649 6683 6677 6684 6685 6686 6686 6687 6684 6688 6689 6630 6630 6629 6688 6690 6691 6692 6692 6693 6690 6694 6695 6696 6696 6697 6694 6698 6699 6700 6700 6701 6698 6702 6684 6687 6687 6703 6702 6697 6704 6705 6705 6694 6697 6706 6707 6708 6708 6709 6706 6710 6711 6712 6712 6713 6710 6707 6714 6715 6715 6708 6707 6716 6717 6718 6718 6719 6716 6720 6721 6722 6722 6723 6720 6724 6725 6726 6726 6727 6724 6728 6729 6730 6730 6731 6728 6732 6733 6719 6719 6718 6732 6734 6735 6736 6736 6737 6734 6731 6730 6738 6738 6739 6731 6721 6740 6741 6741 6722 6721 6742 6743 6744 6744 6745 6742 6746 6747 6748 6748 6749 6746 6639 6638 6696 6696 6695 6639 6636 6742 6745 6745 6637 6636 6750 6645 6644 6644 6751 6750 6705 6704 6689 6689 6688 6705 6744 6743 6749 6749 6748 6744 6746 6750 6751 6751 6747 6746 6752 6753 6754 6754 6755 6752 6756 6757 6758 6758 6759 6756 6715 6714 6757 6757 6756 6715 6760 6761 6756 6756 6759 6760 6762 6759 6758 6758 6763 6762 6761 6764 6715 6715 6756 6761 6765 6762 6763 6763 6766 6765 6767 6768 6769 6769 6770 6767 6762 6771 6760 6760 6759 6762 6765 6772 6771 6771 6762 6765 6773 6774 6775 6775 6776 6773 6777 6778 6779 6779 6780 6777 6781 6782 6777 6777 6780 6781 6783 6784 6785 6785 6786 6783 6776 6775 6787 6787 6788 6776 6789 6790 6775 6775 6774 6789 6790 6791 6787 6787 6775 6790 6778 6792 6789 6789 6774 6778 6777 6793 6792 6792 6778 6777 6794 6701 6700 6700 6795 6794 6796 6797 6798 6798 6799 6796 6693 6692 6800 6800 6801 6693 6802 6794 6795 6795 6803 6802 6804 6805 6806 6806 6807 6804 6808 6809 6810 6810 6811 6808 6805 6713 6712 6712 6806 6805 6812 6813 6814 6814 6815 6812 6816 6817 6818 6818 6819 6816 6820 6821 6736 6736 6735 6820 6816 6819 6822 6822 6823 6816 6824 6812 6815 6815 6825 6824 6824 6825 6753 6753 6752 6824 6741 6740 6823 6823 6822 6741 6817 6826 6827 6827 6818 6817 6828 6829 6830 6830 6831 6828 6832 6833 6834 6834 6835 6832 6828 6734 6737 6737 6829 6828 6832 6835 6836 6836 6837 6832 6831 6830 6814 6814 6813 6831 6827 6826 6837 6837 6836 6827 6833 6838 6839 6839 6834 6833 6840 6733 6732 6732 6841 6840 6842 6843 6844 6844 6845 6842 6725 6755 6754 6754 6726 6725 6842 6845 6846 6846 6847 6842 6848 6840 6841 6841 6849 6848 6848 6849 6821 6821 6820 6848 6839 6838 6847 6847 6846 6839 6843 6739 6738 6738 6844 6843 6850 6851 6852 6852 6853 6850 6854 6855 6856 6856 6857 6854 6686 6685 6799 6799 6798 6686 6796 6850 6853 6853 6797 6796 6804 6807 6811 6811 6810 6804 6858 6801 6800 6800 6859 6858 6852 6851 6857 6857 6856 6852 6854 6858 6859 6859 6855 6854 6860 6809 6808 6808 6861 6860 6770 6769 6765 6765 6766 6770 6706 6709 6711 6711 6710 6706 6773 6779 6778 6778 6774 6773 6862 6863 6864 6864 6865 6862 6863 6866 6867 6867 6864 6863 6865 6864 6868 6868 6869 6865 6864 6867 6870 6870 6868 6864 6862 6871 6872 6872 6863 6862 6871 6760 6771 6771 6872 6871 6863 6872 6873 6873 6866 6863 6872 6771 6772 6772 6873 6872 6862 6874 6875 6875 6871 6862 6874 6876 6877 6877 6875 6874 6871 6875 6761 6761 6760 6871 6875 6877 6764 6764 6761 6875 6862 6865 6878 6878 6874 6862 6865 6869 6879 6879 6878 6865 6874 6878 6880 6880 6876 6874 6878 6879 6881 6881 6880 6878 6882 6883 6884 6884 6885 6882 6883 6789 6792 6792 6884 6883 6885 6884 6886 6886 6887 6885 6884 6792 6793 6793 6886 6884 6882 6888 6889 6889 6883 6882 6888 6890 6891 6891 6889 6888 6883 6889 6790 6790 6789 6883 6889 6891 6791 6791 6790 6889 6882 6892 6893 6893 6888 6882 6892 6894 6895 6895 6893 6892 6888 6893 6896 6896 6890 6888 6893 6895 6897 6897 6896 6893 6882 6885 6898 6898 6892 6882 6885 6887 6899 6899 6898 6885 6892 6898 6900 6900 6894 6892 6898 6899 6901 6901 6900 6898 6866 6873 6769 6769 6768 6866 6767 6860 6861 6861 6768 6767 6873 6772 6765 6765 6769 6873 6861 6867 6866 6866 6768 6861 6808 6870 6867 6867 6861 6808 6783 6786 6782 6782 6781 6783 6902 6785 6784 6784 6903 6902 6904 6905 6902 6902 6903 6904 6906 6907 6908 6908 6909 6906 6887 6886 6782 6782 6786 6887 6886 6793 6777 6777 6782 6886 6785 6899 6887 6887 6786 6785 6902 6901 6899 6899 6785 6902 6876 6880 6711 6711 6709 6876 6880 6881 6712 6712 6711 6880 6708 6877 6876 6876 6709 6708 6715 6764 6877 6877 6708 6715 6869 6868 6811 6811 6807 6869 6868 6870 6808 6808 6811 6868 6806 6879 6869 6869 6807 6806 6712 6881 6879 6879 6806 6712 6906 6909 6905 6905 6904 6906 6910 6908 6907 6907 6911 6910 6912 6913 6910 6910 6911 6912 6914 6915 6916 6916 6917 6914 6894 6900 6905 6905 6909 6894 6900 6901 6902 6902 6905 6900 6908 6895 6894 6894 6909 6908 6910 6897 6895 6895 6908 6910 6914 6917 6913 6913 6912 6914 6787 6916 6915 6915 6788 6787 6890 6896 6913 6913 6917 6890 6896 6897 6910 6910 6913 6896 6916 6891 6890 6890 6917 6916 6787 6791 6891 6891 6916 6787 6539 6538 6548 6548 6545 6539 6702 6703 6699 6699 6698 6702 6918 6919 6643 6643 6642 6918 6920 6921 6922 6922 6923 6920 6924 6925 6926 6926 6927 6924 6928 6929 6930 6930 6931 6928 6932 6933 6934 6934 6935 6932 6936 6937 6938 6938 6939 6936 6940 6941 6942 6942 6943 6940 6944 6945 6946 6946 6947 6944 6948 6949 6950 6950 6951 6948 6952 6953 6927 6927 6926 6952 6924 6954 6955 6955 6925 6924 6956 6957 6943 6943 6942 6956 6958 6959 6929 6929 6928 6958 6960 6961 6937 6937 6936 6960 6933 6962 6963 6963 6934 6933 6951 6964 6965 6965 6948 6951 6966 6967 6923 6923 6922 6966 6945 6968 6969 6969 6946 6945 6968 6970 6971 6971 6969 6968 6972 6973 6961 6961 6960 6972 6974 6975 6963 6963 6962 6974 6966 6976 6977 6977 6967 6966 6964 6978 6979 6979 6965 6964 6980 6981 6957 6957 6956 6980 6982 6983 6959 6959 6958 6982 6984 6985 6986 6986 6987 6984 6988 6989 6990 6990 6991 6988 6992 6993 6994 6994 6995 6992 6988 6991 6992 6992 6995 6988 6996 6985 6984 6984 6997 6996 6998 6999 7000 7000 7001 6998 7002 7003 7004 7004 7005 7002 7006 7007 7008 7008 7009 7006 7006 7010 7011 7011 7007 7006 7012 7002 7005 7005 7013 7012 7014 7015 7016 7016 7017 7014 7008 7018 7019 7019 7009 7008 6997 7020 7021 7021 6996 6997 7003 7022 7023 7023 7004 7003 7024 7025 7026 7026 7027 7024 7028 7029 7030 7030 7031 7028 7032 7030 7029 7029 7033 7032 7034 7035 7036 7036 7037 7034 7038 7039 7040 7040 7041 7038 7026 7042 7043 7043 7027 7026 7044 7045 7046 7046 7047 7044 7048 7049 7039 7039 7038 7048 7031 7050 7051 7051 7028 7031 7052 7053 7054 7054 7055 7052 7055 7054 7035 7035 7034 7055 7037 7036 7049 7049 7048 7037 7033 7046 7045 7045 7032 7033 7056 7057 7058 7058 7059 7056 7060 7061 7056 7056 7059 7060 7042 7062 7063 7063 7043 7042 7041 7040 7025 7025 7024 7041 7064 7065 7066 7066 7067 7064 7068 7069 7064 7064 7067 7068 7070 7071 7072 7072 7032 7070 7045 7073 7070 7070 7032 7045 7074 7075 7055 7055 7034 7074 7076 7077 7074 7074 7034 7076 7078 7079 7061 7061 7060 7078 7078 7072 7071 7071 7079 7078 7044 7080 7073 7073 7045 7044 7052 7055 7075 7075 7081 7052 7082 7083 7077 7077 7076 7082 7082 7066 7065 7065 7083 7082 7084 7085 7069 7069 7068 7084 7084 7058 7057 7057 7085 7084 7086 7087 7088 7088 7089 7086 7090 7091 7086 7086 7089 7090 7092 7093 7094 7094 7095 7092 7096 7097 7092 7092 7095 7096 7098 7099 7100 7100 7101 7098 7102 7103 7098 7098 7101 7102 7104 7105 7106 7106 7107 7104 7108 7109 7104 7104 7107 7108 7110 7111 7103 7103 7102 7110 7110 7088 7087 7087 7111 7110 7112 7113 7109 7109 7108 7112 7114 7100 7099 7099 7115 7114 7116 7117 7097 7097 7096 7116 7116 7106 7105 7105 7117 7116 7118 7119 7091 7091 7090 7118 7118 7094 7093 7093 7119 7118 7120 7121 7122 7121 7123 7124 7121 7124 7122 7125 7122 7126 7127 7126 7128 7129 7130 7128 7130 7131 7128 7131 7127 7128 7127 7132 7126 7132 7133 7126 7133 7134 7126 7134 7135 7126 7135 7125 7126 7125 7120 7122 7136 7137 7138 7137 7139 7140 7137 7140 7138 7141 7138 7142 7143 7142 7144 7145 7146 7144 7146 7147 7144 7147 7148 7144 7148 7143 7144 7143 7149 7142 7149 7150 7142 7150 7151 7142 7151 7141 7142 7141 7136 7138 7062 7051 7050 7050 7063 7062 7152 7153 7154 7154 7155 7152 7156 7157 7158 7158 7159 7156 7159 7158 7160 7160 7161 7159 7162 7163 7164 7164 7165 7162 7166 7167 7168 7168 7169 7166 7152 7155 7170 7170 7171 7152 7172 7173 7174 7174 7175 7172 7176 7177 7167 7167 7166 7176 7178 7179 7180 7180 7181 7178 7172 7175 7182 7182 7183 7172 7183 7182 7162 7162 7165 7183 7176 7164 7163 7163 7177 7176 7160 7174 7173 7173 7161 7160 7184 7185 7186 7186 7187 7184 7188 7189 7184 7184 7187 7188 7190 7191 7171 7171 7170 7190 7168 7154 7153 7153 7169 7168 7192 7193 7194 7194 7195 7192 7196 7197 7192 7192 7195 7196 7198 7199 7200 7200 7201 7198 7202 7203 7198 7198 7201 7202 7204 7205 7206 7206 7207 7204 7208 7209 7204 7204 7207 7208 7210 7211 7189 7189 7188 7210 7212 7200 7199 7199 7213 7212 7214 7215 7203 7203 7202 7214 7214 7206 7205 7205 7215 7214 7216 7217 7209 7209 7208 7216 7216 7194 7193 7193 7217 7216 7218 7219 7197 7197 7196 7218 7218 7186 7185 7185 7219 7218 7220 7221 7222 7222 7223 7220 7224 7225 7220 7220 7223 7224 7226 7227 7228 7228 7229 7226 7230 7231 7226 7226 7229 7230 7232 7233 7234 7234 7235 7232 7236 7237 7232 7232 7235 7236 7238 7239 7240 7240 7241 7238 7242 7243 7238 7238 7241 7242 7244 7245 7237 7237 7236 7244 7246 7222 7221 7221 7247 7246 7248 7249 7243 7243 7242 7248 7248 7234 7233 7233 7249 7248 7250 7251 7231 7231 7230 7250 7250 7240 7239 7239 7251 7250 7252 7253 7225 7225 7224 7252 7252 7228 7227 7227 7253 7252 7254 7255 7256 7255 7257 7256 7254 7256 7258 7254 7258 7259 7260 7259 7261 7260 7261 7262 7260 7262 7263 7264 7260 7263 7260 7265 7259 7265 7266 7259 7266 7267 7259 7267 7268 7259 7268 7269 7259 7269 7254 7259 7270 7271 7272 7271 7273 7272 7270 7272 7274 7270 7274 7275 7276 7275 7277 7278 7279 7277 7279 7280 7277 7280 7281 7277 7281 7276 7277 7276 7282 7275 7282 7283 7275 7283 7284 7275 7284 7285 7275 7285 7270 7275 7190 7180 7179 7179 7191 7190 7286 7287 7288 7288 7289 7286 7290 7291 7287 7287 7286 7290 7286 7292 7293 7293 7290 7286 7289 7294 7292 7292 7286 7289 7295 7296 7297 7297 7298 7295 7299 7300 7288 7288 7287 7299 7295 7298 7301 7301 7302 7295 7303 7304 7300 7300 7299 7303 7305 7306 7307 7307 7308 7305 7309 7310 7306 7306 7305 7309 7311 7312 7313 7313 7314 7311 7315 7316 7317 7317 7318 7315 7319 7320 7321 7321 7322 7319 7304 7323 7324 7324 7300 7304 7325 7326 7327 7327 7328 7325 7329 7330 7331 7331 7332 7329 7332 7333 7334 7334 7329 7332 7335 7336 7333 7333 7332 7335 7332 7331 7337 7337 7335 7332 7338 7339 7340 7340 7341 7338 7314 7340 7339 7339 7311 7314 7342 7343 7344 7344 7345 7342 7312 7346 7347 7347 7313 7312 7348 7349 7350 7350 7351 7348 7350 7352 7353 7353 7351 7350 7354 7355 7356 7356 7357 7354 7357 7358 7359 7359 7354 7357 7360 7361 7362 7362 7363 7360 7364 7365 7356 7356 7355 7364 7366 7367 7368 7368 7369 7366 7370 7320 7319 7319 7371 7370 7320 7372 7373 7373 7321 7320 7370 7374 7372 7372 7320 7370 7369 7368 7375 7375 7318 7369 7376 7377 7325 7325 7378 7376 7347 7346 7343 7343 7342 7347 7345 7344 7379 7380 7381 7382 7382 7383 7380 7384 7385 7381 7381 7380 7384 7386 7387 7388 7388 7389 7386 7390 7391 7387 7387 7386 7390 7392 7393 7394 7394 7395 7392 7396 7397 7393 7393 7392 7396 7398 7399 7396 7396 7392 7398 7395 7400 7398 7398 7392 7395 7391 7390 7401 7401 7402 7391 7403 7404 7391 7391 7402 7403 7405 7406 7397 7397 7396 7405 7407 7408 7409 7409 7410 7407 7411 7412 7413 7413 7414 7411 7415 7416 7417 7417 7418 7415 7419 7420 7370 7370 7371 7419 7318 7375 7421 7421 7422 7318 7412 7423 7424 7424 7413 7412 7415 7425 7426 7426 7416 7415 7420 7427 7374 7374 7370 7420 7428 7429 7430 7430 7431 7428 7432 7433 7428 7428 7431 7432 7434 7435 7436 7436 7437 7434 7437 7438 7439 7439 7434 7437 7440 7441 7442 7442 7443 7440 7444 7445 7446 7446 7376 7444 7353 7352 7447 7447 7448 7353 7449 7450 7309 7309 7451 7449 7452 7453 7454 7454 7455 7452 7456 7367 7366 7366 7457 7456 7458 7440 7443 7443 7459 7458 7460 7461 7458 7458 7459 7460 7330 7304 7303 7303 7331 7330 7358 7349 7348 7348 7359 7358 7331 7303 7462 7462 7337 7331 7302 7301 7308 7308 7307 7302 7463 7369 7323 7323 7464 7463 7464 7323 7304 7304 7330 7464 7465 7466 7343 7343 7346 7465 7441 7440 7466 7466 7465 7441 7466 7440 7458 7458 7467 7466 7467 7344 7343 7343 7466 7467 7468 7379 7344 7344 7467 7468 7467 7458 7469 7469 7468 7467 7470 7441 7465 7465 7471 7470 7471 7403 7402 7402 7470 7471 7312 7311 7403 7403 7471 7312 7471 7465 7346 7346 7312 7471 7404 7403 7311 7311 7339 7404 7300 7324 7472 7472 7288 7300 7473 7391 7404 7404 7474 7473 7475 7476 7473 7473 7474 7475 7338 7477 7475 7475 7474 7338 7474 7404 7339 7339 7338 7474 7478 7463 7464 7464 7479 7478 7479 7480 7481 7481 7478 7479 7329 7334 7480 7480 7479 7329 7479 7464 7330 7330 7329 7479 7323 7369 7482 7482 7324 7323 7324 7482 7483 7483 7472 7324 7472 7483 7484 7484 7485 7472 7485 7289 7288 7288 7472 7485 7485 7486 7294 7294 7289 7485 7485 7484 7487 7487 7486 7485 7488 7308 7301 7301 7489 7488 7490 7491 7351 7351 7353 7490 7492 7305 7308 7308 7488 7492 7491 7493 7348 7348 7351 7491 7309 7450 7494 7494 7310 7309 7495 7496 7355 7355 7354 7495 7328 7497 7378 7378 7325 7328 7498 7499 7406 7406 7405 7498 7327 7326 7500 7500 7501 7327 7451 7309 7305 7305 7492 7451 7353 7448 7502 7502 7490 7353 7462 7303 7299 7299 7503 7462 7503 7299 7287 7287 7291 7503 7326 7504 7505 7505 7500 7326 7325 7377 7504 7504 7326 7325 7333 7506 7507 7507 7334 7333 7508 7509 7510 7510 7511 7508 7336 7512 7506 7506 7333 7336 7447 7352 7513 7514 7477 7338 7338 7341 7514 7515 7516 7517 7517 7518 7515 7519 7520 7516 7516 7515 7519 7521 7522 7523 7524 7525 7526 7525 7527 7526 7518 7517 7526 7517 7524 7526 7318 7317 7482 7482 7369 7318 7364 7355 7496 7496 7528 7364 7378 7529 7530 7530 7376 7378 7530 7531 7444 7444 7376 7530 7532 7498 7405 7405 7533 7532 7534 7495 7354 7354 7359 7534 7359 7348 7493 7493 7534 7359 7298 7535 7489 7489 7301 7298 7297 7536 7535 7535 7298 7297 7537 7538 7539 7539 7540 7537 7540 7541 7542 7542 7537 7540 7537 7542 7543 7543 7544 7537 7544 7545 7538 7538 7537 7544 7546 7547 7548 7548 7549 7546 7550 7540 7539 7539 7551 7550 7552 7547 7546 7546 7553 7552 7554 7550 7551 7551 7555 7554 7556 7557 7558 7558 7559 7556 7559 7560 7561 7561 7556 7559 7562 7563 7564 7564 7565 7562 7315 7566 7567 7567 7316 7315 7568 7569 7570 7570 7571 7568 7555 7551 7572 7572 7573 7555 7327 7574 7575 7575 7328 7327 7576 7577 7578 7578 7579 7576 7579 7578 7580 7580 7581 7579 7581 7582 7583 7583 7579 7581 7579 7583 7584 7584 7576 7579 7585 7586 7587 7587 7588 7585 7565 7564 7588 7588 7587 7565 7589 7590 7591 7591 7592 7589 7563 7562 7593 7593 7594 7563 7595 7596 7597 7597 7598 7595 7599 7600 7595 7595 7598 7599 7601 7602 7603 7603 7604 7601 7605 7606 7602 7602 7601 7605 7607 7608 7609 7609 7610 7607 7611 7604 7603 7603 7612 7611 7613 7614 7615 7615 7616 7613 7570 7569 7617 7617 7618 7570 7619 7620 7569 7569 7568 7619 7617 7569 7620 7620 7621 7617 7614 7566 7622 7622 7615 7614 7575 7623 7624 7624 7625 7575 7592 7594 7593 7593 7589 7592 7590 7626 7591 7627 7628 7629 7629 7630 7627 7630 7631 7632 7632 7627 7630 7633 7634 7635 7635 7636 7633 7636 7637 7638 7638 7633 7636 7639 7640 7641 7641 7642 7639 7642 7643 7644 7644 7639 7642 7644 7645 7646 7646 7639 7644 7646 7647 7640 7640 7639 7646 7648 7638 7637 7637 7649 7648 7637 7650 7651 7651 7649 7637 7652 7644 7643 7643 7653 7652 7654 7655 7656 7656 7657 7654 7658 7659 7660 7660 7661 7658 7662 7663 7664 7664 7665 7662 7617 7666 7667 7667 7618 7617 7566 7422 7421 7421 7622 7566 7661 7660 7668 7668 7669 7661 7664 7663 7426 7426 7425 7664 7621 7670 7666 7666 7617 7621 7671 7672 7673 7673 7674 7671 7673 7675 7676 7676 7674 7673 7677 7678 7679 7679 7680 7677 7680 7679 7681 7681 7682 7680 7683 7684 7685 7685 7686 7683 7687 7624 7688 7688 7689 7687 7690 7600 7599 7599 7691 7690 7449 7451 7561 7561 7692 7449 7693 7694 7695 7695 7696 7693 7697 7698 7613 7613 7616 7697 7684 7683 7699 7699 7700 7684 7699 7701 7702 7702 7700 7699 7577 7576 7554 7554 7555 7577 7597 7596 7606 7606 7605 7597 7703 7554 7576 7576 7584 7703 7557 7552 7553 7553 7558 7557 7704 7705 7573 7573 7614 7704 7555 7573 7705 7705 7577 7555 7592 7706 7707 7707 7594 7592 7706 7683 7686 7686 7707 7706 7699 7683 7706 7706 7708 7699 7708 7706 7592 7592 7591 7708 7591 7626 7709 7709 7708 7591 7708 7709 7710 7710 7699 7708 7707 7686 7711 7711 7712 7707 7712 7711 7649 7649 7651 7712 7651 7564 7563 7563 7712 7651 7712 7563 7594 7594 7707 7712 7564 7651 7650 7650 7588 7564 7551 7539 7713 7713 7572 7551 7650 7637 7714 7714 7715 7650 7714 7716 7717 7717 7715 7714 7717 7718 7585 7585 7715 7717 7715 7585 7588 7588 7650 7715 7705 7704 7719 7719 7720 7705 7720 7719 7721 7721 7722 7720 7722 7580 7578 7578 7720 7722 7720 7578 7577 7577 7705 7720 7573 7572 7723 7723 7614 7573 7572 7713 7724 7724 7723 7572 7725 7724 7713 7713 7726 7725 7726 7713 7539 7539 7538 7726 7726 7538 7545 7545 7727 7726 7726 7727 7728 7728 7725 7726 7488 7489 7552 7552 7557 7488 7490 7599 7598 7598 7491 7490 7557 7556 7492 7492 7488 7557 7491 7598 7597 7597 7493 7491 7729 7692 7561 7561 7560 7729 7495 7601 7604 7604 7496 7495 7328 7575 7625 7625 7497 7328 7498 7652 7653 7653 7499 7498 7730 7574 7327 7327 7501 7730 7451 7492 7556 7556 7561 7451 7502 7691 7599 7599 7490 7502 7703 7731 7550 7550 7554 7703 7731 7541 7540 7540 7550 7731 7574 7730 7732 7732 7733 7574 7733 7623 7575 7575 7574 7733 7734 7735 7581 7581 7580 7734 7736 7737 7738 7738 7739 7736 7735 7740 7582 7582 7581 7735 7690 7741 7600 7742 7586 7585 7585 7718 7742 7743 7744 7745 7745 7746 7743 7747 7743 7746 7746 7748 7747 7749 7747 7748 7750 7751 7752 7751 7745 7744 7751 7744 7753 7751 7753 7752 7566 7614 7723 7723 7567 7566 7611 7528 7496 7496 7604 7611 7530 7529 7625 7625 7624 7530 7687 7531 7530 7530 7624 7687 7652 7498 7532 7532 7754 7652 7601 7495 7534 7534 7605 7601 7605 7534 7493 7493 7597 7605 7489 7535 7547 7547 7552 7489 7535 7536 7548 7548 7547 7535 </p></triangles>
</mesh></geometry></library_geometries>
<library_controllers><controller id="skin"><skin source="#g"><bind_shape_matrix>1 0 0 0 0 1 0 0 0 0 1 0 0 0 0 1</bind_shape_matrix>
<source id="skin-j"><Name_array id="skin-j-a" count="47">Body Torso Chest Neck Head Shoulder.L UpperArm.L LowerArm.L PalmP.L Pinky1.L Pinky2.L PalmR.L Ring1.L Ring2.L PalmI.L Index1.L Index2.L PalmT.L Thumb1.L Thumb2.L Shoulder.R UpperArm.R LowerArm.R PalmP.R Pinky1.R Pinky2.R PalmR.R Ring1.R Ring2.R PalmI.R Index1.R Index2.R PalmT.R Thumb1.R Thumb2.R UpperLeg.L MidLeg.L LowerLeg.L FootBack.L UpperLeg.R MidLeg.R LowerLeg.R FootBack.R PoleTarget.L PoleTarget.R Foot.L Foot.R </Name_array><technique_common><accessor source="#skin-j-a" count="47" stride="1"><param name="JOINT" type="name"/></accessor></technique_common></source>
<source id="skin-b"><float_array id="skin-b-a" count="752">1 0 0 -0 0 0.320255 0.947331 -2.27879 0 -0.947331 0.320255 -1.73875 0 0 0 1 1 0 0 -0 0 0.320255 0.947331 -2.2044 0 -0.947331 0.320255 -0.954112 0 0 0 1 1 2.38388e-07 3.80839e-09 -5.11883e-08 1.30057e-14 -0.0159736 0.999872 -3.44832 2.38419e-07 -0.999872 -0.0159736 0.2147 0 0 0 1 1 -2.2665e-07 -7.39814e-08 3.67346e-07 2.20926e-14 -0.3103 0.950639 -4.26147 -2.38419e-07 -0.950639 -0.3103 1.54076 0 0 0 1 1 -4.65657e-14 -1.23925e-14 8.32948e-14 7.89909e-16 -0.241301 0.97045 -4.82626 -4.818e-14 -0.97045 -0.241301 1.1976 0 0 0 1 0.539918 0.0150354 -0.841583 3.70766 0.841678 -1.56212e-07 0.539979 -2.81648 0.00811868 -0.999887 -0.0126551 0.181064 0 0 0 1 -0.00629359 -3.12126e-07 -0.99998 4.86531 0.99998 9.86351e-08 -0.00629359 -0.675724 1.00598e-07 -1 3.11499e-07 0.125295 0 0 0 1 1.096e-08 -1 -3.73195e-08 0.125297 0.9869 1.68372e-08 -0.161331 -1.0609 0.161331 -3.50625e-08 0.9869 -5.0915 0 0 0 1 0.656566 -0.754269 -1.75777e-08 -1.8435 0.754269 0.656566 9.4273e-10 -2.30867 1.08299e-08 -1.38773e-08 1 -4.67656 0 0 0 1 0.352283 -0.934119 0.0576056 -1.10893 0.931639 0.344155 -0.116641 -2.47009 0.0891317 0.0947585 0.991502 -4.9428 0 0 0 1 0.290007 -0.957024 5.41008e-09 -0.625974 0.870254 0.263713 -0.416069 -1.04752 0.398188 0.120663 0.909333 -5.59612 0 0 0 1 0.0894361 -0.995993 -1.50443e-08 -0.139197 0.995993 0.0894361 -1.73956e-09 -2.95112 3.07809e-09 -1.48284e-08 1 -4.67656 0 0 0 1 -0.0109884 -0.99994 -1.46629e-07 0.180843 0.996303 -0.0109484 -0.0852139 -2.76927 0.0852087 -0.000936506 0.996363 -4.93047 0 0 0 1 -0.0208289 -0.999783 -6.11477e-08 0.214639 0.932962 -0.0194367 -0.359449 -1.53045 0.359371 -0.00748697 0.933165 -5.57759 0 0 0 1 -0.505107 -0.863057 -1.4573e-08 1.59908 0.863057 -0.505107 1.46555e-08 -2.48423 -2.00095e-08 -5.17469e-09 1 -4.67656 0 0 0 1 -0.393919 -0.919145 7.22307e-08 1.24865 0.913043 -0.391304 -0.115037 -2.3401 0.105736 -0.0453154 0.993361 -4.97881 0 0 0 1 -0.352455 -0.935829 -1.51265e-08 1.10902 0.858764 -0.323431 -0.397387 -1.04108 0.371886 -0.140061 0.917651 -5.52187 0 0 0 1 -0.995298 0.0968574 3.77085e-06 2.92571 -0.0968574 -0.995298 -2.23953e-10 0.410605 3.7531e-06 -3.65458e-07 1 -4.67657 0 0 0 1 -0.87669 -0.481055 5.48745e-08 2.53829 0.476889 -0.869098 -0.131322 -0.84403 0.0631732 -0.115129 0.99134 -4.82922 0 0 0 1 -0.494918 -0.86894 4.28664e-08 1.3163 0.809133 -0.460854 -0.364579 -0.821379 0.316798 -0.180437 0.931172 -5.32324 0 0 0 1 0.539918 -0.0150354 0.841583 -3.70766 -0.841678 -1.63457e-07 0.539979 -2.81648 -0.00811866 -0.999887 -0.0126551 0.181064 0 0 0 1 -0.00629339 2.19439e-07 0.99998 -4.86531 -0.99998 1.82957e-07 -0.00629339 -0.675725 -1.84335e-07 -1 2.18284e-07 0.125295 0 0 0 1 5.15377e-08 1 -7.30887e-08 -0.125296 -0.9869 3.90711e-08 -0.161331 -1.0609 -0.161331 8.04459e-08 0.9869 -5.0915 0 0 0 1 0.656566 0.754269 1.99085e-08 1.8435 -0.754269 0.656566 3.54693e-08 -2.30867 1.36822e-08 -3.83043e-08 1 -4.67656 0 0 0 1 0.352283 0.934119 -0.0576057 1.10893 -0.931639 0.344155 -0.116642 -2.47009 -0.0891317 0.0947586 0.991502 -4.9428 0 0 0 1 0.290007 0.957024 -7.61683e-08 0.625975 -0.870254 0.263713 -0.416069 -1.04752 -0.398189 0.120663 0.909333 -5.59612 0 0 0 1 0.0894361 0.995993 -4.33802e-08 0.139198 -0.995993 0.0894361 4.54019e-08 -2.95112 4.90997e-08 3.91458e-08 1 -4.67656 0 0 0 1 -0.0109883 0.99994 6.16438e-08 -0.180842 -0.996303 -0.0109484 -0.0852139 -2.76927 -0.0852088 -0.000936421 0.996363 -4.93047 0 0 0 1 -0.0208288 0.999783 -2.31267e-08 -0.214639 -0.932962 -0.0194367 -0.359449 -1.53045 -0.359371 -0.00748687 0.933165 -5.57759 0 0 0 1 -0.505107 0.863057 -4.17835e-09 -1.59908 -0.863057 -0.505107 2.16841e-08 -2.48423 1.66041e-08 1.4559e-08 1 -4.67656 0 0 0 1 -0.393919 0.919145 -2.59113e-07 -1.24865 -0.913043 -0.391304 -0.115037 -2.3401 -0.105736 -0.0453152 0.993361 -4.97881 0 0 0 1 -0.352455 0.935829 -1.70377e-07 -1.10902 -0.858764 -0.323431 -0.397387 -1.04109 -0.371886 -0.140061 0.917651 -5.52187 0 0 0 1 -0.995298 -0.0968573 -3.89076e-06 -2.92571 0.0968573 -0.995298 -8.58503e-09 0.410605 -3.87163e-06 -3.85393e-07 1 -4.67657 0 0 0 1 -0.87669 0.481055 -6.76008e-08 -2.53829 -0.476889 -0.869098 -0.131322 -0.84403 -0.0631732 -0.115129 0.99134 -4.82922 0 0 0 1 -0.494918 0.86894 2.75805e-08 -1.3163 -0.809133 -0.460854 -0.364579 -0.821378 -0.316798 -0.180437 0.931172 -5.32324 0 0 0 1 1 -5.74758e-07 7.61019e-07 -0.959896 -7.08104e-14 -0.797985 -0.602677 1.77565 9.53675e-07 0.602677 -0.797985 2.08661 0 0 0 1 1 -1.28706e-08 5.21977e-09 -0.959894 1.38888e-08 0.926685 -0.375838 1.62227 1.73567e-13 0.375838 0.926685 -1.35298 0 0 0 1 -1 -3.65369e-07 3.94279e-07 0.959893 3.97909e-08 -0.781789 -0.623544 1.20955 5.36066e-07 -0.623544 0.781789 -0.609394 0 0 0 1 1 5.11257e-10 1.65287e-08 -0.959894 -5.701e-14 0.999522 -0.0309133 0.86035 -1.65366e-08 0.0309133 0.999522 -0.0687429 0 0 0 1 1 5.74758e-07 -7.61019e-07 0.959896 7.08104e-14 -0.797985 -0.602677 1.77565 -9.53675e-07 0.602677 -0.797985 2.08661 0 0 0 1 1 1.28706e-08 -5.21977e-09 0.959894 -1.38888e-08 0.926685 -0.375838 1.62227 -1.73567e-13 0.375838 0.926685 -1.35298 0 0 0 1 -1 3.65369e-07 -3.94279e-07 -0.959893 -3.97909e-08 -0.781789 -0.623544 1.20955 -5.36066e-07 -0.623544 0.781789 -0.609394 0 0 0 1 1 -5.11257e-10 -1.65287e-08 0.959894 5.701e-14 0.999522 -0.0309133 0.86035 1.65366e-08 0.0309133 0.999522 -0.0687429 0 0 0 1 1 0 0 -0.959893 0 -1.63913e-07 1 -2.09844 0 -1 -1.63913e-07 -5.88779 0 0 0 1 1 0 0 0.959893 0 -1.63913e-07 1 -2.09844 0 -1 -1.63913e-07 -5.88779 0 0 0 1 -1 0 0 0.959894 0 -1 0 -0.857814 0 0 1 -0.0953062 0 0 0 1 -1 0 0 -0.959894 0 -1 0 -0.857814 0 0 1 -0.0953062 0 0 0 1 </float_array><technique_common><accessor source="#skin-b-a" count="47" stride="16"><param name="TRANSFORM" type="float4x4"/></accessor></technique_common></source>
<source id="skin-w"><float_array id="skin-w-a" count="7997">1.0000 1.0000 1.0000 1.0000 1.0000 1.0000 1.0000 1.0000 1.0000 1.0000 1.0000 1.0000 1.0000 1.0000 1.0000 1.0000 1.0000 1.0000 1.0000 1.0000 1.0000 1.0000 1.0000 1.0000 1.0000 1.0000 1.0000 1.0000 1.0000 1.0000 1.0000 1.0000 0.7354 0.2646 1.0000 1.0000 0.7298 0.2702 1.0000 0.8385 0.1615 0.7538 0.2462 1.0000 1.0000 0.7538 0.2462 0.7811 0.2189 1.0000 0.8834 0.1166 0.8385 0.1615 1.0000 1.0000 0.7811 0.2189 0.8834 0.1166 1.0000 1.0000 0.9679 0.0321 0.9988 0.0012 0.7679 0.2321 0.5101 0.4899 0.9988 0.0012 1.0000 0.7354 0.2646 0.7679 0.2321 0.7298 0.2702 1.0000 0.9679 0.0321 0.5101 0.4899 1.0000 0.9679 0.0321 1.0000 1.0000 1.0000 1.0000 1.0000 1.0000 1.0000 1.0000 1.0000 1.0000 1.0000 0.9988 0.0012 1.0000 1.0000 1.0000 1.0000 0.7369 0.2631 1.0000 1.0000 0.7270 0.2730 0.8990 0.1010 0.8264 0.1523 0.0213 0.7792 0.2137 0.0070 0.9253 0.0747 0.7792 0.2137 0.0070 0.7847 0.2107 0.0046 0.8687 0.1313 0.9253 0.0747 0.5589 0.4411 0.8391 0.1588 0.0021 0.8264 0.1523 0.0213 0.8990 0.1010 0.7847 0.2107 0.0046 0.8391 0.1588 0.0021 0.5589 0.4411 0.8687 0.1313 1.0000 1.0000 0.8091 0.1909 0.7909 0.2091 1.0000 1.0000 0.7369 0.2631 0.8091 0.1909 0.7270 0.2730 1.0000 1.0000 0.7909 0.2091 1.0000 1.0000 1.0000 1.0000 1.0000 1.0000 1.0000 1.0000 1.0000 1.0000 1.0000 1.0000 1.0000 1.0000 1.0000 1.0000 1.0000 1.0000 0.7205 0.2795 1.0000 1.0000 0.7220 0.2780 0.8818 0.0951 0.0231 0.7913 0.2012 0.0075 0.9492 0.0508 0.9772 0.0228 0.7913 0.2012 0.0075 0.7650 0.2194 0.0155 0.9475 0.0525 0.9492 0.0508 0.9778 0.0222 0.8197 0.1475 0.0328 0.8818 0.0951 0.0231 0.9772 0.0228 0.9475 0.0525 0.7650 0.2194 0.0155 0.8197 0.1475 0.0328 0.9778 0.0222 1.0000 0.9605 0.0395 0.5057 0.4943 0.7552 0.2448 0.9605 0.0395 1.0000 0.7205 0.2795 0.5057 0.4943 0.7220 0.2780 1.0000 1.0000 0.7552 0.2448 1.0000 1.0000 1.0000 1.0000 1.0000 1.0000 1.0000 1.0000 1.0000 1.0000 1.0000 1.0000 1.0000 0.9605 0.0395 1.0000 1.0000 1.0000 1.0000 1.0000 1.0000 0.7176 0.2824 0.7874 0.2126 0.8669 0.1331 0.5264 0.4736 0.9135 0.0703 0.0162 0.9377 0.0623 0.9135 0.0703 0.0162 0.5264 0.4736 0.7472 0.2282 0.0245 0.9349 0.0651 0.8394 0.1249 0.0357 0.8669 0.1331 0.9377 0.0623 1.0000 0.9349 0.0651 0.7472 0.2282 0.0245 0.8394 0.1249 0.0357 1.0000 0.7687 0.2313 1.0000 0.9927 0.0073 0.5061 0.4939 0.9927 0.0073 1.0000 0.7874 0.2126 0.5061 0.4939 0.7176 0.2824 1.0000 1.0000 0.7687 0.2313 1.0000 1.0000 1.0000 1.0000 1.0000 1.0000 1.0000 1.0000 1.0000 1.0000 0.9927 0.0073 1.0000 1.0000 1.0000 1.0000 0.9927 0.0073 1.0000 1.0000 1.0000 1.0000 0.7354 0.2646 0.7298 0.2702 1.0000 1.0000 1.0000 1.0000 0.7538 0.2462 0.8385 0.1615 1.0000 1.0000 0.7811 0.2189 0.7538 0.2462 1.0000 0.8385 0.1615 0.8834 0.1166 1.0000 1.0000 0.8834 0.1166 0.7811 0.2189 1.0000 0.7679 0.2321 0.9988 0.0012 0.9679 0.0321 0.5101 0.4899 0.7354 0.2646 1.0000 0.9988 0.0012 0.7679 0.2321 0.7298 0.2702 0.5101 0.4899 0.9679 0.0321 1.0000 1.0000 1.0000 1.0000 0.9679 0.0321 1.0000 1.0000 1.0000 1.0000 1.0000 1.0000 1.0000 1.0000 1.0000 0.9988 0.0012 1.0000 1.0000 1.0000 1.0000 0.7369 0.2631 0.7270 0.2730 1.0000 1.0000 0.8990 0.1010 0.9253 0.0747 0.7792 0.2137 0.0070 0.8264 0.1523 0.0213 0.8687 0.1313 0.7847 0.2107 0.0046 0.7792 0.2137 0.0070 0.9253 0.0747 0.5589 0.4411 0.8990 0.1010 0.8264 0.1523 0.0213 0.8391 0.1588 0.0021 0.5589 0.4411 0.8391 0.1588 0.0021 0.7847 0.2107 0.0046 0.8687 0.1313 0.8091 0.1909 1.0000 1.0000 0.7909 0.2091 0.7369 0.2631 1.0000 1.0000 0.8091 0.1909 0.7270 0.2730 0.7909 0.2091 1.0000 1.0000 1.0000 1.0000 1.0000 1.0000 1.0000 1.0000 1.0000 1.0000 1.0000 1.0000 1.0000 1.0000 1.0000 1.0000 1.0000 1.0000 1.0000 1.0000 0.7205 0.2795 0.7220 0.2780 1.0000 1.0000 0.9492 0.0508 0.7913 0.2012 0.0075 0.8818 0.0951 0.0231 0.9772 0.0228 0.9475 0.0525 0.7650 0.2194 0.0155 0.7913 0.2012 0.0075 0.9492 0.0508 0.9778 0.0222 0.9772 0.0228 0.8818 0.0951 0.0231 0.8197 0.1475 0.0328 0.9475 0.0525 0.9778 0.0222 0.8197 0.1475 0.0328 0.7650 0.2194 0.0155 0.5057 0.4943 0.9605 0.0395 1.0000 0.7552 0.2448 0.7205 0.2795 1.0000 0.9605 0.0395 0.5057 0.4943 0.7220 0.2780 0.7552 0.2448 1.0000 1.0000 1.0000 1.0000 1.0000 1.0000 1.0000 1.0000 1.0000 1.0000 1.0000 1.0000 1.0000 1.0000 1.0000 0.9605 0.0395 1.0000 1.0000 1.0000 1.0000 0.7176 0.2824 1.0000 1.0000 0.7874 0.2126 0.9135 0.0703 0.0162 0.5264 0.4736 0.8669 0.1331 0.9377 0.0623 0.9135 0.0703 0.0162 0.9349 0.0651 0.7472 0.2282 0.0245 0.5264 0.4736 0.9377 0.0623 0.8669 0.1331 0.8394 0.1249 0.0357 1.0000 0.9349 0.0651 1.0000 0.8394 0.1249 0.0357 0.7472 0.2282 0.0245 0.7687 0.2313 0.5061 0.4939 0.9927 0.0073 1.0000 0.7874 0.2126 1.0000 0.9927 0.0073 0.5061 0.4939 0.7176 0.2824 0.7687 0.2313 1.0000 1.0000 1.0000 1.0000 1.0000 1.0000 1.0000 1.0000 1.0000 1.0000 0.9927 0.0073 1.0000 1.0000 1.0000 1.0000 1.0000 1.0000 0.9927 0.0073 1.0000 1.0000 1.0000 1.0000 1.0000 1.0000 1.0000 1.0000 1.0000 1.0000 1.0000 1.0000 1.0000 1.0000 1.0000 1.0000 1.0000 1.0000 1.0000 1.0000 1.0000 1.0000 1.0000 1.0000 1.0000 1.0000 1.0000 1.0000 1.0000 1.0000 1.0000 1.0000 1.0000 1.0000 1.0000 1.0000 1.0000 1.0000 1.0000 1.0000 1.0000 1.0000 1.0000 1.0000 1.0000 1.0000 1.0000 1.0000 1.0000 1.0000 1.0000 1.0000 1.0000 1.0000 1.0000 1.0000 1.0000 1.0000 1.0000 1.0000 1.0000 1.0000 1.0000 1.0000 1.0000 1.0000 1.0000 1.0000 1.0000 1.0000 1.0000 1.0000 1.0000 1.0000 1.0000 1.0000 1.0000 1.0000 1.0000 1.0000 1.0000 1.0000 1.0000 1.0000 1.0000 1.0000 1.0000 1.0000 1.0000 1.0000 1.0000 1.0000 1.0000 1.0000 1.0000 1.0000 1.0000 1.0000 1.0000 1.0000 1.0000 1.0000 1.0000 1.0000 1.0000 1.0000 1.0000 1.0000 1.0000 1.0000 1.0000 1.0000 1.0000 1.0000 1.0000 1.0000 1.0000 1.0000 1.0000 1.0000 1.0000 1.0000 1.0000 1.0000 1.0000 1.0000 1.0000 1.0000 1.0000 1.0000 1.0000 1.0000 1.0000 1.0000 1.0000 1.0000 1.0000 1.0000 1.0000 1.0000 1.0000 1.0000 1.0000 1.0000 1.0000 1.0000 1.0000 1.0000 1.0000 1.0000 1.0000 1.0000 1.0000 1.0000 1.0000 1.0000 1.0000 1.0000 1.0000 1.0000 1.0000 1.0000 1.0000 1.0000 1.0000 1.0000 1.0000 1.0000 1.0000 1.0000 1.0000 1.0000 1.0000 1.0000 1.0000 1.0000 1.0000 1.0000 1.0000 1.0000 1.0000 1.0000 1.0000 1.0000 1.0000 1.0000 1.0000 1.0000 1.0000 1.0000 1.0000 1.0000 1.0000 1.0000 1.0000 1.0000 1.0000 1.0000 1.0000 1.0000 1.0000 1.0000 1.0000 1.0000 1.0000 1.0000 1.0000 1.0000 1.0000 1.0000 1.0000 1.0000 1.0000 1.0000 1.0000 1.0000 1.0000 1.0000 1.0000 1.0000 1.0000 1.0000 1.0000 1.0000 1.0000 1.0000 1.0000 1.0000 1.0000 1.0000 1.0000 1.0000 1.0000 1.0000 1.0000 1.0000 1.0000 1.0000 1.0000 1.0000 1.0000 1.0000 1.0000 1.0000 1.0000 1.0000 1.0000 1.0000 1.0000 1.0000 1.0000 1.0000 1.0000 1.0000 1.0000 1.0000 1.0000 1.0000 1.0000 1.0000 1.0000 1.0000 1.0000 1.0000 1.0000 1.0000 1.0000 1.0000 1.0000 1.0000 1.0000 1.0000 1.0000 1.0000 1.0000 1.0000 1.0000 1.0000 1.0000 1.0000 1.0000 1.0000 1.0000 1.0000 1.0000 1.0000 1.0000 1.0000 1.0000 1.0000 1.0000 1.0000 1.0000 1.0000 1.0000 1.0000 1.0000 1.0000 1.0000 1.0000 1.0000 1.0000 1.0000 1.0000 1.0000 1.0000 1.0000 1.0000 1.0000 1.0000 1.0000 1.0000 1.0000 1.0000 1.0000 1.0000 1.0000 1.0000 1.0000 1.0000 1.0000 1.0000 1.0000 1.0000 1.0000 1.0000 1.0000 1.0000 1.0000 1.0000 1.0000 1.0000 1.0000 1.0000 1.0000 1.0000 1.0000 1.0000 1.0000 1.0000 1.0000 1.0000 1.0000 1.0000 1.0000 1.0000 1.0000 1.0000 1.0000 1.0000 1.0000 1.0000 1.0000 1.0000 1.0000 1.0000 1.0000 1.0000 1.0000 1.0000 1.0000 1.0000 1.0000 1.0000 1.0000 1.0000 1.0000 1.0000 1.0000 1.0000 1.0000 1.0000 1.0000 1.0000 1.0000 1.0000 1.0000 1.0000 1.0000 1.0000 1.0000 1.0000 1.0000 1.0000 1.0000 1.0000 1.0000 1.0000 1.0000 1.0000 1.0000 1.0000 1.0000 1.0000 1.0000 1.0000 1.0000 1.0000 1.0000 1.0000 1.0000 1.0000 1.0000 1.0000 1.0000 1.0000 1.0000 1.0000 1.0000 1.0000 1.0000 1.0000 1.0000 1.0000 1.0000 1.0000 1.0000 1.0000 1.0000 1.0000 1.0000 1.0000 1.0000 1.0000 1.0000 1.0000 1.0000 1.0000 1.0000 1.0000 1.0000 1.0000 1.0000 1.0000 1.0000 1.0000 1.0000 1.0000 1.0000 1.0000 1.0000 1.0000 1.0000 1.0000 1.0000 1.0000 1.0000 1.0000 1.0000 1.0000 1.0000 1.0000 1.0000 1.0000 1.0000 1.0000 1.0000 1.0000 1.0000 1.0000 1.0000 1.0000 1.0000 1.0000 1.0000 1.0000 1.0000 1.0000 1.0000 1.0000 1.0000 1.0000 1.0000 1.0000 1.0000 1.0000 1.0000 1.0000 1.0000 1.0000 1.0000 1.0000 1.0000 1.0000 1.0000 1.0000 1.0000 1.0000 1.0000 1.0000 1.0000 1.0000 1.0000 1.0000 1.0000 1.0000 1.0000 1.0000 1.0000 1.0000 1.0000 1.0000 1.0000 1.0000 1.0000 1.0000 1.0000 1.0000 1.0000 1.0000 1.0000 1.0000 1.0000 1.0000 1.0000 1.0000 1.0000 1.0000 1.0000 1.0000 1.0000 1.0000 1.0000 1.0000 1.0000 1.0000 1.0000 1.0000 1.0000 1.0000 1.0000 1.0000 1.0000 1.0000 1.0000 1.0000 1.0000 1.0000 1.0000 1.0000 1.0000 1.0000 1.0000 1.0000 1.0000 1.0000 1.0000 1.0000 1.0000 1.0000 1.0000 1.0000 1.0000 1.0000 1.0000 1.0000 1.0000 1.0000 1.0000 1.0000 1.0000 1.0000 1.0000 1.0000 1.0000 1.0000 1.0000 1.0000 1.0000 1.0000 1.0000 1.0000 1.0000 1.0000 1.0000 1.0000 1.0000 1.0000 1.0000 1.0000 1.0000 1.0000 1.0000 1.0000 1.0000 1.0000 1.0000 1.0000 1.0000 1.0000 1.0000 1.0000 1.0000 1.0000 1.0000 1.0000 1.0000 1.0000 1.0000 1.0000 1.0000 1.0000 1.0000 1.0000 1.0000 1.0000 1.0000 1.0000 1.0000 1.0000 1.0000 1.0000 1.0000 1.0000 1.0000 1.0000 1.0000 1.0000 1.0000 1.0000 1.0000 1.0000 1.0000 1.0000 1.0000 1.0000 1.0000 1.0000 1.0000 1.0000 1.0000 1.0000 1.0000 1.0000 1.0000 1.0000 1.0000 1.0000 1.0000 1.0000 1.0000 1.0000 1.0000 1.0000 1.0000 1.0000 1.0000 1.0000 1.0000 1.0000 1.0000 1.0000 1.0000 1.0000 1.0000 1.0000 1.0000 1.0000 1.0000 1.0000 1.0000 1.0000 1.0000 1.0000 1.0000 1.0000 1.0000 1.0000 1.0000 1.0000 1.0000 1.0000 1.0000 1.0000 1.0000 1.0000 1.0000 1.0000 1.0000 1.0000 1.0000 1.0000 1.0000 1.0000 1.0000 1.0000 1.0000 1.0000 1.0000 1.0000 1.0000 1.0000 1.0000 1.0000 1.0000 1.0000 1.0000 1.0000 1.0000 1.0000 1.0000 1.0000 1.0000 1.0000 1.0000 1.0000 1.0000 1.0000 1.0000 1.0000 1.0000 1.0000 1.0000 1.0000 1.0000 1.0000 1.0000 1.0000 1.0000 1.0000 1.0000 1.0000 1.0000 1.0000 1.0000 1.0000 1.0000 1.0000 1.0000 1.0000 1.0000 1.0000 1.0000 1.0000 1.0000 1.0000 1.0000 1.0000 1.0000 1.0000 1.0000 1.0000 1.0000 1.0000 1.0000 1.0000 1.0000 1.0000 1.0000 1.0000 1.0000 1.0000 1.0000 1.0000 1.0000 1.0000 1.0000 1.0000 1.0000 1.0000 1.0000 1.0000 1.0000 1.0000 1.0000 1.0000 1.0000 1.0000 1.0000 1.0000 1.0000 1.0000 1.0000 1.0000 1.0000 1.0000 1.0000 1.0000 1.0000 1.0000 1.0000 1.0000 1.0000 1.0000 1.0000 1.0000 1.0000 1.0000 1.0000 1.0000 1.0000 1.0000 1.0000 1.0000 1.0000 1.0000 1.0000 1.0000 1.0000 1.0000 1.0000 1.0000 1.0000 1.0000 1.0000 1.0000 1.0000 1.0000 1.0000 1.0000 1.0000 1.0000 1.0000 1.0000 1.0000 1.0000 1.0000 1.0000 1.0000 1.0000 1.0000 1.0000 1.0000 1.0000 1.0000 1.0000 1.0000 1.0000 1.0000 1.0000 1.0000 1.0000 1.0000 1.0000 1.0000 1.0000 1.0000 1.0000 1.0000 1.0000 1.0000 1.0000 1.0000 1.0000 1.0000 1.0000 1.0000 1.0000 1.0000 1.0000 1.0000 1.0000 1.0000 1.0000 1.0000 1.0000 1.0000 1.0000 1.0000 1.0000 1.0000 1.0000 1.0000 1.0000 1.0000 1.0000 1.0000 1.0000 1.0000 1.0000 1.0000 1.0000 1.0000 1.0000 1.0000 1.0000 1.0000 1.0000 1.0000 1.0000 1.0000 1.0000 1.0000 1.0000 1.0000 1.0000 1.0000 1.0000 1.0000 1.0000 1.0000 1.0000 1.0000 1.0000 1.0000 1.0000 1.0000 1.0000 1.0000 1.0000 1.0000 1.0000 1.0000 1.0000 1.0000 1.0000 1.0000 1.0000 1.0000 1.0000 1.0000 1.0000 1.0000 1.0000 1.0000 1.0000 1.0000 1.0000 1.0000 1.0000 1.0000 1.0000 1.0000 1.0000 1.0000 1.0000 1.0000 1.0000 1.0000 1.0000 1.0000 1.0000 1.0000 1.0000 1.0000 1.0000 1.0000 1.0000 1.0000 1.0000 1.0000 1.0000 1.0000 1.0000 1.0000 1.0000 1.0000 1.0000 1.0000 1.0000 1.0000 1.0000 1.0000 1.0000 1.0000 1.0000 1.0000 1.0000 1.0000 1.0000 1.0000 1.0000 1.0000 1.0000 1.0000 1.0000 1.0000 1.0000 1.0000 1.0000 1.0000 1.0000 1.0000 1.0000 1.0000 1.0000 1.0000 1.0000 1.0000 1.0000 1.0000 1.0000 1.0000 1.0000 1.0000 1.0000 1.0000 1.0000 1.0000 1.0000 1.0000 1.0000 1.0000 1.0000 1.0000 1.0000 1.0000 1.0000 1.0000 1.0000 1.0000 1.0000 1.0000 1.0000 1.0000 1.0000 1.0000 1.0000 1.0000 1.0000 1.0000 1.0000 1.0000 1.0000 1.0000 1.0000 1.0000 1.0000 1.0000 1.0000 1.0000 1.0000 1.0000 1.0000 1.0000 1.0000 1.0000 1.0000 1.0000 1.0000 1.0000 1.0000 1.0000 1.0000 1.0000 1.0000 1.0000 1.0000 1.0000 1.0000 1.0000 1.0000 1.0000 1.0000 1.0000 1.0000 1.0000 1.0000 1.0000 1.0000 1.0000 1.0000 1.0000 1.0000 1.0000 1.0000 1.0000 1.0000 1.0000 1.0000 1.0000 1.0000 1.0000 1.0000 1.0000 1.0000 1.0000 1.0000 1.0000 1.0000 1.0000 1.0000 1.0000 1.0000 1.0000 1.0000 1.0000 1.0000 1.0000 1.0000 1.0000 1.0000 1.0000 1.0000 1.0000 1.0000 1.0000 1.0000 1.0000 1.0000 1.0000 1.0000 1.0000 1.0000 1.0000 1.0000 1.0000 1.0000 1.0000 1.0000 1.0000 1.0000 1.0000 1.0000 1.0000 1.0000 1.0000 1.0000 1.0000 1.0000 1.0000 1.0000 1.0000 1.0000 1.0000 1.0000 1.0000 1.0000 1.0000 1.0000 1.0000 1.0000 1.0000 1.0000 1.0000 1.0000 1.0000 1.0000 1.0000 1.0000 1.0000 1.0000 1.0000 1.0000 1.0000 1.0000 1.0000 1.0000 1.0000 1.0000 1.0000 1.0000 1.0000 1.0000 1.0000 1.0000 1.0000 1.0000 1.0000 1.0000 1.0000 1.0000 1.0000 1.0000 1.0000 1.0000 1.0000 1.0000 1.0000 1.0000 1.0000 1.0000 1.0000 1.0000 1.0000 1.0000 1.0000 1.0000 1.0000 1.0000 1.0000 1.0000 1.0000 1.0000 1.0000 1.0000 1.0000 1.0000 1.0000 1.0000 1.0000 1.0000 1.0000 1.0000 1.0000 1.0000 1.0000 1.0000 1.0000 1.0000 1.0000 1.0000 1.0000 1.0000 1.0000 1.0000 1.0000 1.0000 1.0000 1.0000 1.0000 1.0000 1.0000 1.0000 1.0000 1.0000 1.0000 1.0000 1.0000 1.0000 1.0000 1.0000 1.0000 1.0000 1.0000 1.0000 1.0000 1.0000 1.0000 1.0000 1.0000 1.0000 1.0000 1.0000 1.0000 1.0000 1.0000 1.0000 1.0000 1.0000 1.0000 1.0000 1.0000 1.0000 1.0000 1.0000 1.0000 1.0000 1.0000 1.0000 1.0000 1.0000 1.0000 1.0000 1.0000 1.0000 1.0000 1.0000 1.0000 1.0000 1.0000 1.0000 1.0000 1.0000 1.0000 1.0000 1.0000 1.0000 1.0000 1.0000 1.0000 1.0000 1.0000 1.0000 1.0000 1.0000 1.0000 1.0000 1.0000 1.0000 1.0000 1.0000 1.0000 1.0000 1.0000 1.0000 1.0000 1.0000 1.0000 1.0000 1.0000 1.0000 1.0000 1.0000 1.0000 1.0000 1.0000 1.0000 1.0000 1.0000 1.0000 1.0000 1.0000 1.0000 1.0000 1.0000 1.0000 1.0000 1.0000 1.0000 1.0000 1.0000 1.0000 1.0000 1.0000 1.0000 1.0000 1.0000 1.0000 1.0000 1.0000 1.0000 1.0000 1.0000 1.0000 1.0000 1.0000 1.0000 1.0000 1.0000 1.0000 1.0000 1.0000 1.0000 1.0000 1.0000 1.0000 1.0000 1.0000 1.0000 1.0000 1.0000 1.0000 1.0000 1.0000 1.0000 1.0000 1.0000 1.0000 1.0000 1.0000 1.0000 1.0000 1.0000 1.0000 1.0000 1.0000 1.0000 1.0000 1.0000 1.0000 1.0000 1.0000 1.0000 1.0000 1.0000 1.0000 1.0000 1.0000 1.0000 1.0000 1.0000 1.0000 1.0000 1.0000 1.0000 1.0000 1.0000 1.0000 1.0000 1.0000 1.0000 1.0000 1.0000 1.0000 1.0000 1.0000 1.0000 1.0000 1.0000 1.0000 1.0000 1.0000 1.0000 1.0000 1.0000 1.0000 1.0000 1.0000 1.0000 1.0000 1.0000 1.0000 1.0000 1.0000 1.0000 1.0000 1.0000 1.0000 1.0000 1.0000 1.0000 1.0000 1.0000 1.0000 1.0000 1.0000 1.0000 1.0000 1.0000 1.0000 1.0000 1.0000 1.0000 1.0000 1.0000 1.0000 1.0000 1.0000 1.0000 1.0000 1.0000 1.0000 1.0000 1.0000 1.0000 1.0000 1.0000 1.0000 1.0000 1.0000 1.0000 1.0000 1.0000 1.0000 1.0000 1.0000 1.0000 1.0000 1.0000 1.0000 1.0000 1.0000 1.0000 1.0000 1.0000 1.0000 1.0000 1.0000 1.0000 1.0000 1.0000 1.0000 1.0000 1.0000 1.0000 1.0000 1.0000 1.0000 1.0000 1.0000 1.0000 1.0000 1.0000 1.0000 1.0000 1.0000 1.0000 1.0000 1.0000 1.0000 1.0000 1.0000 1.0000 1.0000 1.0000 1.0000 1.0000 1.0000 1.0000 1.0000 1.0000 1.0000 1.0000 1.0000 1.0000 1.0000 1.0000 1.0000 1.0000 1.0000 1.0000 1.0000 1.0000 1.0000 1.0000 1.0000 1.0000 1.0000 1.0000 1.0000 1.0000 1.0000 1.0000 1.0000 1.0000 1.0000 1.0000 1.0000 1.0000 1.0000 1.0000 1.0000 1.0000 1.0000 1.0000 1.0000 1.0000 1.0000 1.0000 1.0000 1.0000 1.0000 1.0000 1.0000 1.0000 1.0000 1.0000 1.0000 1.0000 1.0000 1.0000 1.0000 1.0000 1.0000 1.0000 1.0000 1.0000 1.0000 1.0000 1.0000 1.0000 1.0000 1.0000 1.0000 1.0000 1.0000 1.0000 1.0000 1.0000 1.0000 1.0000 1.0000 1.0000 1.0000 1.0000 1.0000 1.0000 1.0000 1.0000 1.0000 1.0000 1.0000 1.0000 1.0000 1.0000 1.0000 1.0000 1.0000 1.0000 1.0000 1.0000 1.0000 1.0000 1.0000 1.0000 1.0000 1.0000 1.0000 1.0000 1.0000 1.0000 1.0000 1.0000 1.0000 1.0000 1.0000 1.0000 1.0000 1.0000 1.0000 1.0000 1.0000 1.0000 1.0000 1.0000 1.0000 1.0000 1.0000 1.0000 1.0000 1.0000 1.0000 1.0000 1.0000 1.0000 1.0000 1.0000 1.0000 1.0000 1.0000 1.0000 1.0000 1.0000 1.0000 1.0000 1.0000 1.0000 1.0000 1.0000 1.0000 1.0000 1.0000 1.0000 1.0000 1.0000 1.0000 1.0000 1.0000 1.0000 1.0000 1.0000 1.0000 1.0000 1.0000 1.0000 1.0000 1.0000 1.0000 1.0000 1.0000 1.0000 1.0000 1.0000 1.0000 1.0000 1.0000 1.0000 1.0000 1.0000 1.0000 1.0000 1.0000 1.0000 1.0000 1.0000 1.0000 1.0000 1.0000 1.0000 1.0000 1.0000 1.0000 1.0000 1.0000 1.0000 1.0000 1.0000 1.0000 1.0000 1.0000 1.0000 1.0000 1.0000 1.0000 1.0000 1.0000 1.0000 1.0000 1.0000 1.0000 1.0000 1.0000 1.0000 1.0000 1.0000 1.0000 1.0000 1.0000 1.0000 1.0000 1.0000 1.0000 1.0000 1.0000 1.0000 1.0000 1.0000 1.0000 1.0000 1.0000 1.0000 1.0000 1.0000 1.0000 1.0000 1.0000 1.0000 1.0000 1.0000 1.0000 1.0000 1.0000 1.0000 1.0000 1.0000 1.0000 1.0000 1.0000 1.0000 1.0000 1.0000 1.0000 1.0000 1.0000 1.0000 1.0000 1.0000 1.0000 1.0000 1.0000 1.0000 1.0000 1.0000 1.0000 1.0000 1.0000 1.0000 1.0000 1.0000 1.0000 1.0000 1.0000 1.0000 1.0000 1.0000 1.0000 1.0000 1.0000 1.0000 1.0000 1.0000 1.0000 1.0000 1.0000 1.0000 1.0000 1.0000 1.0000 1.0000 1.0000 1.0000 1.0000 1.0000 1.0000 1.0000 1.0000 1.0000 1.0000 1.0000 1.0000 1.0000 1.0000 1.0000 1.0000 1.0000 1.0000 1.0000 1.0000 1.0000 1.0000 1.0000 1.0000 1.0000 1.0000 1.0000 1.0000 1.0000 1.0000 1.0000 1.0000 1.0000 1.0000 1.0000 1.0000 1.0000 1.0000 1.0000 1.0000 1.0000 1.0000 1.0000 1.0000 1.0000 1.0000 1.0000 1.0000 1.0000 1.0000 1.0000 1.0000 1.0000 1.0000 1.0000 1.0000 1.0000 1.0000 1.0000 1.0000 1.0000 1.0000 1.0000 1.0000 1.0000 1.0000 1.0000 1.0000 1.0000 1.0000 1.0000 1.0000 1.0000 1.0000 1.0000 1.0000 1.0000 1.0000 1.0000 1.0000 1.0000 1.0000 1.0000 1.0000 1.0000 1.0000 1.0000 1.0000 1.0000 1.0000 1.0000 1.0000 1.0000 1.0000 1.0000 1.0000 1.0000 1.0000 1.0000 1.0000 1.0000 1.0000 1.0000 1.0000 1.0000 1.0000 1.0000 1.0000 1.0000 1.0000 1.0000 1.0000 1.0000 1.0000 1.0000 1.0000 1.0000 1.0000 1.0000 1.0000 1.0000 1.0000 1.0000 1.0000 1.0000 1.0000 1.0000 1.0000 1.0000 1.0000 1.0000 1.0000 1.0000 1.0000 1.0000 1.0000 1.0000 1.0000 1.0000 1.0000 1.0000 1.0000 1.0000 1.0000 1.0000 1.0000 1.0000 1.0000 1.0000 1.0000 1.0000 1.0000 1.0000 1.0000 1.0000 1.0000 1.0000 1.0000 1.0000 1.0000 1.0000 1.0000 1.0000 1.0000 1.0000 1.0000 1.0000 1.0000 1.0000 1.0000 1.0000 1.0000 1.0000 1.0000 1.0000 1.0000 1.0000 1.0000 1.0000 1.0000 1.0000 1.0000 1.0000 1.0000 1.0000 1.0000 1.0000 1.0000 1.0000 1.0000 1.0000 1.0000 1.0000 1.0000 1.0000 1.0000 1.0000 1.0000 1.0000 1.0000 1.0000 1.0000 1.0000 1.0000 1.0000 1.0000 1.0000 1.0000 1.0000 1.0000 1.0000 1.0000 1.0000 1.0000 1.0000 1.0000 1.0000 1.0000 1.0000 1.0000 1.0000 1.0000 1.0000 1.0000 1.0000 1.0000 1.0000 1.0000 1.0000 1.0000 1.0000 1.0000 1.0000 1.0000 1.0000 1.0000 1.0000 1.0000 1.0000 1.0000 1.0000 1.0000 1.0000 1.0000 1.0000 1.0000 1.0000 1.0000 1.0000 1.0000 1.0000 1.0000 1.0000 1.0000 1.0000 1.0000 1.0000 1.0000 1.0000 1.0000 1.0000 1.0000 1.0000 1.0000 1.0000 1.0000 1.0000 1.0000 1.0000 1.0000 1.0000 1.0000 1.0000 1.0000 1.0000 1.0000 1.0000 1.0000 1.0000 1.0000 1.0000 1.0000 1.0000 1.0000 1.0000 1.0000 1.0000 1.0000 1.0000 1.0000 1.0000 1.0000 1.0000 1.0000 1.0000 1.0000 1.0000 1.0000 1.0000 1.0000 1.0000 1.0000 1.0000 1.0000 1.0000 1.0000 1.0000 1.0000 1.0000 1.0000 1.0000 1.0000 1.0000 1.0000 1.0000 1.0000 1.0000 1.0000 1.0000 1.0000 1.0000 1.0000 1.0000 1.0000 1.0000 1.0000 1.0000 1.0000 1.0000 1.0000 1.0000 1.0000 1.0000 1.0000 1.0000 1.0000 1.0000 1.0000 1.0000 1.0000 1.0000 1.0000 1.0000 1.0000 1.0000 1.0000 1.0000 1.0000 1.0000 1.0000 1.0000 1.0000 1.0000 1.0000 1.0000 1.0000 1.0000 1.0000 1.0000 1.0000 1.0000 1.0000 1.0000 1.0000 1.0000 1.0000 1.0000 1.0000 1.0000 1.0000 1.0000 1.0000 1.0000 1.0000 1.0000 1.0000 1.0000 1.0000 1.0000 1.0000 1.0000 1.0000 1.0000 1.0000 1.0000 1.0000 1.0000 1.0000 1.0000 1.0000 1.0000 1.0000 1.0000 1.0000 1.0000 1.0000 1.0000 1.0000 1.0000 1.0000 1.0000 1.0000 1.0000 1.0000 1.0000 1.0000 1.0000 1.0000 1.0000 1.0000 1.0000 1.0000 1.0000 1.0000 1.0000 1.0000 1.0000 1.0000 1.0000 1.0000 1.0000 1.0000 1.0000 1.0000 1.0000 1.0000 1.0000 1.0000 1.0000 1.0000 1.0000 1.0000 1.0000 1.0000 1.0000 1.0000 1.0000 1.0000 1.0000 1.0000 1.0000 1.0000 1.0000 1.0000 1.0000 1.0000 1.0000 1.0000 1.0000 1.0000 1.0000 1.0000 1.0000 1.0000 1.0000 1.0000 1.0000 1.0000 1.0000 1.0000 1.0000 1.0000 1.0000 1.0000 1.0000 1.0000 1.0000 1.0000 1.0000 1.0000 1.0000 1.0000 1.0000 1.0000 1.0000 1.0000 1.0000 1.0000 1.0000 1.0000 1.0000 1.0000 1.0000 1.0000 1.0000 1.0000 1.0000 1.0000 1.0000 1.0000 1.0000 1.0000 1.0000 1.0000 1.0000 1.0000 1.0000 1.0000 1.0000 1.0000 1.0000 1.0000 1.0000 1.0000 1.0000 1.0000 1.0000 1.0000 1.0000 1.0000 1.0000 1.0000 1.0000 1.0000 1.0000 1.0000 1.0000 1.0000 1.0000 1.0000 1.0000 1.0000 1.0000 1.0000 1.0000 1.0000 1.0000 1.0000 1.0000 1.0000 1.0000 1.0000 1.0000 1.0000 1.0000 1.0000 1.0000 1.0000 1.0000 1.0000 1.0000 1.0000 1.0000 1.0000 1.0000 1.0000 1.0000 1.0000 1.0000 1.0000 1.0000 1.0000 1.0000 1.0000 1.0000 1.0000 1.0000 1.0000 1.0000 1.0000 1.0000 1.0000 1.0000 1.0000 1.0000 1.0000 1.0000 1.0000 1.0000 1.0000 1.0000 1.0000 1.0000 1.0000 1.0000 1.0000 1.0000 1.0000 1.0000 1.0000 1.0000 1.0000 1.0000 1.0000 1.0000 1.0000 1.0000 1.0000 1.0000 1.0000 1.0000 1.0000 1.0000 1.0000 1.0000 1.0000 1.0000 1.0000 1.0000 1.0000 1.0000 1.0000 1.0000 1.0000 1.0000 1.0000 1.0000 1.0000 1.0000 1.0000 1.0000 1.0000 1.0000 1.0000 1.0000 1.0000 1.0000 1.0000 1.0000 1.0000 1.0000 1.0000 1.0000 1.0000 1.0000 1.0000 1.0000 1.0000 1.0000 1.0000 1.0000 1.0000 1.0000 1.0000 1.0000 1.0000 1.0000 1.0000 1.0000 1.0000 1.0000 1.0000 1.0000 1.0000 1.0000 1.0000 1.0000 1.0000 1.0000 1.0000 1.0000 1.0000 1.0000 1.0000 1.0000 1.0000 1.0000 1.0000 1.0000 1.0000 1.0000 1.0000 1.0000 1.0000 1.0000 1.0000 1.0000 1.0000 1.0000 1.0000 1.0000 1.0000 1.0000 1.0000 1.0000 1.0000 1.0000 1.0000 1.0000 1.0000 1.0000 1.0000 1.0000 1.0000 1.0000 1.0000 1.0000 1.0000 1.0000 1.0000 1.0000 1.0000 1.0000 1.0000 1.0000 1.0000 1.0000 1.0000 1.0000 1.0000 1.0000 1.0000 1.0000 1.0000 1.0000 1.0000 1.0000 1.0000 1.0000 1.0000 1.0000 1.0000 1.0000 1.0000 1.0000 1.0000 1.0000 1.0000 1.0000 1.0000 1.0000 1.0000 1.0000 1.0000 1.0000 1.0000 1.0000 1.0000 1.0000 1.0000 1.0000 1.0000 1.0000 1.0000 1.0000 1.0000 1.0000 1.0000 1.0000 1.0000 1.0000 1.0000 1.0000 1.0000 1.0000 1.0000 1.0000 1.0000 1.0000 1.0000 1.0000 1.0000 1.0000 1.0000 1.0000 1.0000 1.0000 1.0000 1.0000 1.0000 1.0000 1.0000 1.0000 1.0000 1.0000 1.0000 1.0000 1.0000 1.0000 1.0000 1.0000 1.0000 1.0000 1.0000 1.0000 1.0000 1.0000 1.0000 1.0000 1.0000 1.0000 1.0000 1.0000 1.0000 1.0000 1.0000 1.0000 1.0000 1.0000 1.0000 1.0000 1.0000 1.0000 1.0000 1.0000 1.0000 1.0000 1.0000 1.0000 1.0000 1.0000 1.0000 1.0000 1.0000 1.0000 1.0000 1.0000 1.0000 1.0000 1.0000 1.0000 1.0000 1.0000 1.0000 1.0000 1.0000 1.0000 1.0000 1.0000 1.0000 1.0000 1.0000 1.0000 1.0000 1.0000 1.0000 1.0000 1.0000 1.0000 1.0000 1.0000 1.0000 1.0000 1.0000 1.0000 1.0000 1.0000 1.0000 1.0000 1.0000 1.0000 1.0000 1.0000 1.0000 1.0000 1.0000 1.0000 1.0000 1.0000 1.0000 1.0000 1.0000 1.0000 1.0000 1.0000 1.0000 1.0000 1.0000 1.0000 1.0000 1.0000 1.0000 1.0000 1.0000 1.0000 1.0000 1.0000 1.0000 1.0000 1.0000 1.0000 1.0000 1.0000 1.0000 1.0000 1.0000 1.0000 1.0000 1.0000 1.0000 1.0000 1.0000 1.0000 1.0000 1.0000 1.0000 1.0000 1.0000 1.0000 1.0000 1.0000 1.0000 1.0000 1.0000 1.0000 1.0000 1.0000 1.0000 1.0000 1.0000 1.0000 1.0000 1.0000 1.0000 1.0000 1.0000 1.0000 1.0000 1.0000 1.0000 1.0000 1.0000 1.0000 1.0000 1.0000 1.0000 1.0000 1.0000 1.0000 1.0000 1.0000 1.0000 1.0000 1.0000 1.0000 1.0000 1.0000 1.0000 1.0000 1.0000 1.0000 1.0000 1.0000 1.0000 1.0000 1.0000 1.0000 1.0000 1.0000 1.0000 1.0000 1.0000 1.0000 1.0000 1.0000 1.0000 1.0000 1.0000 1.0000 1.0000 1.0000 1.0000 1.0000 1.0000 1.0000 1.0000 1.0000 1.0000 1.0000 1.0000 1.0000 1.0000 1.0000 1.0000 1.0000 1.0000 1.0000 1.0000 1.0000 1.0000 1.0000 1.0000 1.0000 1.0000 1.0000 1.0000 1.0000 1.0000 1.0000 1.0000 1.0000 1.0000 1.0000 1.0000 1.0000 1.0000 1.0000 1.0000 1.0000 1.0000 1.0000 1.0000 1.0000 1.0000 1.0000 1.0000 1.0000 1.0000 1.0000 1.0000 1.0000 1.0000 1.0000 1.0000 1.0000 1.0000 1.0000 1.0000 1.0000 1.0000 1.0000 1.0000 1.0000 1.0000 1.0000 1.0000 1.0000 1.0000 1.0000 1.0000 1.0000 1.0000 1.0000 1.0000 1.0000 1.0000 1.0000 1.0000 1.0000 1.0000 1.0000 1.0000 1.0000 1.0000 1.0000 1.0000 1.0000 1.0000 1.0000 1.0000 1.0000 1.0000 1.0000 1.0000 1.0000 1.0000 1.0000 1.0000 1.0000 1.0000 1.0000 1.0000 1.0000 1.0000 1.0000 1.0000 1.0000 1.0000 1.0000 1.0000 1.0000 1.0000 1.0000 1.0000 1.0000 1.0000 1.0000 1.0000 1.0000 1.0000 1.0000 1.0000 1.0000 1.0000 1.0000 1.0000 1.0000 1.0000 1.0000 1.0000 1.0000 1.0000 1.0000 1.0000 1.0000 1.0000 1.0000 1.0000 1.0000 1.0000 1.0000 1.0000 1.0000 1.0000 1.0000 1.0000 1.0000 1.0000 1.0000 1.0000 1.0000 1.0000 1.0000 1.0000 1.0000 1.0000 1.0000 1.0000 1.0000 1.0000 1.0000 1.0000 1.0000 1.0000 1.0000 1.0000 1.0000 1.0000 1.0000 1.0000 1.0000 1.0000 1.0000 1.0000 1.0000 1.0000 1.0000 1.0000 1.0000 1.0000 1.0000 1.0000 1.0000 1.0000 1.0000 1.0000 1.0000 1.0000 1.0000 1.0000 1.0000 1.0000 1.0000 1.0000 1.0000 1.0000 1.0000 1.0000 1.0000 1.0000 1.0000 1.0000 1.0000 1.0000 1.0000 1.0000 1.0000 1.0000 1.0000 1.0000 1.0000 1.0000 1.0000 1.0000 1.0000 1.0000 1.0000 1.0000 1.0000 1.0000 1.0000 1.0000 1.0000 1.0000 1.0000 1.0000 1.0000 1.0000 1.0000 1.0000 1.0000 1.0000 1.0000 1.0000 1.0000 1.0000 1.0000 1.0000 1.0000 1.0000 1.0000 1.0000 1.0000 1.0000 1.0000 1.0000 1.0000 1.0000 1.0000 1.0000 1.0000 1.0000 1.0000 1.0000 1.0000 1.0000 1.0000 1.0000 1.0000 1.0000 1.0000 1.0000 1.0000 1.0000 1.0000 1.0000 1.0000 1.0000 1.0000 1.0000 1.0000 1.0000 1.0000 1.0000 1.0000 1.0000 1.0000 1.0000 1.0000 1.0000 1.0000 1.0000 1.0000 1.0000 1.0000 1.0000 1.0000 1.0000 1.0000 1.0000 1.0000 1.0000 1.0000 1.0000 1.0000 1.0000 1.0000 1.0000 1.0000 1.0000 1.0000 1.0000 1.0000 1.0000 1.0000 1.0000 1.0000 1.0000 1.0000 1.0000 1.0000 1.0000 1.0000 1.0000 1.0000 1.0000 1.0000 1.0000 1.0000 1.0000 1.0000 1.0000 1.0000 1.0000 1.0000 1.0000 1.0000 1.0000 1.0000 1.0000 1.0000 1.0000 1.0000 1.0000 1.0000 1.0000 1.0000 1.0000 1.0000 1.0000 1.0000 1.0000 1.0000 1.0000 1.0000 1.0000 1.0000 1.0000 1.0000 1.0000 1.0000 1.0000 1.0000 1.0000 1.0000 1.0000 1.0000 1.0000 1.0000 1.0000 1.0000 1.0000 1.0000 1.0000 1.0000 1.0000 1.0000 1.0000 1.0000 1.0000 1.0000 1.0000 1.0000 1.0000 1.0000 1.0000 1.0000 1.0000 1.0000 1.0000 1.0000 1.0000 1.0000 1.0000 1.0000 1.0000 1.0000 1.0000 1.0000 1.0000 1.0000 1.0000 1.0000 1.0000 1.0000 1.0000 1.0000 1.0000 1.0000 1.0000 1.0000 1.0000 1.0000 1.0000 1.0000 1.0000 1.0000 1.0000 1.0000 1.0000 1.0000 1.0000 1.0000 1.0000 1.0000 1.0000 1.0000 1.0000 1.0000 1.0000 1.0000 1.0000 1.0000 1.0000 1.0000 1.0000 1.0000 1.0000 1.0000 1.0000 1.0000 1.0000 1.0000 1.0000 1.0000 1.0000 1.0000 1.0000 1.0000 1.0000 1.0000 1.0000 1.0000 1.0000 1.0000 1.0000 1.0000 1.0000 1.0000 1.0000 1.0000 1.0000 1.0000 1.0000 1.0000 1.0000 1.0000 1.0000 1.0000 1.0000 1.0000 1.0000 1.0000 1.0000 1.0000 1.0000 1.0000 1.0000 1.0000 1.0000 1.0000 1.0000 1.0000 1.0000 1.0000 1.0000 1.0000 1.0000 1.0000 1.0000 1.0000 1.0000 1.0000 1.0000 1.0000 1.0000 1.0000 1.0000 1.0000 1.0000 1.0000 1.0000 1.0000 1.0000 1.0000 1.0000 1.0000 1.0000 1.0000 1.0000 1.0000 1.0000 1.0000 1.0000 1.0000 1.0000 1.0000 1.0000 1.0000 1.0000 1.0000 1.0000 1.0000 1.0000 1.0000 1.0000 1.0000 1.0000 1.0000 1.0000 1.0000 1.0000 1.0000 1.0000 1.0000 1.0000 1.0000 1.0000 1.0000 1.0000 1.0000 1.0000 1.0000 1.0000 1.0000 1.0000 1.0000 1.0000 1.0000 1.0000 1.0000 1.0000 1.0000 1.0000 1.0000 1.0000 1.0000 1.0000 1.0000 1.0000 1.0000 1.0000 1.0000 1.0000 1.0000 1.0000 1.0000 1.0000 1.0000 1.0000 1.0000 1.0000 1.0000 1.0000 1.0000 1.0000 1.0000 1.0000 1.0000 1.0000 1.0000 1.0000 1.0000 1.0000 1.0000 1.0000 1.0000 1.0000 1.0000 1.0000 1.0000 1.0000 1.0000 1.0000 1.0000 1.0000 1.0000 1.0000 1.0000 1.0000 1.0000 1.0000 1.0000 1.0000 1.0000 1.0000 1.0000 1.0000 1.0000 1.0000 1.0000 1.0000 1.0000 1.0000 1.0000 1.0000 1.0000 1.0000 1.0000 1.0000 1.0000 1.0000 1.0000 1.0000 1.0000 1.0000 1.0000 1.0000 1.0000 1.0000 1.0000 1.0000 1.0000 1.0000 1.0000 1.0000 1.0000 1.0000 1.0000 1.0000 1.0000 1.0000 1.0000 1.0000 1.0000 1.0000 1.0000 1.0000 1.0000 1.0000 1.0000 1.0000 1.0000 1.0000 1.0000 1.0000 1.0000 1.0000 1.0000 1.0000 1.0000 1.0000 1.0000 1.0000 1.0000 1.0000 1.0000 1.0000 1.0000 1.0000 1.0000 1.0000 1.0000 1.0000 1.0000 1.0000 1.0000 1.0000 1.0000 1.0000 1.0000 1.0000 1.0000 1.0000 1.0000 1.0000 1.0000 1.0000 1.0000 1.0000 1.0000 1.0000 1.0000 1.0000 1.0000 1.0000 1.0000 1.0000 1.0000 1.0000 1.0000 1.0000 1.0000 1.0000 1.0000 1.0000 1.0000 1.0000 1.0000 1.0000 1.0000 1.0000 1.0000 1.0000 1.0000 1.0000 1.0000 1.0000 1.0000 1.0000 1.0000 1.0000 1.0000 1.0000 1.0000 1.0000 1.0000 1.0000 1.0000 1.0000 1.0000 1.0000 1.0000 1.0000 1.0000 1.0000 1.0000 1.0000 1.0000 1.0000 1.0000 1.0000 1.0000 1.0000 1.0000 1.0000 1.0000 1.0000 1.0000 1.0000 1.0000 1.0000 1.0000 1.0000 1.0000 1.0000 1.0000 1.0000 1.0000 1.0000 1.0000 1.0000 1.0000 1.0000 1.0000 1.0000 1.0000 1.0000 1.0000 1.0000 1.0000 1.0000 1.0000 1.0000 1.0000 1.0000 1.0000 1.0000 1.0000 1.0000 1.0000 1.0000 1.0000 1.0000 1.0000 1.0000 1.0000 1.0000 1.0000 1.0000 1.0000 1.0000 1.0000 1.0000 1.0000 1.0000 1.0000 1.0000 1.0000 1.0000 1.0000 1.0000 1.0000 1.0000 1.0000 1.0000 1.0000 1.0000 1.0000 1.0000 1.0000 1.0000 1.0000 1.0000 1.0000 1.0000 1.0000 1.0000 1.0000 1.0000 1.0000 1.0000 1.0000 1.0000 1.0000 1.0000 1.0000 1.0000 1.0000 1.0000 1.0000 1.0000 1.0000 1.0000 1.0000 1.0000 1.0000 1.0000 1.0000 1.0000 1.0000 1.0000 1.0000 1.0000 1.0000 1.0000 1.0000 1.0000 1.0000 1.0000 1.0000 1.0000 1.0000 1.0000 1.0000 1.0000 1.0000 1.0000 1.0000 1.0000 1.0000 1.0000 1.0000 1.0000 1.0000 1.0000 1.0000 1.0000 1.0000 1.0000 1.0000 1.0000 1.0000 1.0000 1.0000 1.0000 1.0000 1.0000 1.0000 1.0000 1.0000 1.0000 1.0000 1.0000 1.0000 1.0000 1.0000 1.0000 1.0000 1.0000 1.0000 1.0000 1.0000 1.0000 1.0000 1.0000 1.0000 1.0000 1.0000 1.0000 1.0000 1.0000 1.0000 1.0000 1.0000 1.0000 1.0000 1.0000 1.0000 1.0000 1.0000 1.0000 1.0000 1.0000 1.0000 1.0000 1.0000 1.0000 1.0000 1.0000 1.0000 1.0000 1.0000 1.0000 1.0000 1.0000 1.0000 1.0000 1.0000 1.0000 1.0000 1.0000 1.0000 1.0000 1.0000 1.0000 1.0000 1.0000 1.0000 1.0000 1.0000 1.0000 1.0000 1.0000 1.0000 1.0000 1.0000 1.0000 1.0000 1.0000 1.0000 1.0000 1.0000 1.0000 1.0000 1.0000 1.0000 1.0000 1.0000 1.0000 1.0000 1.0000 1.0000 1.0000 1.0000 1.0000 1.0000 1.0000 1.0000 1.0000 1.0000 1.0000 1.0000 1.0000 1.0000 1.0000 1.0000 1.0000 1.0000 1.0000 1.0000 1.0000 1.0000 1.0000 1.0000 1.0000 1.0000 1.0000 1.0000 1.0000 1.0000 1.0000 1.0000 1.0000 1.0000 1.0000 1.0000 1.0000 1.0000 1.0000 1.0000 1.0000 1.0000 1.0000 1.0000 1.0000 1.0000 1.0000 1.0000 1.0000 1.0000 1.0000 1.0000 1.0000 1.0000 1.0000 1.0000 1.0000 1.0000 1.0000 1.0000 1.0000 1.0000 1.0000 1.0000 1.0000 1.0000 1.0000 1.0000 1.0000 1.0000 1.0000 1.0000 1.0000 1.0000 1.0000 1.0000 1.0000 1.0000 1.0000 1.0000 1.0000 1.0000 1.0000 1.0000 1.0000 1.0000 1.0000 1.0000 1.0000 1.0000 1.0000 1.0000 1.0000 1.0000 1.0000 1.0000 1.0000 1.0000 1.0000 1.0000 1.0000 1.0000 1.0000 1.0000 1.0000 1.0000 1.0000 1.0000 1.0000 1.0000 1.0000 1.0000 1.0000 1.0000 1.0000 1.0000 1.0000 1.0000 1.0000 1.0000 1.0000 1.0000 1.0000 1.0000 1.0000 1.0000 1.0000 1.0000 1.0000 1.0000 1.0000 1.0000 1.0000 1.0000 1.0000 1.0000 1.0000 1.0000 1.0000 1.0000 1.0000 1.0000 1.0000 1.0000 1.0000 1.0000 1.0000 1.0000 1.0000 1.0000 1.0000 1.0000 1.0000 1.0000 1.0000 1.0000 1.0000 1.0000 1.0000 1.0000 1.0000 1.0000 1.0000 1.0000 1.0000 1.0000 1.0000 1.0000 1.0000 1.0000 1.0000 1.0000 1.0000 1.0000 1.0000 1.0000 1.0000 1.0000 1.0000 1.0000 1.0000 1.0000 1.0000 1.0000 1.0000 1.0000 1.0000 1.0000 1.0000 1.0000 1.0000 1.0000 1.0000 1.0000 1.0000 1.0000 1.0000 1.0000 1.0000 1.0000 1.0000 1.0000 1.0000 1.0000 1.0000 1.0000 1.0000 1.0000 1.0000 1.0000 1.0000 1.0000 1.0000 1.0000 1.0000 1.0000 1.0000 1.0000 1.0000 1.0000 1.0000 1.0000 1.0000 1.0000 1.0000 1.0000 1.0000 1.0000 1.0000 1.0000 1.0000 1.0000 1.0000 1.0000 1.0000 1.0000 1.0000 1.0000 1.0000 1.0000 1.0000 1.0000 1.0000 1.0000 1.0000 1.0000 1.0000 1.0000 1.0000 1.0000 1.0000 1.0000 1.0000 1.0000 1.0000 1.0000 1.0000 1.0000 1.0000 1.0000 1.0000 1.0000 1.0000 1.0000 1.0000 1.0000 1.0000 1.0000 1.0000 1.0000 1.0000 1.0000 1.0000 1.0000 1.0000 1.0000 1.0000 1.0000 1.0000 1.0000 1.0000 1.0000 1.0000 1.0000 1.0000 1.0000 1.0000 1.0000 1.0000 1.0000 1.0000 1.0000 1.0000 1.0000 1.0000 1.0000 1.0000 1.0000 1.0000 1.0000 1.0000 1.0000 1.0000 1.0000 1.0000 1.0000 1.0000 1.0000 1.0000 1.0000 1.0000 1.0000 1.0000 1.0000 1.0000 1.0000 1.0000 1.0000 1.0000 1.0000 1.0000 1.0000 1.0000 1.0000 1.0000 1.0000 1.0000 1.0000 1.0000 1.0000 1.0000 1.0000 1.0000 1.0000 1.0000 1.0000 1.0000 1.0000 1.0000 1.0000 1.0000 1.0000 1.0000 1.0000 1.0000 1.0000 1.0000 1.0000 1.0000 1.0000 1.0000 1.0000 1.0000 1.0000 1.0000 1.0000 1.0000 1.0000 1.0000 1.0000 1.0000 1.0000 1.0000 1.0000 1.0000 1.0000 1.0000 1.0000 1.0000 1.0000 1.0000 1.0000 1.0000 1.0000 1.0000 1.0000 1.0000 1.0000 1.0000 1.0000 1.0000 1.0000 1.0000 1.0000 1.0000 1.0000 1.0000 1.0000 1.0000 1.0000 1.0000 1.0000 1.0000 1.0000 1.0000 1.0000 1.0000 1.0000 1.0000 1.0000 1.0000 1.0000 1.0000 1.0000 1.0000 1.0000 1.0000 1.0000 1.0000 1.0000 1.0000 1.0000 1.0000 1.0000 1.0000 1.0000 1.0000 1.0000 1.0000 1.0000 1.0000 1.0000 1.0000 1.0000 1.0000 1.0000 1.0000 1.0000 1.0000 1.0000 1.0000 1.0000 1.0000 1.0000 1.0000 1.0000 1.0000 1.0000 1.0000 1.0000 1.0000 1.0000 1.0000 1.0000 1.0000 1.0000 1.0000 1.0000 1.0000 1.0000 1.0000 1.0000 1.0000 1.0000 1.0000 1.0000 1.0000 1.0000 1.0000 1.0000 1.0000 1.0000 1.0000 1.0000 1.0000 1.0000 1.0000 1.0000 1.0000 1.0000 1.0000 1.0000 1.0000 1.0000 1.0000 1.0000 1.0000 1.0000 1.0000 1.0000 1.0000 1.0000 1.0000 1.0000 1.0000 1.0000 1.0000 1.0000 1.0000 1.0000 1.0000 1.0000 1.0000 1.0000 1.0000 1.0000 1.0000 1.0000 1.0000 1.0000 1.0000 1.0000 1.0000 1.0000 1.0000 1.0000 1.0000 1.0000 1.0000 1.0000 1.0000 1.0000 1.0000 1.0000 1.0000 1.0000 1.0000 1.0000 1.0000 1.0000 1.0000 1.0000 1.0000 1.0000 1.0000 1.0000 1.0000 1.0000 1.0000 1.0000 1.0000 1.0000 1.0000 1.0000 1.0000 1.0000 1.0000 1.0000 1.0000 1.0000 1.0000 1.0000 1.0000 1.0000 1.0000 1.0000 1.0000 1.0000 1.0000 1.0000 1.0000 1.0000 1.0000 1.0000 1.0000 1.0000 1.0000 1.0000 1.0000 1.0000 1.0000 1.0000 1.0000 1.0000 1.0000 1.0000 1.0000 1.0000 1.0000 1.0000 1.0000 1.0000 1.0000 1.0000 1.0000 1.0000 1.0000 1.0000 1.0000 1.0000 1.0000 1.0000 1.0000 1.0000 1.0000 1.0000 1.0000 1.0000 1.0000 1.0000 1.0000 1.0000 1.0000 1.0000 1.0000 1.0000 1.0000 1.0000 1.0000 1.0000 1.0000 1.0000 1.0000 1.0000 1.0000 1.0000 1.0000 1.0000 1.0000 1.0000 1.0000 1.0000 1.0000 1.0000 1.0000 1.0000 1.0000 1.0000 1.0000 1.0000 1.0000 1.0000 1.0000 1.0000 1.0000 1.0000 1.0000 1.0000 1.0000 1.0000 1.0000 1.0000 1.0000 1.0000 1.0000 1.0000 1.0000 1.0000 1.0000 1.0000 1.0000 1.0000 1.0000 1.0000 1.0000 1.0000 1.0000 1.0000 1.0000 1.0000 1.0000 1.0000 1.0000 1.0000 1.0000 1.0000 1.0000 1.0000 1.0000 1.0000 1.0000 1.0000 1.0000 1.0000 1.0000 1.0000 1.0000 1.0000 1.0000 1.0000 1.0000 1.0000 1.0000 1.0000 1.0000 1.0000 1.0000 1.0000 1.0000 1.0000 1.0000 1.0000 1.0000 1.0000 1.0000 1.0000 1.0000 1.0000 1.0000 1.0000 1.0000 1.0000 1.0000 1.0000 1.0000 1.0000 1.0000 1.0000 1.0000 1.0000 1.0000 1.0000 1.0000 1.0000 1.0000 1.0000 1.0000 1.0000 1.0000 1.0000 1.0000 1.0000 1.0000 1.0000 1.0000 1.0000 1.0000 1.0000 1.0000 1.0000 1.0000 1.0000 1.0000 1.0000 1.0000 1.0000 1.0000 1.0000 1.0000 1.0000 1.0000 1.0000 1.0000 1.0000 1.0000 1.0000 1.0000 1.0000 1.0000 1.0000 1.0000 1.0000 1.0000 1.0000 1.0000 1.0000 1.0000 1.0000 1.0000 1.0000 1.0000 1.0000 1.0000 1.0000 1.0000 1.0000 1.0000 1.0000 1.0000 1.0000 1.0000 1.0000 1.0000 1.0000 1.0000 1.0000 1.0000 1.0000 1.0000 1.0000 1.0000 1.0000 1.0000 1.0000 1.0000 1.0000 1.0000 1.0000 1.0000 1.0000 1.0000 1.0000 1.0000 1.0000 1.0000 1.0000 1.0000 1.0000 1.0000 1.0000 1.0000 1.0000 1.0000 1.0000 1.0000 1.0000 1.0000 1.0000 1.0000 1.0000 1.0000 1.0000 1.0000 1.0000 1.0000 1.0000 1.0000 1.0000 1.0000 1.0000 1.0000 1.0000 1.0000 1.0000 1.0000 1.0000 1.0000 1.0000 1.0000 1.0000 1.0000 1.0000 1.0000 1.0000 1.0000 1.0000 1.0000 1.0000 1.0000 1.0000 1.0000 1.0000 1.0000 1.0000 1.0000 1.0000 1.0000 1.0000 1.0000 1.0000 1.0000 1.0000 1.0000 1.0000 1.0000 1.0000 1.0000 1.0000 1.0000 1.0000 1.0000 1.0000 1.0000 1.0000 1.0000 1.0000 1.0000 1.0000 1.0000 1.0000 1.0000 1.0000 1.0000 1.0000 1.0000 1.0000 1.0000 1.0000 1.0000 1.0000 1.0000 1.0000 1.0000 1.0000 1.0000 1.0000 1.0000 1.0000 1.0000 1.0000 1.0000 1.0000 1.0000 1.0000 1.0000 1.0000 1.0000 1.0000 1.0000 1.0000 1.0000 1.0000 1.0000 1.0000 1.0000 1.0000 1.0000 1.0000 1.0000 1.0000 1.0000 1.0000 1.0000 1.0000 1.0000 1.0000 1.0000 1.0000 1.0000 1.0000 1.0000 1.0000 1.0000 1.0000 1.0000 1.0000 1.0000 1.0000 1.0000 1.0000 1.0000 1.0000 1.0000 1.0000 1.0000 1.0000 1.0000 1.0000 1.0000 1.0000 1.0000 1.0000 1.0000 1.0000 1.0000 1.0000 1.0000 1.0000 1.0000 1.0000 1.0000 1.0000 1.0000 1.0000 1.0000 1.0000 1.0000 1.0000 1.0000 1.0000 1.0000 1.0000 1.0000 1.0000 1.0000 1.0000 1.0000 1.0000 1.0000 1.0000 1.0000 1.0000 1.0000 1.0000 1.0000 1.0000 1.0000 1.0000 1.0000 1.0000 1.0000 1.0000 1.0000 1.0000 1.0000 1.0000 1.0000 1.0000 1.0000 1.0000 1.0000 1.0000 1.0000 1.0000 1.0000 1.0000 1.0000 1.0000 1.0000 1.0000 1.0000 1.0000 1.0000 1.0000 1.0000 1.0000 1.0000 1.0000 1.0000 1.0000 1.0000 1.0000 1.0000 1.0000 1.0000 1.0000 1.0000 1.0000 1.0000 1.0000 1.0000 1.0000 1.0000 1.0000 1.0000 1.0000 1.0000 1.0000 1.0000 1.0000 1.0000 1.0000 1.0000 1.0000 1.0000 1.0000 1.0000 1.0000 1.0000 1.0000 1.0000 1.0000 1.0000 1.0000 1.0000 1.0000 1.0000 1.0000 1.0000 1.0000 1.0000 1.0000 1.0000 1.0000 1.0000 1.0000 1.0000 1.0000 1.0000 1.0000 1.0000 1.0000 1.0000 1.0000 1.0000 1.0000 1.0000 1.0000 1.0000 1.0000 1.0000 1.0000 1.0000 1.0000 1.0000 1.0000 1.0000 1.0000 1.0000 1.0000 1.0000 1.0000 1.0000 1.0000 1.0000 1.0000 1.0000 1.0000 1.0000 1.0000 1.0000 1.0000 1.0000 1.0000 1.0000 1.0000 1.0000 1.0000 1.0000 1.0000 1.0000 1.0000 1.0000 1.0000 1.0000 1.0000 1.0000 1.0000 1.0000 1.0000 1.0000 1.0000 1.0000 1.0000 1.0000 1.0000 1.0000 1.0000 1.0000 1.0000 1.0000 1.0000 1.0000 1.0000 1.0000 1.0000 1.0000 1.0000 1.0000 1.0000 1.0000 1.0000 1.0000 1.0000 1.0000 1.0000 1.0000 1.0000 1.0000 1.0000 1.0000 1.0000 1.0000 1.0000 1.0000 1.0000 1.0000 1.0000 1.0000 1.0000 1.0000 1.0000 1.0000 1.0000 1.0000 1.0000 1.0000 1.0000 1.0000 1.0000 1.0000 1.0000 1.0000 1.0000 1.0000 1.0000 1.0000 1.0000 1.0000 1.0000 1.0000 1.0000 1.0000 1.0000 1.0000 1.0000 1.0000 1.0000 1.0000 1.0000 1.0000 1.0000 1.0000 1.0000 1.0000 1.0000 1.0000 1.0000 1.0000 1.0000 1.0000 1.0000 1.0000 1.0000 1.0000 1.0000 1.0000 1.0000 1.0000 1.0000 1.0000 1.0000 1.0000 1.0000 1.0000 1.0000 1.0000 1.0000 1.0000 1.0000 1.0000 1.0000 1.0000 1.0000 1.0000 1.0000 1.0000 1.0000 1.0000 1.0000 1.0000 1.0000 1.0000 1.0000 1.0000 1.0000 1.0000 1.0000 1.0000 1.0000 1.0000 1.0000 1.0000 1.0000 1.0000 1.0000 1.0000 1.0000 1.0000 1.0000 1.0000 1.0000 1.0000 1.0000 1.0000 1.0000 1.0000 1.0000 1.0000 1.0000 1.0000 1.0000 1.0000 1.0000 1.0000 1.0000 1.0000 1.0000 1.0000 1.0000 1.0000 1.0000 1.0000 1.0000 1.0000 1.0000 1.0000 1.0000 1.0000 1.0000 1.0000 1.0000 1.0000 1.0000 1.0000 1.0000 1.0000 1.0000 1.0000 1.0000 1.0000 1.0000 1.0000 1.0000 1.0000 1.0000 1.0000 1.0000 1.0000 1.0000 1.0000 1.0000 1.0000 1.0000 1.0000 1.0000 1.0000 1.0000 1.0000 1.0000 1.0000 1.0000 1.0000 1.0000 1.0000 1.0000 1.0000 1.0000 1.0000 1.0000 1.0000 1.0000 1.0000 1.0000 1.0000 1.0000 1.0000 1.0000 1.0000 1.0000 1.0000 1.0000 1.0000 1.0000 1.0000 1.0000 1.0000 1.0000 1.0000 1.0000 1.0000 1.0000 1.0000 1.0000 1.0000 1.0000 1.0000 1.0000 1.0000 1.0000 1.0000 1.0000 1.0000 1.0000 1.0000 1.0000 1.0000 1.0000 1.0000 1.0000 1.0000 1.0000 1.0000 1.0000 1.0000 1.0000 1.0000 1.0000 1.0000 1.0000 1.0000 1.0000 1.0000 1.0000 1.0000 1.0000 1.0000 1.0000 1.0000 1.0000 1.0000 1.0000 1.0000 1.0000 1.0000 1.0000 1.0000 1.0000 1.0000 1.0000 1.0000 1.0000 1.0000 1.0000 1.0000 1.0000 1.0000 1.0000 1.0000 1.0000 1.0000 1.0000 1.0000 1.0000 1.0000 1.0000 1.0000 1.0000 1.0000 1.0000 1.0000 1.0000 1.0000 1.0000 1.0000 1.0000 1.0000 1.0000 1.0000 1.0000 1.0000 1.0000 1.0000 1.0000 1.0000 1.0000 1.0000 1.0000 1.0000 1.0000 1.0000 1.0000 1.0000 1.0000 1.0000 1.0000 1.0000 1.0000 1.0000 1.0000 1.0000 1.0000 1.0000 1.0000 1.0000 1.0000 1.0000 1.0000 1.0000 1.0000 1.0000 1.0000 1.0000 1.0000 1.0000 1.0000 1.0000 1.0000 1.0000 1.0000 1.0000 1.0000 1.0000 1.0000 1.0000 1.0000 1.0000 1.0000 1.0000 1.0000 1.0000 1.0000 1.0000 1.0000 1.0000 1.0000 1.0000 1.0000 1.0000 1.0000 1.0000 1.0000 1.0000 1.0000 1.0000 1.0000 1.0000 1.0000 1.0000 1.0000 1.0000 1.0000 1.0000 1.0000 1.0000 1.0000 1.0000 1.0000 1.0000 1.0000 1.0000 1.0000 1.0000 1.0000 1.0000 1.0000 1.0000 1.0000 1.0000 1.0000 1.0000 1.0000 1.0000 1.0000 1.0000 1.0000 1.0000 1.0000 1.0000 1.0000 1.0000 1.0000 1.0000 1.0000 1.0000 1.0000 1.0000 1.0000 1.0000 1.0000 1.0000 1.0000 1.0000 1.0000 1.0000 1.0000 1.0000 1.0000 1.0000 1.0000 1.0000 1.0000 1.0000 1.0000 1.0000 1.0000 1.0000 1.0000 1.0000 1.0000 1.0000 1.0000 1.0000 1.0000 1.0000 1.0000 1.0000 1.0000 1.0000 1.0000 1.0000 1.0000 1.0000 1.0000 1.0000 1.0000 1.0000 1.0000 1.0000 1.0000 1.0000 1.0000 1.0000 1.0000 1.0000 1.0000 1.0000 1.0000 1.0000 1.0000 1.0000 1.0000 1.0000 1.0000 1.0000 1.0000 1.0000 1.0000 1.0000 1.0000 1.0000 1.0000 1.0000 1.0000 1.0000 1.0000 1.0000 1.0000 1.0000 1.0000 1.0000 1.0000 1.0000 1.0000 1.0000 1.0000 1.0000 1.0000 1.0000 1.0000 1.0000 1.0000 1.0000 1.0000 1.0000 1.0000 1.0000 1.0000 1.0000 1.0000 1.0000 1.0000 1.0000 1.0000 1.0000 1.0000 1.0000 1.0000 1.0000 1.0000 1.0000 1.0000 1.0000 1.0000 1.0000 1.0000 1.0000 1.0000 1.0000 1.0000 1.0000 1.0000 1.0000 1.0000 1.0000 1.0000 1.0000 1.0000 1.0000 1.0000 1.0000 1.0000 1.0000 1.0000 1.0000 1.0000 1.0000 1.0000 1.0000 1.0000 1.0000 1.0000 1.0000 1.0000 1.0000 1.0000 1.0000 1.0000 1.0000 1.0000 1.0000 1.0000 1.0000 1.0000 1.0000 1.0000 1.0000 1.0000 1.0000 1.0000 1.0000 1.0000 1.0000 1.0000 1.0000 1.0000 1.0000 1.0000 1.0000 1.0000 1.0000 1.0000 1.0000 1.0000 1.0000 1.0000 1.0000 1.0000 1.0000 1.0000 1.0000 1.0000 1.0000 1.0000 1.0000 1.0000 1.0000 1.0000 1.0000 1.0000 1.0000 1.0000 1.0000 1.0000 1.0000 1.0000 1.0000 1.0000 1.0000 1.0000 1.0000 1.0000 1.0000 1.0000 1.0000 1.0000 1.0000 1.0000 1.0000 1.0000 1.0000 1.0000 1.0000 1.0000 1.0000 1.0000 1.0000 1.0000 1.0000 1.0000 1.0000 1.0000 1.0000 1.0000 1.0000 1.0000 1.0000 1.0000 1.0000 1.0000 1.0000 1.0000 1.0000 1.0000 1.0000 1.0000 1.0000 1.0000 1.0000 1.0000 1.0000 1.0000 1.0000 1.0000 1.0000 1.0000 1.0000 1.0000 1.0000 1.0000 1.0000 1.0000 1.0000 1.0000 1.0000 1.0000 1.0000 1.0000 1.0000 1.0000 1.0000 1.0000 1.0000 1.0000 1.0000 1.0000 1.0000 1.0000 1.0000 1.0000 1.0000 1.0000 1.0000 1.0000 1.0000 1.0000 1.0000 1.0000 1.0000 1.0000 1.0000 1.0000 1.0000 1.0000 1.0000 1.0000 1.0000 1.0000 1.0000 1.0000 1.0000 1.0000 1.0000 1.0000 1.0000 1.0000 1.0000 1.0000 1.0000 1.0000 1.0000 1.0000 1.0000 1.0000 1.0000 1.0000 1.0000 1.0000 1.0000 1.0000 1.0000 1.0000 1.0000 1.0000 1.0000 1.0000 1.0000 1.0000 1.0000 1.0000 1.0000 1.0000 1.0000 1.0000 1.0000 1.0000 1.0000 1.0000 1.0000 1.0000 1.0000 1.0000 1.0000 1.0000 1.0000 1.0000 1.0000 1.0000 1.0000 1.0000 1.0000 1.0000 1.0000 1.0000 1.0000 1.0000 1.0000 1.0000 1.0000 1.0000 1.0000 1.0000 1.0000 1.0000 1.0000 1.0000 1.0000 1.0000 1.0000 1.0000 1.0000 1.0000 1.0000 1.0000 1.0000 1.0000 1.0000 1.0000 1.0000 1.0000 1.0000 1.0000 1.0000 1.0000 1.0000 1.0000 1.0000 1.0000 1.0000 1.0000 1.0000 1.0000 1.0000 1.0000 1.0000 1.0000 1.0000 1.0000 1.0000 1.0000 1.0000 1.0000 1.0000 1.0000 1.0000 1.0000 1.0000 1.0000 1.0000 1.0000 1.0000 1.0000 1.0000 1.0000 1.0000 1.0000 1.0000 1.0000 1.0000 1.0000 1.0000 1.0000 1.0000 1.0000 1.0000 1.0000 1.0000 1.0000 1.0000 1.0000 1.0000 1.0000 1.0000 1.0000 1.0000 1.0000 1.0000 1.0000 1.0000 1.0000 1.0000 1.0000 1.0000 1.0000 1.0000 1.0000 1.0000 1.0000 1.0000 1.0000 1.0000 1.0000 1.0000 1.0000 1.0000 1.0000 1.0000 1.0000 1.0000 1.0000 1.0000 1.0000 1.0000 1.0000 1.0000 1.0000 1.0000 1.0000 1.0000 1.0000 1.0000 1.0000 1.0000 1.0000 1.0000 1.0000 1.0000 1.0000 1.0000 1.0000 1.0000 1.0000 1.0000 1.0000 1.0000 1.0000 1.0000 1.0000 1.0000 1.0000 1.0000 1.0000 1.0000 1.0000 1.0000 1.0000 1.0000 1.0000 1.0000 1.0000 1.0000 1.0000 1.0000 1.0000 1.0000 1.0000 1.0000 1.0000 1.0000 1.0000 1.0000 1.0000 1.0000 1.0000 1.0000 1.0000 1.0000 1.0000 1.0000 1.0000 1.0000 1.0000 1.0000 1.0000 1.0000 1.0000 1.0000 1.0000 1.0000 1.0000 1.0000 1.0000 1.0000 1.0000 1.0000 1.0000 1.0000 1.0000 1.0000 1.0000 1.0000 1.0000 1.0000 1.0000 1.0000 1.0000 1.0000 1.0000 1.0000 1.0000 1.0000 1.0000 1.0000 1.0000 1.0000 1.0000 1.0000 1.0000 1.0000 1.0000 1.0000 1.0000 1.0000 1.0000 1.0000 1.0000 1.0000 1.0000 1.0000 1.0000 1.0000 1.0000 1.0000 1.0000 1.0000 1.0000 1.0000 1.0000 1.0000 1.0000 1.0000 1.0000 1.0000 1.0000 1.0000 1.0000 1.0000 1.0000 1.0000 1.0000 1.0000 1.0000 1.0000 1.0000 1.0000 1.0000 1.0000 1.0000 1.0000 1.0000 1.0000 1.0000 1.0000 1.0000 1.0000 1.0000 1.0000 1.0000 1.0000 1.0000 1.0000 1.0000 1.0000 1.0000 1.0000 1.0000 1.0000 1.0000 1.0000 1.0000 1.0000 1.0000 1.0000 1.0000 1.0000 1.0000 1.0000 1.0000 1.0000 1.0000 1.0000 1.0000 1.0000 1.0000 1.0000 1.0000 1.0000 1.0000 1.0000 1.0000 1.0000 1.0000 1.0000 1.0000 1.0000 1.0000 1.0000 1.0000 1.0000 1.0000 1.0000 1.0000 1.0000 1.0000 1.0000 1.0000 1.0000 1.0000 1.0000 1.0000 1.0000 1.0000 1.0000 1.0000 1.0000 1.0000 1.0000 1.0000 1.0000 1.0000 1.0000 1.0000 1.0000 1.0000 1.0000 1.0000 1.0000 1.0000 1.0000 1.0000 1.0000 1.0000 1.0000 1.0000 1.0000 1.0000 1.0000 1.0000 1.0000 1.0000 1.0000 1.0000 1.0000 1.0000 1.0000 1.0000 1.0000 1.0000 1.0000 1.0000 1.0000 1.0000 1.0000 1.0000 1.0000 1.0000 1.0000 1.0000 1.0000 1.0000 1.0000 1.0000 1.0000 1.0000 1.0000 1.0000 1.0000 1.0000 1.0000 1.0000 1.0000 1.0000 1.0000 1.0000 1.0000 1.0000 1.0000 1.0000 1.0000 1.0000 1.0000 1.0000 1.0000 1.0000 1.0000 1.0000 1.0000 1.0000 1.0000 1.0000 1.0000 1.0000 1.0000 1.0000 1.0000 1.0000 1.0000 1.0000 1.0000 1.0000 1.0000 1.0000 1.0000 1.0000 1.0000 1.0000 1.0000 1.0000 1.0000 1.0000 1.0000 1.0000 1.0000 1.0000 1.0000 1.0000 1.0000 1.0000 1.0000 1.0000 1.0000 1.0000 1.0000 1.0000 1.0000 1.0000 1.0000 1.0000 1.0000 1.0000 1.0000 1.0000 1.0000 1.0000 1.0000 1.0000 1.0000 1.0000 1.0000 1.0000 1.0000 1.0000 1.0000 1.0000 1.0000 1.0000 1.0000 1.0000 1.0000 1.0000 1.0000 1.0000 1.0000 1.0000 1.0000 1.0000 1.0000 1.0000 1.0000 1.0000 1.0000 1.0000 1.0000 1.0000 1.0000 1.0000 1.0000 1.0000 1.0000 1.0000 1.0000 1.0000 1.0000 1.0000 1.0000 1.0000 1.0000 1.0000 1.0000 1.0000 1.0000 1.0000 1.0000 1.0000 1.0000 1.0000 1.0000 1.0000 1.0000 1.0000 1.0000 1.0000 1.0000 1.0000 1.0000 1.0000 1.0000 1.0000 1.0000 1.0000 1.0000 1.0000 1.0000 1.0000 1.0000 1.0000 1.0000 1.0000 1.0000 1.0000 1.0000 1.0000 1.0000 1.0000 1.0000 1.0000 1.0000 1.0000 1.0000 1.0000 1.0000 1.0000 1.0000 1.0000 1.0000 1.0000 1.0000 1.0000 1.0000 1.0000 1.0000 1.0000 1.0000 1.0000 1.0000 1.0000 1.0000 1.0000 1.0000 1.0000 1.0000 1.0000 1.0000 1.0000 1.0000 1.0000 1.0000 1.0000 1.0000 1.0000 1.0000 1.0000 1.0000 1.0000 1.0000 1.0000 1.0000 1.0000 1.0000 1.0000 1.0000 1.0000 1.0000 1.0000 1.0000 1.0000 1.0000 1.0000 1.0000 1.0000 1.0000 1.0000 1.0000 1.0000 1.0000 1.0000 1.0000 1.0000 1.0000 1.0000 1.0000 1.0000 1.0000 1.0000 1.0000 1.0000 1.0000 1.0000 1.0000 1.0000 1.0000 1.0000 1.0000 1.0000 1.0000 1.0000 1.0000 1.0000 1.0000 1.0000 1.0000 1.0000 1.0000 1.0000 1.0000 1.0000 1.0000 1.0000 1.0000 1.0000 1.0000 1.0000 1.0000 1.0000 1.0000 1.0000 1.0000 1.0000 1.0000 1.0000 1.0000 1.0000 1.0000 1.0000 1.0000 1.0000 1.0000 1.0000 1.0000 1.0000 1.0000 1.0000 1.0000 1.0000 1.0000 1.0000 1.0000 1.0000 1.0000 1.0000 1.0000 1.0000 1.0000 1.0000 1.0000 1.0000 1.0000 1.0000 1.0000 1.0000 1.0000 1.0000 1.0000 1.0000 1.0000 1.0000 1.0000 1.0000 1.0000 1.0000 1.0000 1.0000 1.0000 1.0000 1.0000 1.0000 1.0000 1.0000 1.0000 1.0000 1.0000 1.0000 1.0000 1.0000 1.0000 1.0000 1.0000 1.0000 1.0000 1.0000 1.0000 1.0000 1.0000 1.0000 1.0000 1.0000 1.0000 1.0000 1.0000 1.0000 1.0000 1.0000 1.0000 1.0000 1.0000 1.0000 1.0000 1.0000 1.0000 1.0000 1.0000 1.0000 1.0000 1.0000 1.0000 1.0000 1.0000 1.0000 1.0000 1.0000 1.0000 1.0000 1.0000 1.0000 1.0000 1.0000 1.0000 1.0000 1.0000 1.0000 1.0000 1.0000 1.0000 1.0000 1.0000 1.0000 1.0000 1.0000 1.0000 1.0000 1.0000 1.0000 1.0000 1.0000 1.0000 1.0000 1.0000 1.0000 1.0000 1.0000 1.0000 1.0000 1.0000 1.0000 1.0000 1.0000 1.0000 1.0000 1.0000 1.0000 1.0000 1.0000 1.0000 1.0000 1.0000 1.0000 1.0000 1.0000 1.0000 1.0000 1.0000 1.0000 1.0000 1.0000 1.0000 1.0000 1.0000 1.0000 1.0000 1.0000 1.0000 1.0000 1.0000 1.0000 1.0000 1.0000 1.0000 1.0000 1.0000 1.0000 1.0000 1.0000 1.0000 1.0000 1.0000 1.0000 1.0000 1.0000 1.0000 1.0000 1.0000 1.0000 1.0000 1.0000 1.0000 1.0000 1.0000 1.0000 1.0000 1.0000 1.0000 1.0000 1.0000 1.0000 1.0000 1.0000 1.0000 1.0000 1.0000 1.0000 1.0000 1.0000 1.0000 1.0000 1.0000 1.0000 1.0000 1.0000 1.0000 1.0000 1.0000 1.0000 1.0000 1.0000 1.0000 1.0000 1.0000 1.0000 1.0000 1.0000 1.0000 1.0000 1.0000 1.0000 1.0000 1.0000 1.0000 1.0000 1.0000 1.0000 1.0000 1.0000 1.0000 1.0000 1.0000 1.0000 1.0000 1.0000 1.0000 1.0000 1.0000 1.0000 1.0000 1.0000 1.0000 1.0000 1.0000 1.0000 1.0000 1.0000 1.0000 1.0000 1.0000 1.0000 1.0000 1.0000 1.0000 1.0000 1.0000 1.0000 1.0000 1.0000 1.0000 1.0000 1.0000 1.0000 1.0000 1.0000 1.0000 1.0000 1.0000 1.0000 1.0000 1.0000 1.0000 1.0000 1.0000 1.0000 1.0000 1.0000 1.0000 1.0000 1.0000 1.0000 1.0000 1.0000 1.0000 1.0000 1.0000 1.0000 1.0000 1.0000 1.0000 1.0000 1.0000 1.0000 1.0000 1.0000 1.0000 1.0000 1.0000 1.0000 1.0000 1.0000 1.0000 1.0000 1.0000 1.0000 1.0000 1.0000 1.0000 1.0000 1.0000 1.0000 1.0000 1.0000 1.0000 1.0000 1.0000 1.0000 1.0000 1.0000 1.0000 1.0000 1.0000 1.0000 1.0000 1.0000 1.0000 1.0000 1.0000 1.0000 1.0000 1.0000 1.0000 1.0000 1.0000 1.0000 1.0000 1.0000 1.0000 1.0000 1.0000 1.0000 1.0000 1.0000 1.0000 1.0000 1.0000 1.0000 1.0000 1.0000 1.0000 1.0000 1.0000 1.0000 1.0000 1.0000 1.0000 1.0000 1.0000 1.0000 1.0000 1.0000 1.0000 1.0000 1.0000 1.0000 1.0000 1.0000 1.0000 1.0000 1.0000 1.0000 1.0000 1.0000 1.0000 1.0000 1.0000 1.0000 1.0000 1.0000 1.0000 1.0000 1.0000 1.0000 1.0000 1.0000 1.0000 1.0000 1.0000 1.0000 1.0000 1.0000 1.0000 1.0000 1.0000 1.0000 1.0000 1.0000 1.0000 1.0000 1.0000 1.0000 1.0000 1.0000 1.0000 1.0000 1.0000 1.0000 1.0000 1.0000 1.0000 1.0000 1.0000 1.0000 1.0000 1.0000 1.0000 1.0000 1.0000 1.0000 1.0000 1.0000 1.0000 1.0000 1.0000 1.0000 1.0000 1.0000 1.0000 1.0000 1.0000 1.0000 1.0000 1.0000 1.0000 1.0000 1.0000 1.0000 1.0000 1.0000 1.0000 1.0000 1.0000 1.0000 1.0000 1.0000 1.0000 1.0000 1.0000 1.0000 1.0000 1.0000 1.0000 1.0000 1.0000 1.0000 1.0000 1.0000 1.0000 1.0000 1.0000 1.0000 1.0000 1.0000 1.0000 1.0000 1.0000 1.0000 1.0000 1.0000 1.0000 1.0000 1.0000 1.0000 1.0000 1.0000 1.0000 1.0000 1.0000 1.0000 1.0000 1.0000 1.0000 1.0000 1.0000 1.0000 1.0000 1.0000 1.0000 1.0000 1.0000 1.0000 1.0000 1.0000 1.0000 1.0000 1.0000 1.0000 1.0000 1.0000 1.0000 1.0000 1.0000 1.0000 1.0000 1.0000 1.0000 1.0000 1.0000 1.0000 1.0000 1.0000 1.0000 1.0000 1.0000 1.0000 1.0000 1.0000 1.0000 1.0000 1.0000 1.0000 1.0000 1.0000 1.0000 1.0000 1.0000 1.0000 1.0000 1.0000 1.0000 1.0000 1.0000 1.0000 1.0000 1.0000 1.0000 1.0000 1.0000 1.0000 1.0000 1.0000 1.0000 1.0000 1.0000 1.0000 1.0000 1.0000 1.0000 1.0000 1.0000 1.0000 1.0000 1.0000 1.0000 1.0000 1.0000 1.0000 1.0000 1.0000 1.0000 1.0000 1.0000 1.0000 1.0000 1.0000 1.0000 1.0000 1.0000 1.0000 1.0000 1.0000 1.0000 1.0000 1.0000 1.0000 1.0000 1.0000 1.0000 1.0000 1.0000 1.0000 1.0000 1.0000 1.0000 1.0000 1.0000 1.0000 1.0000 1.0000 1.0000 1.0000 1.0000 1.0000 1.0000 1.0000 1.0000 1.0000 1.0000 1.0000 1.0000 1.0000 1.0000 1.0000 1.0000 1.0000 1.0000 1.0000 1.0000 1.0000 1.0000 1.0000 1.0000 1.0000 1.0000 1.0000 1.0000 1.0000 1.0000 1.0000 1.0000 1.0000 1.0000 1.0000 1.0000 1.0000 1.0000 1.0000 1.0000 1.0000 1.0000 1.0000 1.0000 1.0000 1.0000 1.0000 1.0000 1.0000 1.0000 1.0000 1.0000 1.0000 1.0000 1.0000 1.0000 1.0000 1.0000 1.0000 1.0000 1.0000 1.0000 1.0000 1.0000 1.0000 1.0000 1.0000 1.0000 1.0000 1.0000 1.0000 1.0000 1.0000 1.0000 1.0000 1.0000 1.0000 1.0000 1.0000 1.0000 1.0000 1.0000 1.0000 1.0000 1.0000 1.0000 1.0000 1.0000 1.0000 1.0000 1.0000 1.0000 1.0000 1.0000 1.0000 1.0000 1.0000 1.0000 1.0000 1.0000 1.0000 1.0000 1.0000 1.0000 1.0000 1.0000 1.0000 1.0000 1.0000 1.0000 1.0000 1.0000 1.0000 1.0000 1.0000 1.0000 1.0000 1.0000 1.0000 1.0000 1.0000 1.0000 1.0000 1.0000 1.0000 1.0000 1.0000 1.0000 1.0000 1.0000 1.0000 1.0000 1.0000 1.0000 1.0000 1.0000 1.0000 1.0000 1.0000 1.0000 1.0000 1.0000 1.0000 1.0000 1.0000 1.0000 1.0000 1.0000 1.0000 1.0000 1.0000 1.0000 1.0000 1.0000 1.0000 1.0000 1.0000 1.0000 1.0000 1.0000 1.0000 1.0000 1.0000 1.0000 1.0000 1.0000 1.0000 1.0000 1.0000 1.0000 1.0000 1.0000 1.0000 1.0000 1.0000 1.0000 1.0000 1.0000 1.0000 1.0000 1.0000 1.0000 1.0000 1.0000 1.0000 1.0000 1.0000 1.0000 1.0000 1.0000 1.0000 1.0000 1.0000 1.0000 1.0000 1.0000 1.0000 1.0000 1.0000 1.0000 1.0000 1.0000 1.0000 1.0000 1.0000 1.0000 1.0000 1.0000 1.0000 1.0000 1.0000 1.0000 1.0000 1.0000 1.0000 1.0000 1.0000 1.0000 1.0000 1.0000 1.0000 1.0000 1.0000 1.0000 1.0000 1.0000 1.0000 1.0000 1.0000 1.0000 1.0000 1.0000 1.0000 1.0000 1.0000 1.0000 1.0000 1.0000 1.0000 1.0000 1.0000 1.0000 1.0000 1.0000 1.0000 1.0000 1.0000 1.0000 1.0000 1.0000 1.0000 1.0000 1.0000 1.0000 1.0000 1.0000 1.0000 1.0000 1.0000 1.0000 1.0000 1.0000 1.0000 1.0000 1.0000 1.0000 1.0000 1.0000 1.0000 1.0000 1.0000 1.0000 1.0000 1.0000 1.0000 1.0000 1.0000 1.0000 1.0000 1.0000 1.0000 1.0000 1.0000 1.0000 1.0000 1.0000 1.0000 1.0000 1.0000 1.0000 1.0000 1.0000 1.0000 1.0000 1.0000 1.0000 1.0000 1.0000 1.0000 1.0000 1.0000 1.0000 1.0000 1.0000 1.0000 1.0000 1.0000 1.0000 1.0000 1.0000 1.0000 1.0000 1.0000 1.0000 1.0000 1.0000 1.0000 1.0000 1.0000 1.0000 1.0000 1.0000 1.0000 1.0000 1.0000 1.0000 1.0000 1.0000 1.0000 1.0000 1.0000 1.0000 1.0000 1.0000 1.0000 1.0000 1.0000 1.0000 1.0000 1.0000 1.0000 1.0000 1.0000 1.0000 1.0000 1.0000 1.0000 1.0000 1.0000 1.0000 1.0000 1.0000 1.0000 1.0000 1.0000 1.0000 1.0000 1.0000 1.0000 1.0000 1.0000 1.0000 1.0000 1.0000 1.0000 1.0000 1.0000 1.0000 1.0000 1.0000 1.0000 1.0000 1.0000 1.0000 1.0000 1.0000 1.0000 1.0000 1.0000 1.0000 1.0000 1.0000 1.0000 1.0000 1.0000 1.0000 1.0000 1.0000 1.0000 1.0000 1.0000 1.0000 1.0000 1.0000 1.0000 1.0000 1.0000 1.0000 1.0000 1.0000 1.0000 1.0000 1.0000 1.0000 1.0000 1.0000 1.0000 1.0000 1.0000 1.0000 1.0000 1.0000 1.0000 1.0000 1.0000 1.0000 1.0000 1.0000 1.0000 1.0000 1.0000 1.0000 1.0000 1.0000 1.0000 1.0000 1.0000 1.0000 1.0000 1.0000 1.0000 1.0000 1.0000 1.0000 1.0000 1.0000 1.0000 1.0000 1.0000 1.0000 1.0000 1.0000 1.0000 1.0000 1.0000 1.0000 1.0000 1.0000 1.0000 1.0000 1.0000 1.0000 1.0000 1.0000 1.0000 1.0000 1.0000 1.0000 1.0000 1.0000 1.0000 1.0000 1.0000 1.0000 1.0000 1.0000 1.0000 1.0000 1.0000 1.0000 1.0000 1.0000 1.0000 1.0000 1.0000 1.0000 1.0000 1.0000 1.0000 1.0000 1.0000 1.0000 1.0000 1.0000 1.0000 1.0000 1.0000 1.0000 1.0000 1.0000 1.0000 1.0000 1.0000 1.0000 1.0000 1.0000 1.0000 1.0000 1.0000 1.0000 1.0000 1.0000 1.0000 1.0000 1.0000 1.0000 1.0000 1.0000 1.0000 1.0000 1.0000 1.0000 1.0000 1.0000 1.0000 1.0000 1.0000 1.0000 1.0000 1.0000 1.0000 1.0000 1.0000 1.0000 1.0000 1.0000 1.0000 1.0000 1.0000 1.0000 1.0000 1.0000 1.0000 1.0000 1.0000 1.0000 1.0000 1.0000 1.0000 1.0000 1.0000 1.0000 1.0000 1.0000 1.0000 1.0000 1.0000 1.0000 1.0000 1.0000 1.0000 1.0000 1.0000 1.0000 1.0000 1.0000 1.0000 1.0000 1.0000 1.0000 1.0000 1.0000 1.0000 1.0000 1.0000 1.0000 1.0000 1.0000 1.0000 1.0000 1.0000 1.0000 1.0000 1.0000 1.0000 1.0000 1.0000 1.0000 1.0000 1.0000 1.0000 1.0000 1.0000 1.0000 1.0000 1.0000 1.0000 1.0000 1.0000 1.0000 1.0000 1.0000 1.0000 1.0000 1.0000 1.0000 1.0000 1.0000 1.0000 1.0000 1.0000 1.0000 1.0000 1.0000 1.0000 1.0000 1.0000 1.0000 1.0000 1.0000 1.0000 1.0000 1.0000 1.0000 1.0000 1.0000 1.0000 1.0000 1.0000 1.0000 1.0000 1.0000 </float_array><technique_common><accessor source="#skin-w-a" count="7997" stride="1"><param name="WEIGHT" type="float"/></accessor></technique_common></source>
<joints><input semantic="JOINT" source="#skin-j"/><input semantic="INV_BIND_MATRIX" source="#skin-b"/></joints>
<vertex_weights count="7755"><input semantic="JOINT" source="#skin-j" offset="0"/><input semantic="WEIGHT" source="#skin-w" offset="1"/><vcount>1 1 1 1 1 1 1 1 1 1 1 1 1 1 1 1 1 1 1 1 1 1 1 1 1 1 1 1 1 1 1 1 2 1 1 2 1 2 2 1 1 2 2 1 2 2 1 1 2 2 1 1 2 2 2 2 2 1 2 2 2 1 2 2 1 2 1 1 1 1 1 1 1 1 1 1 1 2 1 1 1 1 2 1 1 2 2 3 3 2 3 3 2 2 2 3 3 2 3 3 2 2 1 1 2 2 1 1 2 2 2 1 1 2 1 1 1 1 1 1 1 1 1 1 1 1 1 1 1 1 1 1 2 1 1 2 3 3 2 2 3 3 2 2 2 3 3 2 2 3 3 2 1 2 2 2 2 1 2 2 2 1 1 2 1 1 1 1 1 1 1 1 1 1 1 1 1 2 1 1 1 1 1 1 2 2 2 2 3 2 3 2 3 2 3 2 2 1 2 3 3 1 2 1 2 2 2 1 2 2 2 1 1 2 1 1 1 1 1 1 1 1 1 1 2 1 1 1 1 2 1 1 1 1 2 2 1 1 1 1 2 2 1 1 2 2 1 2 2 1 1 2 2 1 2 2 2 2 2 1 2 2 2 2 2 1 1 1 1 2 1 1 1 1 1 1 1 1 1 2 1 1 1 1 2 2 1 1 2 2 3 3 2 3 3 2 2 2 3 3 2 3 3 2 2 1 1 2 2 1 1 2 2 2 1 1 1 1 1 1 1 1 1 1 1 1 1 1 1 1 1 1 1 1 2 2 1 1 2 3 3 2 2 3 3 2 2 2 3 3 2 2 3 3 2 2 1 2 2 1 2 2 2 2 1 1 1 1 1 1 1 1 1 1 1 1 1 1 1 2 1 1 1 1 2 1 1 2 3 2 2 2 3 2 3 2 2 2 3 1 2 1 3 3 2 2 2 1 2 1 2 2 2 2 1 1 1 1 1 1 1 1 1 1 2 1 1 1 1 1 1 2 1 1 1 1 1 1 1 1 1 1 1 1 1 1 1 1 1 1 1 1 1 1 1 1 1 1 1 1 1 1 1 1 1 1 1 1 1 1 1 1 1 1 1 1 1 1 1 1 1 1 1 1 1 1 1 1 1 1 1 1 1 1 1 1 1 1 1 1 1 1 1 1 1 1 1 1 1 1 1 1 1 1 1 1 1 1 1 1 1 1 1 1 1 1 1 1 1 1 1 1 1 1 1 1 1 1 1 1 1 1 1 1 1 1 1 1 1 1 1 1 1 1 1 1 1 1 1 1 1 1 1 1 1 1 1 1 1 1 1 1 1 1 1 1 1 1 1 1 1 1 1 1 1 1 1 1 1 1 1 1 1 1 1 1 1 1 1 1 1 1 1 1 1 1 1 1 1 1 1 1 1 1 1 1 1 1 1 1 1 1 1 1 1 1 1 1 1 1 1 1 1 1 1 1 1 1 1 1 1 1 1 1 1 1 1 1 1 1 1 1 1 1 1 1 1 1 1 1 1 1 1 1 1 1 1 1 1 1 1 1 1 1 1 1 1 1 1 1 1 1 1 1 1 1 1 1 1 1 1 1 1 1 1 1 1 1 1 1 1 1 1 1 1 1 1 1 1 1 1 1 1 1 1 1 1 1 1 1 1 1 1 1 1 1 1 1 1 1 1 1 1 1 1 1 1 1 1 1 1 1 1 1 1 1 1 1 1 1 1 1 1 1 1 1 1 1 1 1 1 1 1 1 1 1 1 1 1 1 1 1 1 1 1 1 1 1 1 1 1 1 1 1 1 1 1 1 1 1 1 1 1 1 1 1 1 1 1 1 1 1 1 1 1 1 1 1 1 1 1 1 1 1 1 1 1 1 1 1 1 1 1 1 1 1 1 1 1 1 1 1 1 1 1 1 1 1 1 1 1 1 1 1 1 1 1 1 1 1 1 1 1 1 1 1 1 1 1 1 1 1 1 1 1 1 1 1 1 1 1 1 1 1 1 1 1 1 1 1 1 1 1 1 1 1 1 1 1 1 1 1 1 1 1 1 1 1 1 1 1 1 1 1 1 1 1 1 1 1 1 1 1 1 1 1 1 1 1 1 1 1 1 1 1 1 1 1 1 1 1 1 1 1 1 1 1 1 1 1 1 1 1 1 1 1 1 1 1 1 1 1 1 1 1 1 1 1 1 1 1 1 1 1 1 1 1 1 1 1 1 1 1 1 1 1 1 1 1 1 1 1 1 1 1 1 1 1 1 1 1 1 1 1 1 1 1 1 1 1 1 1 1 1 1 1 1 1 1 1 1 1 1 1 1 1 1 1 1 1 1 1 1 1 1 1 1 1 1 1 1 1 1 1 1 1 1 1 1 1 1 1 1 1 1 1 1 1 1 1 1 1 1 1 1 1 1 1 1 1 1 1 1 1 1 1 1 1 1 1 1 1 1 1 1 1 1 1 1 1 1 1 1 1 1 1 1 1 1 1 1 1 1 1 1 1 1 1 1 1 1 1 1 1 1 1 1 1 1 1 1 1 1 1 1 1 1 1 1 1 1 1 1 1 1 1 1 1 1 1 1 1 1 1 1 1 1 1 1 1 1 1 1 1 1 1 1 1 1 1 1 1 1 1 1 1 1 1 1 1 1 1 1 1 1 1 1 1 1 1 1 1 1 1 1 1 1 1 1 1 1 1 1 1 1 1 1 1 1 1 1 1 1 1 1 1 1 1 1 1 1 1 1 1 1 1 1 1 1 1 1 1 1 1 1 1 1 1 1 1 1 1 1 1 1 1 1 1 1 1 1 1 1 1 1 1 1 1 1 1 1 1 1 1 1 1 1 1 1 1 1 1 1 1 1 1 1 1 1 1 1 1 1 1 1 1 1 1 1 1 1 1 1 1 1 1 1 1 1 1 1 1 1 1 1 1 1 1 1 1 1 1 1 1 1 1 1 1 1 1 1 1 1 1 1 1 1 1 1 1 1 1 1 1 1 1 1 1 1 1 1 1 1 1 1 1 1 1 1 1 1 1 1 1 1 1 1 1 1 1 1 1 1 1 1 1 1 1 1 1 1 1 1 1 1 1 1 1 1 1 1 1 1 1 1 1 1 1 1 1 1 1 1 1 1 1 1 1 1 1 1 1 1 1 1 1 1 1 1 1 1 1 1 1 1 1 1 1 1 1 1 1 1 1 1 1 1 1 1 1 1 1 1 1 1 1 1 1 1 1 1 1 1 1 1 1 1 1 1 1 1 1 1 1 1 1 1 1 1 1 1 1 1 1 1 1 1 1 1 1 1 1 1 1 1 1 1 1 1 1 1 1 1 1 1 1 1 1 1 1 1 1 1 1 1 1 1 1 1 1 1 1 1 1 1 1 1 1 1 1 1 1 1 1 1 1 1 1 1 1 1 1 1 1 1 1 1 1 1 1 1 1 1 1 1 1 1 1 1 1 1 1 1 1 1 1 1 1 1 1 1 1 1 1 1 1 1 1 1 1 1 1 1 1 1 1 1 1 1 1 1 1 1 1 1 1 1 1 1 1 1 1 1 1 1 1 1 1 1 1 1 1 1 1 1 1 1 1 1 1 1 1 1 1 1 1 1 1 1 1 1 1 1 1 1 1 1 1 1 1 1 1 1 1 1 1 1 1 1 1 1 1 1 1 1 1 1 1 1 1 1 1 1 1 1 1 1 1 1 1 1 1 1 1 1 1 1 1 1 1 1 1 1 1 1 1 1 1 1 1 1 1 1 1 1 1 1 1 1 1 1 1 1 1 1 1 1 1 1 1 1 1 1 1 1 1 1 1 1 1 1 1 1 1 1 1 1 1 1 1 1 1 1 1 1 1 1 1 1 1 1 1 1 1 1 1 1 1 1 1 1 1 1 1 1 1 1 1 1 1 1 1 1 1 1 1 1 1 1 1 1 1 1 1 1 1 1 1 1 1 1 1 1 1 1 1 1 1 1 1 1 1 1 1 1 1 1 1 1 1 1 1 1 1 1 1 1 1 1 1 1 1 1 1 1 1 1 1 1 1 1 1 1 1 1 1 1 1 1 1 1 1 1 1 1 1 1 1 1 1 1 1 1 1 1 1 1 1 1 1 1 1 1 1 1 1 1 1 1 1 1 1 1 1 1 1 1 1 1 1 1 1 1 1 1 1 1 1 1 1 1 1 1 1 1 1 1 1 1 1 1 1 1 1 1 1 1 1 1 1 1 1 1 1 1 1 1 1 1 1 1 1 1 1 1 1 1 1 1 1 1 1 1 1 1 1 1 1 1 1 1 1 1 1 1 1 1 1 1 1 1 1 1 1 1 1 1 1 1 1 1 1 1 1 1 1 1 1 1 1 1 1 1 1 1 1 1 1 1 1 1 1 1 1 1 1 1 1 1 1 1 1 1 1 1 1 1 1 1 1 1 1 1 1 1 1 1 1 1 1 1 1 1 1 1 1 1 1 1 1 1 1 1 1 1 1 1 1 1 1 1 1 1 1 1 1 1 1 1 1 1 1 1 1 1 1 1 1 1 1 1 1 1 1 1 1 1 1 1 1 1 1 1 1 1 1 1 1 1 1 1 1 1 1 1 1 1 1 1 1 1 1 1 1 1 1 1 1 1 1 1 1 1 1 1 1 1 1 1 1 1 1 1 1 1 1 1 1 1 1 1 1 1 1 1 1 1 1 1 1 1 1 1 1 1 1 1 1 1 1 1 1 1 1 1 1 1 1 1 1 1 1 1 1 1 1 1 1 1 1 1 1 1 1 1 1 1 1 1 1 1 1 1 1 1 1 1 1 1 1 1 1 1 1 1 1 1 1 1 1 1 1 1 1 1 1 1 1 1 1 1 1 1 1 1 1 1 1 1 1 1 1 1 1 1 1 1 1 1 1 1 1 1 1 1 1 1 1 1 1 1 1 1 1 1 1 1 1 1 1 1 1 1 1 1 1 1 1 1 1 1 1 1 1 1 1 1 1 1 1 1 1 1 1 1 1 1 1 1 1 1 1 1 1 1 1 1 1 1 1 1 1 1 1 1 1 1 1 1 1 1 1 1 1 1 1 1 1 1 1 1 1 1 1 1 1 1 1 1 1 1 1 1 1 1 1 1 1 1 1 1 1 1 1 1 1 1 1 1 1 1 1 1 1 1 1 1 1 1 1 1 1 1 1 1 1 1 1 1 1 1 1 1 1 1 1 1 1 1 1 1 1 1 1 1 1 1 1 1 1 1 1 1 1 1 1 1 1 1 1 1 1 1 1 1 1 1 1 1 1 1 1 1 1 1 1 1 1 1 1 1 1 1 1 1 1 1 1 1 1 1 1 1 1 1 1 1 1 1 1 1 1 1 1 1 1 1 1 1 1 1 1 1 1 1 1 1 1 1 1 1 1 1 1 1 1 1 1 1 1 1 1 1 1 1 1 1 1 1 1 1 1 1 1 1 1 1 1 1 1 1 1 1 1 1 1 1 1 1 1 1 1 1 1 1 1 1 1 1 1 1 1 1 1 1 1 1 1 1 1 1 1 1 1 1 1 1 1 1 1 1 1 1 1 1 1 1 1 1 1 1 1 1 1 1 1 1 1 1 1 1 1 1 1 1 1 1 1 1 1 1 1 1 1 1 1 1 1 1 1 1 1 1 1 1 1 1 1 1 1 1 1 1 1 1 1 1 1 1 1 1 1 1 1 1 1 1 1 1 1 1 1 1 1 1 1 1 1 1 1 1 1 1 1 1 1 1 1 1 1 1 1 1 1 1 1 1 1 1 1 1 1 1 1 1 1 1 1 1 1 1 1 1 1 1 1 1 1 1 1 1 1 1 1 1 1 1 1 1 1 1 1 1 1 1 1 1 1 1 1 1 1 1 1 1 1 1 1 1 1 1 1 1 1 1 1 1 1 1 1 1 1 1 1 1 1 1 1 1 1 1 1 1 1 1 1 1 1 1 1 1 1 1 1 1 1 1 1 1 1 1 1 1 1 1 1 1 1 1 1 1 1 1 1 1 1 1 1 1 1 1 1 1 1 1 1 1 1 1 1 1 1 1 1 1 1 1 1 1 1 1 1 1 1 1 1 1 1 1 1 1 1 1 1 1 1 1 1 1 1 1 1 1 1 1 1 1 1 1 1 1 1 1 1 1 1 1 1 1 1 1 1 1 1 1 1 1 1 1 1 1 1 1 1 1 1 1 1 1 1 1 1 1 1 1 1 1 1 1 1 1 1 1 1 1 1 1 1 1 1 1 1 1 1 1 1 1 1 1 1 1 1 1 1 1 1 1 1 1 1 1 1 1 1 1 1 1 1 1 1 1 1 1 1 1 1 1 1 1 1 1 1 1 1 1 1 1 1 1 1 1 1 1 1 1 1 1 1 1 1 1 1 1 1 1 1 1 1 1 1 1 1 1 1 1 1 1 1 1 1 1 1 1 1 1 1 1 1 1 1 1 1 1 1 1 1 1 1 1 1 1 1 1 1 1 1 1 1 1 1 1 1 1 1 1 1 1 1 1 1 1 1 1 1 1 1 1 1 1 1 1 1 1 1 1 1 1 1 1 1 1 1 1 1 1 1 1 1 1 1 1 1 1 1 1 1 1 1 1 1 1 1 1 1 1 1 1 1 1 1 1 1 1 1 1 1 1 1 1 1 1 1 1 1 1 1 1 1 1 1 1 1 1 1 1 1 1 1 1 1 1 1 1 1 1 1 1 1 1 1 1 1 1 1 1 1 1 1 1 1 1 1 1 1 1 1 1 1 1 1 1 1 1 1 1 1 1 1 1 1 1 1 1 1 1 1 1 1 1 1 1 1 1 1 1 1 1 1 1 1 1 1 1 1 1 1 1 1 1 1 1 1 1 1 1 1 1 1 1 1 1 1 1 1 1 1 1 1 1 1 1 1 1 1 1 1 1 1 1 1 1 1 1 1 1 1 1 1 1 1 1 1 1 1 1 1 1 1 1 1 1 1 1 1 1 1 1 1 1 1 1 1 1 1 1 1 1 1 1 1 1 1 1 1 1 1 1 1 1 1 1 1 1 1 1 1 1 1 1 1 1 1 1 1 1 1 1 1 1 1 1 1 1 1 1 1 1 1 1 1 1 1 1 1 1 1 1 1 1 1 1 1 1 1 1 1 1 1 1 1 1 1 1 1 1 1 1 1 1 1 1 1 1 1 1 1 1 1 1 1 1 1 1 1 1 1 1 1 1 1 1 1 1 1 1 1 1 1 1 1 1 1 1 1 1 1 1 1 1 1 1 1 1 1 1 1 1 1 1 1 1 1 1 1 1 1 1 1 1 1 1 1 1 1 1 1 1 1 1 1 1 1 1 1 1 1 1 1 1 1 1 1 1 1 1 1 1 1 1 1 1 1 1 1 1 1 1 1 1 1 1 1 1 1 1 1 1 1 1 1 1 1 1 1 1 1 1 1 1 1 1 1 1 1 1 1 1 1 1 1 1 1 1 1 1 1 1 1 1 1 1 1 1 1 1 1 1 1 1 1 1 1 1 1 1 1 1 1 1 1 1 1 1 1 1 1 1 1 1 1 1 1 1 1 1 1 1 1 1 1 1 1 1 1 1 1 1 1 1 1 1 1 1 1 1 1 1 1 1 1 1 1 1 1 1 1 1 1 1 1 1 1 1 1 1 1 1 1 1 1 1 1 1 1 1 1 1 1 1 1 1 1 1 1 1 1 1 1 1 1 1 1 1 1 1 1 1 1 1 1 1 1 1 1 1 1 1 1 1 1 1 1 1 1 1 1 1 1 1 1 1 1 1 1 1 1 1 1 1 1 1 1 1 1 1 1 1 1 1 1 1 1 1 1 1 1 1 1 1 1 1 1 1 1 1 1 1 1 1 1 1 1 1 1 1 1 1 1 1 1 1 1 1 1 1 1 1 1 1 1 1 1 1 1 1 1 1 1 1 1 1 1 1 1 1 1 1 1 1 1 1 1 1 1 1 1 1 1 1 1 1 1 1 1 1 1 1 1 1 1 1 1 1 1 1 1 1 1 1 1 1 1 1 1 1 1 1 1 1 1 1 1 1 1 1 1 1 1 1 1 1 1 1 1 1 1 1 1 1 1 1 1 1 1 1 1 1 1 1 1 1 1 1 1 1 1 1 1 1 1 1 1 1 1 1 1 1 1 1 1 1 1 1 1 1 1 1 1 1 1 1 1 1 1 1 1 1 1 1 1 1 1 1 1 1 1 1 1 1 1 1 1 1 1 1 1 1 1 1 1 1 1 1 1 1 1 1 1 1 1 1 1 1 1 1 1 1 1 1 1 1 1 1 1 1 1 1 1 1 1 1 1 1 1 1 1 1 1 1 1 1 1 1 1 1 1 1 1 1 1 1 1 1 1 1 1 1 1 1 1 1 1 1 1 1 1 1 1 1 1 1 1 1 1 1 1 1 1 1 1 1 1 1 1 1 1 1 1 1 1 1 1 1 1 1 1 1 1 1 1 1 1 1 1 1 1 1 1 1 1 1 1 1 1 1 1 1 1 1 1 1 1 1 1 1 1 1 1 1 1 1 1 1 1 1 1 1 1 1 1 1 1 1 1 1 1 1 1 1 1 1 1 1 1 1 1 1 1 1 1 1 1 1 1 1 1 1 1 1 1 1 1 1 1 1 1 1 1 1 1 1 1 1 1 1 1 1 1 1 1 1 1 1 1 1 1 1 1 1 1 1 1 1 1 1 1 1 1 1 1 1 1 1 1 1 1 1 1 1 1 1 1 1 1 1 1 1 1 1 1 1 1 1 1 1 1 1 1 1 1 1 1 1 1 1 1 1 1 1 1 1 1 1 1 1 1 1 1 1 1 1 1 1 1 1 1 1 1 1 1 1 1 1 1 1 1 1 1 1 1 1 1 1 1 1 1 1 1 1 1 1 1 1 1 1 1 1 1 1 1 1 1 1 1 1 1 1 1 1 1 1 1 1 1 1 1 1 1 1 1 1 1 1 1 1 1 1 1 1 1 1 1 1 1 1 1 1 1 1 1 1 1 1 1 1 1 1 1 1 1 1 1 1 1 1 1 1 1 1 1 1 1 1 1 1 1 1 1 1 1 1 1 1 1 1 1 1 1 1 1 1 1 1 1 1 1 1 1 1 1 1 1 1 1 1 1 1 1 1 1 1 1 1 1 1 1 1 1 1 1 1 1 1 1 1 1 1 1 1 1 1 1 1 1 1 1 1 1 1 1 1 1 1 1 1 1 1 1 1 1 1 1 1 1 1 1 1 1 1 1 1 1 1 1 1 1 1 1 1 1 1 1 1 1 1 1 1 1 1 1 1 1 1 1 1 1 1 1 1 1 1 1 1 1 1 1 1 1 1 1 1 1 1 1 1 1 1 1 1 1 1 1 1 1 1 1 1 1 1 1 1 1 1 1 1 1 1 1 1 1 1 1 1 1 1 1 1 1 1 1 1 1 1 1 1 1 1 1 1 1 1 1 1 1 1 1 1 1 1 1 1 1 1 1 1 1 1 1 1 1 1 1 1 1 1 1 1 1 1 1 1 1 1 1 1 1 1 1 1 1 1 1 1 1 1 1 1 1 1 1 1 1 1 1 1 1 1 1 1 1 1 1 1 1 1 1 1 1 1 1 1 1 1 1 1 1 1 1 1 1 1 1 1 1 1 1 1 1 1 1 1 1 1 1 1 1 1 1 1 1 1 1 1 1 1 1 1 1 1 1 1 1 1 1 1 1 1 1 1 1 1 1 1 1 1 1 1 1 1 1 1 1 1 1 1 1 1 1 1 1 1 1 1 1 1 1 1 1 1 1 1 1 1 1 1 1 1 1 1 1 1 1 1 1 1 1 1 1 1 1 1 1 1 1 1 1 1 1 1 1 1 1 1 1 1 1 1 1 1 1 1 1 1 1 1 1 1 1 1 1 1 1 1 1 1 1 1 1 1 1 1 1 1 1 1 1 1 1 1 1 1 1 1 1 1 1 1 1 1 1 1 1 1 1 1 1 1 1 1 1 1 1 1 1 1 1 1 1 1 1 1 1 1 1 1 1 1 1 1 1 1 1 1 1 1 1 1 1 1 1 1 1 1 1 1 1 1 1 1 1 1 1 1 1 1 1 1 1 1 1 1 1 1 1 1 1 1 1 1 1 1 1 1 1 1 1 1 1 1 1 1 1 1 1 1 1 1 1 1 1 1 1 1 1 1 1 1 1 1 1 1 1 1 1 1 1 1 1 1 1 1 1 1 1 1 1 1 1 1 1 1 1 1 1 1 1 1 1 1 1 1 1 1 1 1 1 1 1 1 1 1 1 1 1 1 1 1 1 1 1 1 1 1 1 1 1 1 1 1 1 1 1 1 1 1 1 1 1 1 1 1 1 1 1 1 1 1 1 1 1 1 1 1 1 1 1 1 1 1 1 1 1 1 1 1 1 1 1 1 1 1 1 1 1 1 1 1 1 1 1 1 1 1 1 1 1 1 1 1 1 1 1 1 1 1 1 1 1 1 1 1 1 1 1 1 1 1 1 1 1 1 1 1 1 1 1 1 1 1 1 1 1 1 1 1 1 1 1 1 1 1 1 1 1 1 1 1 1 1 1 1 1 1 1 1 1 1 1 1 1 1 1 1 1 1 1 1 1 1 1 1 1 1 1 1 1 1 1 1 1 1 1 1 1 1 1 1 1 1 1 1 1 1 1 1 1 1 1 1 1 1 1 1 1 1 1 1 1 1 1 1 1 1 1 1 1 1 1 1 1 1 1 1 1 1 1 1 1 1 1 1 1 1 1 1 1 1 1 1 1 1 1 1 1 1 1 1 1 1 1 1 1 1 1 1 1 1 1 1 1 1 1 1 1 1 1 1 1 1 1 1 1 1 1 1 1 1 1 1 1 1 1 1 1 1 1 1 1 1 1 1 1 1 1 1 1 1 1 1 1 1 1 1 1 1 1 1 1 1 1 1 1 1 1 1 1 1 1 1 1 1 1 1 1 1 1 1 1 1 1 1 1 1 1 1 1 1 1 1 1 1 1 1 1 1 1 1 1 1 1 1 1 1 1 1 1 1 1 1 1 1 1 1 1 1 1 1 1 1 1 1 1 1 1 1 1 1 1 1 1 1 1 1 1 1 1 1 1 1 1 1 1 1 1 1 1 1 1 1 1 1 1 1 1 1 1 1 1 1 1 1 1 1 1 1 1 1 1 1 1 1 1 1 1 1 1 1 1 1 1 1 1 1 1 1 1 1 1 1 1 1 1 1 1 1 1 1 1 1 1 1 1 1 1 1 1 1 1 1 1 1 1 1 1 1 1 1 1 1 1 1 1 1 1 1 1 1 1 1 1 1 1 1 1 1 1 1 1 1 1 1 1 1 1 1 1 1 1 1 1 1 1 1 1 1 1 1 1 1 1 1 1 1 1 1 1 1 1 1 1 1 1 1 1 1 1 1 1 1 1 1 1 1 1 1 1 1 1 1 1 1 1 1 1 1 1 1 1 1 1 1 1 1 1 1 1 1 1 1 1 1 1 1 1 1 1 1 1 1 1 1 1 1 1 1 1 1 1 1 1 1 1 1 1 1 1 1 1 1 1 1 1 1 1 1 1 1 1 1 1 1 1 1 1 1 1 1 1 1 1 1 1 1 1 1 1 1 1 1 1 1 1 1 1 1 1 1 1 1 1 1 1 1 1 1 1 1 1 1 1 1 1 1 1 1 1 1 1 1 1 1 1 1 1 1 1 1 1 1 1 1 1 1 1 1 1 1 1 1 1 1 1 1 1 1 1 1 1 1 1 1 1 1 1 1 1 1 1 1 1 1 1 1 1 1 1 1 1 1 1 1 1 1 1 1 1 1 1 1 1 1 1 1 1 1 1 1 1 1 1 1 1 1 1 1 1 1 1 1 1 1 1 1 1 1 1 1 1 1 1 1 1 1 1 1 1 1 1 1 1 1 1 1 1 1 1 1 1 1 1 1 1 1 1 1 1 1 1 1 1 1 1 1 1 1 1 1 1 1 1 1 1 1 1 1 1 1 1 1 1 1 1 1 1 1 1 1 1 1 1 1 1 1 1 1 1 1 1 1 1 1 1 1 1 1 1 1 1 1 1 1 1 1 1 1 1 1 1 1 1 1 1 1 1 1 1 1 1 1 1 1 1 1 1 1 1 1 1 1 1 1 1 1 1 1 1 1 1 1 1 1 1 1 1 1 1 1 1 1 1 1 1 1 1 1 1 1 1 1 1 1 1 1 1 1 1 1 1 1 1 1 1 1 1 1 1 1 1 1 1 1 1 1 1 1 1 1 1 1 1 1 1 1 1 1 1 1 1 1 1 1 1 1 1 1 1 1 1 1 1 1 1 1 1 1 1 1 1 1 1 1 1 1 1 1 1 1 1 1 1 1 1 1 1 1 1 1 1 1 1 1 1 1 1 1 1 1 1 1 1 1 1 1 1 1 1 1 1 1 1 1 1 1 1 1 1 1 1 1 1 1 1 1 1 1 1 1 1 1 1 1 1 1 1 1 1 1 1 1 1 1 1 1 1 1 1 1 1 1 1 1 1 1 1 1 1 1 1 1 1 1 1 1 1 1 1 1 1 1 1 1 1 1 1 1 1 1 1 1 1 1 1 1 1 1 1 1 1 1 1 1 1 1 1 1 1 1 1 1 1 1 1 1 1 1 1 1 1 1 1 1 1 1 1 1 1 1 1 1 1 1 1 1 1 1 1 1 1 1 1 1 1 1 1 1 1 1 1 1 1 1 1 1 1 1 1 1 1 1 1 1 1 1 1 1 1 1 1 1 1 1 1 1 1 1 1 1 1 1 1 1 1 1 1 1 1 1 1 1 1 1 1 1 1 1 1 1 1 1 1 1 1 1 1 1 1 1 1 1 1 1 1 1 1 1 1 1 1 1 1 1 1 1 1 1 1 1 1 1 1 1 1 1 1 1 1 1 1 1 1 1 1 1 1 1 1 1 1 1 1 1 1 1 1 1 1 1 1 1 1 1 1 1 1 1 1 1 1 1 1 1 1 1 1 1 1 1 1 1 1 1 1 1 1 1 1 1 1 1 1 1 1 1 1 1 1 1 1 1 1 1 1 1 1 1 1 1 1 1 1 1 1 1 1 1 1 1 1 1 1 1 1 1 1 1 1 1 1 1 1 1 1 1 1 1 1 1 1 1 1 1 1 1 1 1 1 1 1 1 1 1 1 1 1 1 1 1 1 1 1 1 1 1 1 1 1 1 1 1 1 1 1 1 1 1 1 1 1 1 1 1 1 1 1 1 1 1 1 1 1 1 1 1 1 1 1 1 1 1 1 1 1 1 1 1 1 1 1 1 1 1 1 1 1 1 1 1 1 1 1 1 1 1 1 1 1 1 1 1 1 1 1 1 1 1 1 1 1 1 1 1 1 1 1 1 1 1 1 1 1 1 1 1 1 1 1 1 1 1 1 1 1 1 1 1 1 1 1 1 1 1 1 1 1 1 1 1 1 1 1 1 1 1 1 1 1 1 1 1 1 1 1 1 1 1 1 1 1 1 1 1 1 1 1 1 1 1 1 1 1 1 1 1 1 1 1 1 1 1 1 1 1 1 1 1 1 1 1 1 1 1 1 1 1 1 1 1 1 1 1 1 1 1 1 1 1 1 1 1 1 1 1 1 1 1 1 1 1 1 1 1 1 1 1 1 1 1 1 1 1 1 1 1 1 1 1 1 1 1 1 1 1 1 1 1 1 1 1 1 1 1 1 1 1 1 1 1 1 1 1 1 1 1 1 1 1 1 1 1 1 1 1 1 1 1 1 1 1 1 1 1 1 1 1 1 1 1 1 1 1 1 1 1 1 1 1 1 1 1 1 1 1 1 1 1 1 1 1 1 1 1 1 1 1 1 1 1 1 1 1 1 1 1 1 1 1 1 1 1 1 1 1 1 1 1 1 1 1 1 1 1 1 1 1 1 1 1 1 1 1 1 1 1 1 1 1 1 1 1 1 1 1 1 1 1 1 1 1 1 1 1 1 1 1 1 1 1 1 1 1 1 1 1 1 1 1 1 1 1 1 1 1 1 1 1 1 1 1 1 1 1 1 1 1 1 1 1 1 1 1 1 1 1 1 1 1 1 1 1 1 1 1 1 1 1 1 1 1 1 1 1 1 1 1 1 1 1 1 1 1 1 1 1 1 1 1 1 1 1 1 1 1 1 1 1 1 1 1 1 1 1 1 1 1 1 1 1 1 1 1 1 1 1 1 1 1 1 1 1 1 1 1 1 1 1 1 1 1 1 1 1 1 1 1 1 1 1 1 1 1 1 1 1 1 1 1 1 1 1 1 1 1 1 1 1 1 1 1 1 1 1 1 1 1 1 1 1 1 1 1 1 1 1 1 1 1 1 1 1 1 1 1 1 1 1 1 1 1 1 1 1 1 1 1 1 1 1 1 1 1 1 1 1 1 1 1 1 1 1 1 1 1 1 1 1 1 1 1 1 1 1 1 1 1 1 1 1 1 1 1 1 1 1 1 1 1 1 1 1 1 1 1 1 1 1 1 1 1 1 1 1 1 1 1 1 1 1 1 1 1 1 1 1 1 1 1 1 1 1 1 1 1 1 1 1 1 1 1 1 1 1 1 1 1 1 1 1 1 1 1 1 1 1 1 1 1 1 1 1 1 1 1 1 1 1 1 1 1 1 1 1 1 1 1 1 1 1 1 1 1 1 1 1 1 1 1 1 1 1 1 1 1 1 1 1 1 1 1 1 1 1 1 1 1 1 1 1 1 1 1 1 1 1 1 1 1 1 1 1 1 1 1 1 1 1 1 1 1 1 1 1 1 1 1 1 1 1 1 1 1 1 1 1 1 1 1 1 1 1 1 1 1 1 1 1 1 1 1 1 1 1 1 1 1 1 1 1 1 1 1 1 1 1 1 1 1 1 1 1 1 1 1 1 1 1 1 1 1 1 1 1 1 1 1 1 1 1 1 1 1 1 1 1 1 1 1 1 1 1 1 1 1 1 1 1 1 1 1 1 1 1 1 1 1 1 1 1 1 1 1 1 1 1 1 1 1 1 1 1 1 1 1 1 1 1 1 1 1 1 1 1 1 1 1 1 1 1 1 1 1 1 1 1 1 1 1 1 1 1 1 1 1 1 1 1 1 1 1 1 1 1 1 1 1 1 1 1 1 1 1 1 1 1 1 1 1 1 1 1 1 1 1 1 1 1 1 1 1 1 1 1 1 1 1 1 1 1 1 1 1 1 1 1 1 1 1 1 1 1 1 1 1 1 1 1 1 1 1 1 1 1 1 1 1 1 1 1 1 1 1 1 1 1 1 1 1 1 1 1 1 1 1 1 1 1 1 1 1 1 1 1 1 1 1 1 1 1 1 1 1 1 1 1 1 1 1 1 1 1 1 1 1 1 1 1 1 1 1 1 1 1 1 1 1 1 1 1 1 1 1 1 1 1 1 1 1 1 1 1 1 1 1 1 1 1 1 1 1 1 1 1 1 1 1 1 1 1 1 1 1 1 1 1 1 1 1 1 1 1 1 1 1 1 1 1 1 1 1 1 1 1 1 1 1 1 1 1 1 1 1 1 1 1 1 1 1 1 1 1 1 1 1 1 1 1 1 1 1 1 1 1 1 1 1 1 1 1 1 1 1 1 1 1 1 1 1 1 1 1 1 1 1 1 1 1 1 1 1 1 1 1 1 1 1 1 1 1 1 1 1 1 1 1 1 1 1 1 1 1 1 1 1 1 1 1 1 1 1 1 1 1 1 1 1 1 1 1 1 1 1 1 1 1 1 1 1 1 1 1 1 1 1 1 1 1 1 1 1 1 1 1 1 1 1 1 1 1 1 1 1 1 1 1 1 1 1 1 1 1 1 1 1 1 1 1 1 1 1 1 1 1 1 1 1 1 1 1 1 1 1 1 1 1 1 1 1 1 1 1 1 1 1 1 1 1 1 1 1 1 1 1 1 1 1 1 1 1 1 1 1 1 1 1 1 1 1 1 1 1 1 1 1 1 1 1 1 1 1 1 1 1 1 1 1 1 1 1 1 1 1 1 1 1 1 1 1 1 1 1 1 1 1 1 1 1 1 1 1 1 1 1 1 1 1 1 1 1 1 1 1 1 1 1 1 1 1 1 1 1 1 1 1 1 1 1 1 1 1 1 1 1 1 1 1 1 1 1 1 1 1 1 1 1 1 1 1 1 1 1 1 1 1 1 1 1 1 1 1 1 1 1 1 1 1 1 1 1 1 1 1 1 1 1 1 1 1 1 1 1 1 1 1 1 1 1 1 1 1 1 1 1 1 1 1 1 1 1 1 1 1 1 1 1 1 1 1 1 1 1 1 1 1 1 1 1 1 1 1 1 1 1 1 1 1 1 1 1 1 1 1 1 1 1 1 1 1 1 1 1 1 1 1 1 1 1 1 1 1 1 1 1 1 1 1 1 1 1 1 1 1 1 1 1 1 1 1 1 1 1 1 1 1 1 1 1 1 1 1 1 1 1 1 1 1 1 1 1 1 1 1 1 1 1 1 1 1 1 1 1 1 1 1 1 1 1 1 1 1 1 1 1 1 1 1 1 1 1 1 1 1 1 1 1 1 1 1 1 1 1 1 1 1 1 1 1 1 1 1 1 1 1 1 1 1 1 1 1 1 1 1 1 1 1 1 1 1 1 1 1 1 1 1 1 1 1 1 1 1 1 1 1 1 1 1 1 1 1 1 1 1 1 1 1 1 1 1 1 1 1 1 1 1 1 1 1 1 1 1 1 1 1 1 1 1 1 1 1 1 1 1 1 1 1 1 1 1 1 1 1 1 1 1 1 1 1 1 1 1 1 1 1 1 1 1 1 1 1 1 1 1 1 1 1 1 1 1 1 1 1 1 1 1 1 1 1 1 1 1 1 1 1 1 1 1 1 1 1 1 1 1 1 1 1 1 1 1 1 1 1 1 1 1 1 1 1 1 1 1 1 1 1 1 1 1 1 1 1 1 1 1 1 1 1 1 1 1 1 1 1 1 1 1 1 1 1 1 1 1 1 1 1 1 1 1 1 1 1 1 1 1 1 1 1 1 1 1 1 1 1 1 1 1 1 1 1 1 1 1 1 1 1 1 1 1 1 1 1 1 1 1 1 1 1 1 1 1 1 1 1 1 1 1 1 1 1 1 1 1 1 1 1 1 1 1 1 1 1 1 1 1 1 1 1 1 1 1 1 1 1 1 1 1 1 1 1 1 1 1 1 1 1 1 1 1 1 1 1 1 1 1 1 1 1 1 1 1 1 1 1 1 1 1 1 1 1 1 1 1 1 1 1 1 1 1 1 1 1 1 1 1 1 1 1 1 1 1 1 1 1 1 1 1 1 1 1 1 1 1 1 1 1 1 1 1 1 1 1 1 1 1 1 1 1 1 1 1 1 1 1 1 1 1 1 1 1 1 1 1 1 1 1 1 1 1 1 1 1 1 1 1 1 1 1 1 1 </vcount><v>38 0 38 1 38 2 38 3 38 4 38 5 38 6 38 7 38 8 38 9 38 10 38 11 38 12 38 13 38 14 38 15 38 16 38 17 38 18 38 19 38 20 38 21 38 22 38 23 38 24 38 25 38 26 38 27 38 28 38 29 38 30 38 31 25 32 24 33 25 34 25 35 25 36 24 37 24 38 24 39 25 40 24 41 25 42 24 43 24 44 24 45 25 46 24 47 25 48 24 49 24 50 25 51 24 52 25 53 24 54 24 55 24 56 25 57 24 58 25 59 24 60 24 61 25 62 24 63 25 64 24 65 25 66 24 67 24 68 25 69 25 70 24 71 25 72 25 73 24 74 25 75 24 76 25 77 24 78 25 79 25 80 24 81 24 82 25 83 25 84 25 85 24 86 25 87 25 88 25 89 25 90 25 91 25 92 25 93 25 94 25 95 25 96 25 97 25 98 24 99 25 100 25 101 25 102 25 103 28 104 27 105 28 106 28 107 28 108 27 109 26 110 27 111 27 112 28 113 26 114 27 115 28 116 26 117 26 118 27 119 27 120 28 121 26 122 27 123 28 124 26 125 26 126 27 127 26 128 27 129 26 130 27 131 27 132 28 133 26 134 27 135 28 136 26 137 26 138 27 139 27 140 28 141 26 142 27 143 28 144 26 145 26 146 27 147 26 148 27 149 28 150 28 151 28 152 27 153 28 154 27 155 28 156 28 157 28 158 27 159 28 160 27 161 28 162 27 163 28 164 28 165 28 166 27 167 28 168 28 169 28 170 28 171 28 172 28 173 28 174 28 175 28 176 28 177 28 178 28 179 28 180 28 181 28 182 28 183 28 184 28 185 31 186 30 187 31 188 31 189 31 190 30 191 30 192 31 193 29 194 30 195 31 196 29 197 29 198 30 199 29 200 30 201 30 202 31 203 29 204 30 205 31 206 29 207 29 208 30 209 29 210 30 211 29 212 30 213 30 214 31 215 29 216 30 217 31 218 29 219 29 220 30 221 29 222 30 223 30 224 31 225 29 226 30 227 31 228 29 229 29 230 30 231 31 232 31 233 30 234 30 235 31 236 31 237 30 238 31 239 30 240 31 241 31 242 30 243 30 244 31 245 31 246 30 247 31 248 31 249 31 250 30 251 31 252 31 253 31 254 31 255 31 256 31 257 31 258 31 259 31 260 31 261 31 262 31 263 31 264 31 265 30 266 31 267 31 268 31 269 31 270 34 271 34 272 34 273 33 274 34 275 33 276 33 277 34 278 34 279 33 280 32 281 33 282 34 283 32 284 33 285 32 286 33 287 34 288 34 289 33 290 33 291 34 292 32 293 32 294 33 295 33 296 34 297 32 298 33 299 34 300 32 301 33 302 32 303 32 304 33 305 33 306 34 307 32 308 33 309 34 310 32 311 32 312 34 313 33 314 34 315 34 316 33 317 33 318 34 319 34 320 33 321 34 322 34 323 33 324 33 325 34 326 34 327 33 328 34 329 34 330 34 331 33 332 34 333 34 334 34 335 34 336 34 337 34 338 34 339 34 340 34 341 34 342 34 343 33 344 34 345 34 346 34 347 34 348 34 349 33 350 34 351 34 352 34 353 34 354 10 355 9 356 10 357 9 358 10 359 10 360 9 361 9 362 9 363 10 364 9 365 10 366 9 367 9 368 9 369 10 370 9 371 10 372 9 373 9 374 10 375 9 376 10 377 9 378 9 379 9 380 10 381 9 382 10 383 9 384 10 385 9 386 10 387 9 388 10 389 9 390 9 391 10 392 10 393 9 394 10 395 10 396 9 397 10 398 9 399 10 400 9 401 9 402 10 403 10 404 9 405 10 406 10 407 10 408 10 409 10 410 9 411 10 412 10 413 10 414 10 415 10 416 10 417 10 418 10 419 10 420 10 421 9 422 10 423 10 424 10 425 10 426 13 427 12 428 13 429 12 430 13 431 13 432 11 433 12 434 11 435 12 436 12 437 13 438 11 439 12 440 13 441 11 442 11 443 12 444 12 445 13 446 11 447 12 448 13 449 11 450 11 451 12 452 11 453 12 454 11 455 12 456 12 457 13 458 11 459 12 460 13 461 11 462 11 463 12 464 12 465 13 466 11 467 12 468 13 469 11 470 11 471 12 472 13 473 12 474 13 475 13 476 13 477 12 478 13 479 12 480 13 481 13 482 13 483 12 484 13 485 12 486 13 487 12 488 13 489 13 490 13 491 13 492 13 493 13 494 13 495 13 496 13 497 13 498 13 499 13 500 13 501 13 502 13 503 13 504 13 505 13 506 13 507 13 508 16 509 15 510 16 511 15 512 16 513 16 514 14 515 15 516 15 517 16 518 14 519 15 520 16 521 14 522 14 523 15 524 14 525 15 526 15 527 16 528 14 529 15 530 16 531 14 532 14 533 15 534 14 535 15 536 14 537 15 538 15 539 16 540 14 541 15 542 16 543 14 544 14 545 15 546 14 547 15 548 15 549 16 550 14 551 15 552 16 553 14 554 15 555 16 556 16 557 15 558 16 559 16 560 15 561 16 562 15 563 16 564 16 565 15 566 15 567 16 568 16 569 15 570 16 571 15 572 16 573 16 574 16 575 16 576 16 577 16 578 16 579 16 580 16 581 16 582 16 583 16 584 16 585 16 586 16 587 16 588 15 589 16 590 16 591 16 592 16 593 19 594 18 595 19 596 19 597 19 598 18 599 17 600 18 601 19 602 19 603 18 604 18 605 19 606 17 607 18 608 17 609 18 610 19 611 17 612 18 613 18 614 19 615 17 616 19 617 18 618 17 619 18 620 18 621 19 622 18 623 19 624 17 625 17 626 17 627 18 628 17 629 18 630 19 631 17 632 18 633 19 634 17 635 19 636 18 637 18 638 19 639 19 640 18 641 19 642 19 643 18 644 19 645 19 646 18 647 18 648 19 649 19 650 18 651 19 652 18 653 19 654 19 655 19 656 19 657 19 658 19 659 19 660 19 661 19 662 19 663 19 664 18 665 19 666 19 667 19 668 19 669 19 670 19 671 19 672 18 673 19 674 19 675 19 676 19 677 20 678 20 679 20 680 20 681 20 682 20 683 20 684 20 685 20 686 20 687 20 688 20 689 20 690 20 691 20 692 20 693 20 694 20 695 20 696 20 697 20 698 20 699 20 700 20 701 20 702 20 703 20 704 20 705 20 706 20 707 20 708 20 709 20 710 20 711 20 712 20 713 20 714 20 715 20 716 20 717 20 718 20 719 20 720 20 721 20 722 20 723 20 724 20 725 20 726 20 727 20 728 20 729 20 730 20 731 20 732 20 733 20 734 20 735 20 736 20 737 20 738 20 739 20 740 20 741 20 742 20 743 20 744 20 745 20 746 20 747 20 748 20 749 20 750 20 751 20 752 20 753 20 754 20 755 20 756 20 757 20 758 20 759 20 760 20 761 20 762 20 763 20 764 20 765 20 766 20 767 20 768 20 769 20 770 20 771 20 772 20 773 20 774 20 775 20 776 20 777 20 778 20 779 20 780 20 781 20 782 20 783 20 784 20 785 20 786 20 787 20 788 20 789 20 790 20 791 20 792 20 793 20 794 20 795 20 796 20 797 20 798 20 799 20 800 20 801 20 802 20 803 20 804 20 805 20 806 20 807 20 808 20 809 20 810 20 811 20 812 20 813 20 814 20 815 20 816 20 817 20 818 20 819 20 820 20 821 20 822 20 823 20 824 20 825 20 826 20 827 20 828 20 829 20 830 20 831 20 832 20 833 20 834 20 835 20 836 20 837 20 838 20 839 20 840 20 841 20 842 20 843 20 844 20 845 20 846 20 847 20 848 20 849 20 850 20 851 20 852 20 853 20 854 20 855 20 856 20 857 20 858 20 859 20 860 20 861 20 862 20 863 20 864 20 865 20 866 20 867 20 868 20 869 20 870 20 871 20 872 20 873 20 874 20 875 20 876 20 877 20 878 20 879 20 880 20 881 20 882 20 883 20 884 20 885 20 886 20 887 20 888 20 889 20 890 20 891 20 892 20 893 20 894 20 895 20 896 20 897 20 898 20 899 20 900 20 901 20 902 20 903 20 904 20 905 20 906 20 907 5 908 5 909 5 910 5 911 5 912 5 913 5 914 5 915 5 916 5 917 5 918 5 919 5 920 5 921 5 922 5 923 5 924 5 925 5 926 5 927 5 928 5 929 5 930 5 931 5 932 5 933 5 934 5 935 5 936 5 937 5 938 5 939 5 940 5 941 5 942 5 943 5 944 5 945 5 946 5 947 5 948 5 949 5 950 5 951 5 952 5 953 5 954 5 955 5 956 5 957 5 958 5 959 5 960 5 961 5 962 5 963 5 964 5 965 5 966 5 967 5 968 5 969 5 970 5 971 5 972 5 973 5 974 5 975 5 976 5 977 5 978 5 979 5 980 5 981 5 982 5 983 5 984 5 985 5 986 5 987 5 988 5 989 5 990 5 991 5 992 5 993 5 994 5 995 5 996 5 997 5 998 5 999 5 1000 5 1001 5 1002 5 1003 5 1004 5 1005 5 1006 5 1007 5 1008 5 1009 5 1010 5 1011 5 1012 5 1013 5 1014 5 1015 5 1016 5 1017 5 1018 5 1019 5 1020 5 1021 5 1022 5 1023 5 1024 5 1025 5 1026 5 1027 5 1028 5 1029 5 1030 5 1031 5 1032 5 1033 5 1034 5 1035 5 1036 5 1037 5 1038 5 1039 5 1040 5 1041 5 1042 5 1043 5 1044 5 1045 5 1046 5 1047 5 1048 5 1049 5 1050 5 1051 5 1052 5 1053 5 1054 5 1055 5 1056 5 1057 5 1058 5 1059 5 1060 5 1061 5 1062 5 1063 5 1064 5 1065 5 1066 5 1067 5 1068 5 1069 5 1070 5 1071 5 1072 5 1073 5 1074 5 1075 5 1076 5 1077 5 1078 5 1079 5 1080 5 1081 5 1082 5 1083 5 1084 5 1085 5 1086 5 1087 5 1088 5 1089 5 1090 5 1091 5 1092 5 1093 5 1094 5 1095 5 1096 5 1097 5 1098 5 1099 5 1100 5 1101 5 1102 5 1103 5 1104 5 1105 5 1106 5 1107 5 1108 5 1109 5 1110 5 1111 5 1112 5 1113 5 1114 5 1115 5 1116 5 1117 5 1118 5 1119 5 1120 5 1121 5 1122 5 1123 5 1124 5 1125 5 1126 5 1127 5 1128 5 1129 5 1130 5 1131 5 1132 5 1133 5 1134 5 1135 5 1136 5 1137 4 1138 4 1139 4 1140 4 1141 4 1142 4 1143 4 1144 4 1145 4 1146 4 1147 4 1148 4 1149 4 1150 4 1151 4 1152 4 1153 4 1154 4 1155 4 1156 4 1157 4 1158 4 1159 4 1160 4 1161 4 1162 4 1163 4 1164 4 1165 4 1166 4 1167 4 1168 4 1169 4 1170 4 1171 4 1172 4 1173 4 1174 4 1175 4 1176 4 1177 4 1178 4 1179 4 1180 4 1181 4 1182 4 1183 4 1184 4 1185 4 1186 4 1187 4 1188 4 1189 4 1190 4 1191 4 1192 4 1193 4 1194 4 1195 4 1196 4 1197 4 1198 4 1199 4 1200 4 1201 4 1202 4 1203 4 1204 4 1205 4 1206 4 1207 4 1208 4 1209 4 1210 4 1211 4 1212 4 1213 4 1214 4 1215 4 1216 4 1217 4 1218 4 1219 4 1220 4 1221 4 1222 4 1223 4 1224 4 1225 4 1226 4 1227 4 1228 4 1229 4 1230 4 1231 4 1232 4 1233 4 1234 4 1235 4 1236 4 1237 4 1238 4 1239 4 1240 4 1241 4 1242 4 1243 4 1244 4 1245 4 1246 4 1247 4 1248 4 1249 4 1250 4 1251 4 1252 4 1253 4 1254 4 1255 4 1256 4 1257 4 1258 4 1259 4 1260 4 1261 4 1262 4 1263 4 1264 4 1265 4 1266 4 1267 4 1268 4 1269 4 1270 4 1271 4 1272 4 1273 4 1274 4 1275 4 1276 4 1277 4 1278 4 1279 4 1280 4 1281 4 1282 4 1283 4 1284 4 1285 4 1286 4 1287 4 1288 4 1289 4 1290 4 1291 4 1292 4 1293 4 1294 4 1295 4 1296 4 1297 4 1298 4 1299 4 1300 4 1301 4 1302 4 1303 4 1304 4 1305 4 1306 4 1307 4 1308 4 1309 4 1310 4 1311 4 1312 4 1313 4 1314 4 1315 4 1316 4 1317 4 1318 4 1319 4 1320 4 1321 4 1322 4 1323 4 1324 4 1325 4 1326 4 1327 4 1328 4 1329 4 1330 4 1331 4 1332 4 1333 4 1334 4 1335 4 1336 4 1337 4 1338 4 1339 4 1340 4 1341 4 1342 4 1343 4 1344 4 1345 4 1346 4 1347 4 1348 4 1349 4 1350 4 1351 4 1352 4 1353 4 1354 4 1355 4 1356 4 1357 4 1358 4 1359 4 1360 4 1361 4 1362 4 1363 4 1364 4 1365 4 1366 4 1367 4 1368 4 1369 4 1370 4 1371 4 1372 4 1373 4 1374 4 1375 4 1376 4 1377 4 1378 4 1379 4 1380 4 1381 4 1382 4 1383 4 1384 4 1385 4 1386 4 1387 4 1388 4 1389 4 1390 3 1391 3 1392 3 1393 3 1394 3 1395 3 1396 3 1397 3 1398 3 1399 3 1400 3 1401 3 1402 3 1403 3 1404 3 1405 3 1406 3 1407 3 1408 3 1409 3 1410 3 1411 3 1412 3 1413 3 1414 3 1415 3 1416 3 1417 3 1418 3 1419 3 1420 3 1421 3 1422 3 1423 3 1424 3 1425 3 1426 3 1427 3 1428 3 1429 3 1430 3 1431 3 1432 3 1433 3 1434 3 1435 3 1436 3 1437 3 1438 3 1439 3 1440 3 1441 3 1442 3 1443 3 1444 3 1445 3 1446 3 1447 3 1448 3 1449 3 1450 3 1451 3 1452 3 1453 3 1454 3 1455 3 1456 3 1457 3 1458 3 1459 3 1460 3 1461 3 1462 3 1463 3 1464 3 1465 3 1466 3 1467 3 1468 3 1469 3 1470 3 1471 3 1472 3 1473 3 1474 3 1475 3 1476 3 1477 3 1478 3 1479 3 1480 3 1481 3 1482 3 1483 3 1484 3 1485 3 1486 3 1487 3 1488 3 1489 3 1490 3 1491 3 1492 3 1493 3 1494 3 1495 3 1496 3 1497 3 1498 3 1499 3 1500 3 1501 3 1502 3 1503 3 1504 3 1505 3 1506 3 1507 3 1508 3 1509 3 1510 3 1511 3 1512 3 1513 3 1514 3 1515 3 1516 3 1517 3 1518 3 1519 3 1520 3 1521 3 1522 3 1523 3 1524 3 1525 3 1526 3 1527 3 1528 3 1529 3 1530 3 1531 3 1532 3 1533 3 1534 3 1535 3 1536 3 1537 3 1538 3 1539 3 1540 3 1541 3 1542 3 1543 3 1544 3 1545 3 1546 3 1547 3 1548 3 1549 3 1550 3 1551 3 1552 3 1553 3 1554 3 1555 3 1556 3 1557 3 1558 3 1559 3 1560 3 1561 3 1562 3 1563 3 1564 3 1565 3 1566 3 1567 3 1568 3 1569 3 1570 3 1571 3 1572 3 1573 3 1574 3 1575 3 1576 3 1577 3 1578 3 1579 3 1580 3 1581 3 1582 3 1583 3 1584 3 1585 3 1586 3 1587 3 1588 3 1589 3 1590 3 1591 3 1592 3 1593 3 1594 3 1595 3 1596 3 1597 3 1598 3 1599 3 1600 3 1601 3 1602 3 1603 3 1604 3 1605 3 1606 3 1607 3 1608 3 1609 3 1610 3 1611 3 1612 3 1613 3 1614 3 1615 3 1616 3 1617 3 1618 3 1619 3 1620 3 1621 3 1622 3 1623 3 1624 3 1625 3 1626 3 1627 3 1628 3 1629 3 1630 3 1631 3 1632 3 1633 3 1634 3 1635 3 1636 3 1637 3 1638 3 1639 3 1640 3 1641 3 1642 3 1643 3 1644 3 1645 3 1646 3 1647 3 1648 3 1649 3 1650 3 1651 3 1652 3 1653 3 1654 3 1655 3 1656 3 1657 3 1658 3 1659 3 1660 3 1661 3 1662 3 1663 3 1664 3 1665 3 1666 3 1667 3 1668 3 1669 3 1670 3 1671 3 1672 3 1673 3 1674 3 1675 3 1676 3 1677 3 1678 3 1679 3 1680 3 1681 3 1682 3 1683 3 1684 3 1685 3 1686 3 1687 3 1688 3 1689 3 1690 3 1691 3 1692 3 1693 3 1694 3 1695 3 1696 3 1697 3 1698 3 1699 3 1700 3 1701 3 1702 3 1703 3 1704 3 1705 3 1706 3 1707 3 1708 3 1709 3 1710 3 1711 3 1712 3 1713 3 1714 3 1715 3 1716 3 1717 3 1718 3 1719 3 1720 3 1721 3 1722 3 1723 3 1724 3 1725 3 1726 3 1727 3 1728 3 1729 3 1730 3 1731 3 1732 3 1733 3 1734 3 1735 3 1736 3 1737 3 1738 3 1739 3 1740 3 1741 3 1742 3 1743 3 1744 3 1745 3 1746 3 1747 3 1748 3 1749 3 1750 3 1751 3 1752 3 1753 3 1754 3 1755 3 1756 3 1757 3 1758 3 1759 3 1760 3 1761 3 1762 3 1763 3 1764 3 1765 3 1766 3 1767 3 1768 3 1769 3 1770 3 1771 3 1772 3 1773 3 1774 3 1775 3 1776 3 1777 3 1778 3 1779 3 1780 3 1781 3 1782 3 1783 3 1784 3 1785 3 1786 3 1787 3 1788 3 1789 3 1790 3 1791 3 1792 3 1793 3 1794 3 1795 3 1796 3 1797 3 1798 3 1799 3 1800 3 1801 3 1802 3 1803 3 1804 3 1805 3 1806 3 1807 3 1808 3 1809 3 1810 3 1811 3 1812 3 1813 3 1814 2 1815 2 1816 2 1817 2 1818 2 1819 2 1820 2 1821 2 1822 2 1823 2 1824 2 1825 2 1826 2 1827 2 1828 2 1829 2 1830 2 1831 2 1832 2 1833 2 1834 2 1835 2 1836 2 1837 2 1838 2 1839 2 1840 2 1841 2 1842 2 1843 2 1844 2 1845 2 1846 2 1847 2 1848 2 1849 2 1850 2 1851 2 1852 2 1853 2 1854 2 1855 2 1856 2 1857 2 1858 2 1859 2 1860 2 1861 2 1862 2 1863 2 1864 2 1865 2 1866 2 1867 2 1868 2 1869 2 1870 2 1871 2 1872 2 1873 2 1874 2 1875 2 1876 2 1877 2 1878 2 1879 2 1880 2 1881 2 1882 2 1883 2 1884 2 1885 2 1886 2 1887 2 1888 2 1889 2 1890 2 1891 2 1892 2 1893 2 1894 2 1895 2 1896 2 1897 2 1898 2 1899 2 1900 2 1901 2 1902 2 1903 2 1904 2 1905 2 1906 2 1907 2 1908 2 1909 2 1910 2 1911 2 1912 2 1913 2 1914 2 1915 2 1916 2 1917 2 1918 2 1919 2 1920 2 1921 2 1922 2 1923 2 1924 2 1925 2 1926 2 1927 2 1928 2 1929 2 1930 2 1931 2 1932 2 1933 2 1934 2 1935 2 1936 2 1937 2 1938 2 1939 2 1940 2 1941 2 1942 2 1943 2 1944 2 1945 2 1946 2 1947 2 1948 2 1949 2 1950 2 1951 2 1952 2 1953 2 1954 2 1955 2 1956 2 1957 2 1958 2 1959 2 1960 2 1961 2 1962 2 1963 2 1964 2 1965 2 1966 2 1967 2 1968 2 1969 2 1970 2 1971 2 1972 2 1973 2 1974 2 1975 2 1976 2 1977 2 1978 2 1979 2 1980 2 1981 2 1982 2 1983 2 1984 2 1985 2 1986 2 1987 2 1988 2 1989 2 1990 2 1991 2 1992 2 1993 2 1994 2 1995 2 1996 2 1997 2 1998 2 1999 2 2000 2 2001 2 2002 2 2003 2 2004 2 2005 2 2006 2 2007 2 2008 2 2009 2 2010 2 2011 2 2012 2 2013 2 2014 2 2015 2 2016 2 2017 2 2018 2 2019 2 2020 2 2021 2 2022 2 2023 2 2024 2 2025 2 2026 2 2027 2 2028 2 2029 2 2030 2 2031 2 2032 2 2033 2 2034 2 2035 2 2036 2 2037 2 2038 2 2039 2 2040 2 2041 2 2042 2 2043 2 2044 2 2045 2 2046 2 2047 2 2048 2 2049 2 2050 2 2051 2 2052 2 2053 2 2054 2 2055 2 2056 2 2057 2 2058 2 2059 2 2060 2 2061 2 2062 2 2063 2 2064 2 2065 2 2066 2 2067 2 2068 2 2069 2 2070 2 2071 2 2072 2 2073 2 2074 2 2075 2 2076 2 2077 2 2078 2 2079 2 2080 2 2081 2 2082 2 2083 2 2084 2 2085 2 2086 2 2087 2 2088 2 2089 2 2090 2 2091 2 2092 2 2093 2 2094 2 2095 2 2096 2 2097 2 2098 2 2099 2 2100 2 2101 2 2102 2 2103 2 2104 2 2105 2 2106 2 2107 2 2108 2 2109 2 2110 2 2111 2 2112 2 2113 2 2114 2 2115 2 2116 2 2117 2 2118 2 2119 2 2120 2 2121 2 2122 2 2123 2 2124 2 2125 2 2126 2 2127 2 2128 2 2129 2 2130 2 2131 2 2132 2 2133 2 2134 2 2135 2 2136 2 2137 2 2138 2 2139 2 2140 2 2141 2 2142 2 2143 2 2144 2 2145 2 2146 2 2147 2 2148 2 2149 2 2150 2 2151 2 2152 2 2153 2 2154 2 2155 2 2156 2 2157 2 2158 2 2159 2 2160 2 2161 2 2162 2 2163 2 2164 2 2165 2 2166 2 2167 2 2168 2 2169 2 2170 2 2171 2 2172 2 2173 2 2174 2 2175 2 2176 2 2177 2 2178 2 2179 2 2180 2 2181 2 2182 2 2183 2 2184 2 2185 2 2186 2 2187 2 2188 2 2189 2 2190 2 2191 2 2192 2 2193 2 2194 2 2195 2 2196 2 2197 2 2198 2 2199 2 2200 2 2201 2 2202 2 2203 2 2204 2 2205 2 2206 2 2207 2 2208 2 2209 2 2210 2 2211 2 2212 2 2213 2 2214 2 2215 2 2216 2 2217 2 2218 2 2219 2 2220 2 2221 2 2222 2 2223 2 2224 2 2225 2 2226 2 2227 2 2228 2 2229 2 2230 2 2231 2 2232 2 2233 2 2234 2 2235 2 2236 2 2237 2 2238 2 2239 2 2240 2 2241 2 2242 2 2243 2 2244 2 2245 2 2246 2 2247 2 2248 2 2249 2 2250 2 2251 2 2252 2 2253 2 2254 2 2255 2 2256 2 2257 2 2258 2 2259 2 2260 2 2261 2 2262 2 2263 2 2264 2 2265 2 2266 2 2267 2 2268 2 2269 2 2270 2 2271 2 2272 2 2273 2 2274 2 2275 2 2276 2 2277 2 2278 2 2279 2 2280 2 2281 2 2282 2 2283 2 2284 2 2285 2 2286 2 2287 2 2288 2 2289 2 2290 2 2291 2 2292 2 2293 2 2294 2 2295 2 2296 2 2297 2 2298 2 2299 2 2300 2 2301 2 2302 2 2303 2 2304 2 2305 2 2306 2 2307 2 2308 2 2309 2 2310 2 2311 2 2312 2 2313 2 2314 2 2315 2 2316 2 2317 2 2318 2 2319 2 2320 2 2321 2 2322 2 2323 2 2324 2 2325 2 2326 2 2327 2 2328 2 2329 2 2330 2 2331 2 2332 2 2333 2 2334 2 2335 2 2336 2 2337 2 2338 2 2339 2 2340 2 2341 2 2342 2 2343 2 2344 2 2345 2 2346 2 2347 2 2348 2 2349 2 2350 2 2351 2 2352 2 2353 2 2354 2 2355 2 2356 2 2357 2 2358 2 2359 2 2360 2 2361 2 2362 2 2363 2 2364 2 2365 2 2366 2 2367 2 2368 2 2369 2 2370 2 2371 2 2372 2 2373 2 2374 2 2375 2 2376 2 2377 2 2378 2 2379 2 2380 2 2381 2 2382 2 2383 2 2384 2 2385 2 2386 2 2387 2 2388 2 2389 2 2390 2 2391 2 2392 2 2393 2 2394 2 2395 2 2396 2 2397 2 2398 2 2399 2 2400 2 2401 2 2402 2 2403 2 2404 2 2405 2 2406 2 2407 2 2408 2 2409 2 2410 2 2411 2 2412 2 2413 2 2414 2 2415 2 2416 2 2417 2 2418 2 2419 2 2420 2 2421 2 2422 2 2423 2 2424 2 2425 2 2426 2 2427 2 2428 2 2429 2 2430 2 2431 2 2432 2 2433 2 2434 2 2435 2 2436 2 2437 2 2438 2 2439 2 2440 2 2441 2 2442 2 2443 2 2444 2 2445 2 2446 2 2447 2 2448 2 2449 2 2450 2 2451 2 2452 2 2453 2 2454 2 2455 2 2456 2 2457 2 2458 2 2459 2 2460 2 2461 2 2462 2 2463 2 2464 2 2465 2 2466 2 2467 2 2468 2 2469 2 2470 2 2471 2 2472 2 2473 2 2474 2 2475 2 2476 2 2477 2 2478 2 2479 2 2480 2 2481 2 2482 2 2483 2 2484 2 2485 2 2486 2 2487 2 2488 2 2489 2 2490 2 2491 2 2492 2 2493 2 2494 2 2495 2 2496 2 2497 2 2498 2 2499 2 2500 2 2501 2 2502 2 2503 2 2504 2 2505 2 2506 2 2507 2 2508 2 2509 2 2510 2 2511 2 2512 2 2513 2 2514 2 2515 2 2516 2 2517 2 2518 2 2519 2 2520 2 2521 2 2522 2 2523 2 2524 2 2525 2 2526 2 2527 2 2528 2 2529 2 2530 2 2531 2 2532 2 2533 2 2534 2 2535 2 2536 2 2537 2 2538 2 2539 2 2540 2 2541 2 2542 2 2543 2 2544 2 2545 2 2546 2 2547 2 2548 2 2549 2 2550 2 2551 2 2552 2 2553 2 2554 2 2555 2 2556 2 2557 2 2558 2 2559 2 2560 2 2561 2 2562 2 2563 2 2564 2 2565 2 2566 2 2567 2 2568 2 2569 2 2570 2 2571 2 2572 2 2573 2 2574 2 2575 2 2576 2 2577 2 2578 2 2579 2 2580 2 2581 2 2582 2 2583 2 2584 2 2585 2 2586 2 2587 2 2588 2 2589 2 2590 2 2591 2 2592 2 2593 2 2594 2 2595 2 2596 2 2597 2 2598 2 2599 2 2600 2 2601 2 2602 2 2603 2 2604 2 2605 2 2606 1 2607 1 2608 1 2609 1 2610 1 2611 1 2612 1 2613 1 2614 1 2615 1 2616 1 2617 1 2618 1 2619 1 2620 1 2621 1 2622 1 2623 1 2624 1 2625 1 2626 1 2627 1 2628 1 2629 1 2630 1 2631 1 2632 1 2633 1 2634 1 2635 1 2636 1 2637 1 2638 1 2639 1 2640 1 2641 1 2642 1 2643 1 2644 1 2645 1 2646 1 2647 1 2648 1 2649 1 2650 1 2651 1 2652 1 2653 1 2654 1 2655 1 2656 1 2657 1 2658 1 2659 1 2660 1 2661 1 2662 1 2663 1 2664 1 2665 1 2666 1 2667 1 2668 1 2669 1 2670 1 2671 1 2672 1 2673 1 2674 1 2675 1 2676 1 2677 1 2678 1 2679 1 2680 1 2681 1 2682 1 2683 1 2684 1 2685 1 2686 1 2687 1 2688 1 2689 1 2690 1 2691 1 2692 1 2693 1 2694 1 2695 1 2696 1 2697 1 2698 1 2699 1 2700 1 2701 1 2702 1 2703 1 2704 1 2705 1 2706 1 2707 1 2708 1 2709 1 2710 1 2711 1 2712 1 2713 1 2714 1 2715 1 2716 1 2717 1 2718 1 2719 1 2720 1 2721 1 2722 1 2723 1 2724 1 2725 1 2726 1 2727 1 2728 1 2729 1 2730 1 2731 1 2732 1 2733 1 2734 1 2735 1 2736 1 2737 1 2738 1 2739 1 2740 1 2741 1 2742 1 2743 1 2744 1 2745 1 2746 1 2747 1 2748 1 2749 1 2750 1 2751 1 2752 1 2753 1 2754 1 2755 1 2756 1 2757 1 2758 1 2759 1 2760 1 2761 1 2762 1 2763 1 2764 1 2765 1 2766 1 2767 1 2768 1 2769 1 2770 1 2771 1 2772 1 2773 1 2774 1 2775 1 2776 1 2777 1 2778 1 2779 1 2780 1 2781 1 2782 1 2783 1 2784 1 2785 1 2786 1 2787 1 2788 1 2789 1 2790 1 2791 1 2792 1 2793 1 2794 1 2795 1 2796 1 2797 1 2798 1 2799 1 2800 1 2801 1 2802 1 2803 1 2804 1 2805 1 2806 1 2807 1 2808 1 2809 1 2810 42 2811 42 2812 42 2813 42 2814 42 2815 42 2816 42 2817 42 2818 42 2819 42 2820 42 2821 42 2822 42 2823 42 2824 42 2825 42 2826 42 2827 42 2828 42 2829 42 2830 42 2831 42 2832 42 2833 42 2834 42 2835 42 2836 42 2837 42 2838 42 2839 42 2840 42 2841 42 2842 46 2843 46 2844 46 2845 46 2846 46 2847 46 2848 46 2849 46 2850 46 2851 46 2852 46 2853 46 2854 46 2855 46 2856 46 2857 46 2858 46 2859 46 2860 46 2861 46 2862 46 2863 46 2864 46 2865 46 2866 46 2867 46 2868 46 2869 46 2870 46 2871 46 2872 46 2873 46 2874 46 2875 46 2876 46 2877 46 2878 46 2879 46 2880 46 2881 46 2882 46 2883 46 2884 46 2885 46 2886 46 2887 46 2888 46 2889 46 2890 46 2891 46 2892 46 2893 46 2894 46 2895 46 2896 46 2897 46 2898 46 2899 46 2900 46 2901 46 2902 46 2903 46 2904 46 2905 46 2906 46 2907 46 2908 46 2909 46 2910 46 2911 46 2912 46 2913 46 2914 46 2915 46 2916 46 2917 46 2918 46 2919 46 2920 46 2921 46 2922 46 2923 46 2924 46 2925 46 2926 46 2927 46 2928 46 2929 46 2930 46 2931 46 2932 46 2933 46 2934 46 2935 46 2936 46 2937 46 2938 46 2939 46 2940 46 2941 46 2942 46 2943 46 2944 46 2945 46 2946 46 2947 46 2948 46 2949 46 2950 46 2951 46 2952 46 2953 46 2954 46 2955 46 2956 46 2957 46 2958 46 2959 46 2960 46 2961 46 2962 46 2963 46 2964 46 2965 46 2966 46 2967 46 2968 46 2969 46 2970 46 2971 46 2972 46 2973 46 2974 46 2975 46 2976 46 2977 46 2978 46 2979 46 2980 46 2981 46 2982 46 2983 46 2984 46 2985 46 2986 46 2987 46 2988 46 2989 46 2990 46 2991 46 2992 46 2993 46 2994 46 2995 46 2996 46 2997 46 2998 46 2999 46 3000 46 3001 46 3002 46 3003 46 3004 46 3005 46 3006 46 3007 46 3008 46 3009 46 3010 46 3011 46 3012 46 3013 46 3014 46 3015 46 3016 46 3017 46 3018 46 3019 46 3020 46 3021 46 3022 46 3023 46 3024 46 3025 46 3026 46 3027 46 3028 46 3029 46 3030 46 3031 46 3032 46 3033 46 3034 46 3035 46 3036 46 3037 46 3038 46 3039 46 3040 46 3041 46 3042 46 3043 46 3044 46 3045 46 3046 46 3047 46 3048 46 3049 46 3050 46 3051 46 3052 46 3053 46 3054 46 3055 46 3056 46 3057 46 3058 46 3059 46 3060 46 3061 46 3062 46 3063 46 3064 46 3065 46 3066 46 3067 46 3068 46 3069 46 3070 46 3071 46 3072 46 3073 46 3074 46 3075 46 3076 46 3077 46 3078 46 3079 46 3080 35 3081 35 3082 35 3083 35 3084 35 3085 35 3086 35 3087 35 3088 35 3089 35 3090 35 3091 35 3092 35 3093 35 3094 35 3095 35 3096 35 3097 35 3098 35 3099 35 3100 35 3101 35 3102 35 3103 35 3104 35 3105 35 3106 35 3107 35 3108 35 3109 35 3110 35 3111 35 3112 35 3113 35 3114 35 3115 35 3116 35 3117 35 3118 35 3119 35 3120 35 3121 35 3122 35 3123 35 3124 35 3125 35 3126 35 3127 35 3128 35 3129 35 3130 35 3131 35 3132 35 3133 35 3134 35 3135 35 3136 35 3137 35 3138 35 3139 35 3140 35 3141 35 3142 35 3143 35 3144 35 3145 35 3146 35 3147 35 3148 35 3149 35 3150 35 3151 35 3152 35 3153 35 3154 35 3155 35 3156 35 3157 35 3158 35 3159 35 3160 35 3161 35 3162 35 3163 35 3164 35 3165 35 3166 35 3167 35 3168 35 3169 35 3170 35 3171 35 3172 35 3173 35 3174 35 3175 35 3176 35 3177 35 3178 35 3179 35 3180 35 3181 35 3182 35 3183 35 3184 35 3185 35 3186 35 3187 35 3188 35 3189 35 3190 35 3191 35 3192 35 3193 35 3194 35 3195 35 3196 35 3197 35 3198 35 3199 35 3200 35 3201 35 3202 35 3203 35 3204 35 3205 35 3206 35 3207 35 3208 35 3209 35 3210 35 3211 35 3212 35 3213 35 3214 35 3215 35 3216 35 3217 35 3218 35 3219 35 3220 35 3221 35 3222 35 3223 35 3224 35 3225 35 3226 35 3227 35 3228 35 3229 35 3230 35 3231 35 3232 35 3233 35 3234 35 3235 35 3236 35 3237 35 3238 35 3239 35 3240 35 3241 35 3242 35 3243 35 3244 35 3245 35 3246 35 3247 35 3248 35 3249 35 3250 35 3251 35 3252 35 3253 35 3254 35 3255 35 3256 35 3257 35 3258 35 3259 35 3260 35 3261 35 3262 35 3263 35 3264 35 3265 35 3266 35 3267 35 3268 35 3269 35 3270 35 3271 35 3272 35 3273 35 3274 35 3275 35 3276 35 3277 35 3278 35 3279 35 3280 35 3281 35 3282 35 3283 35 3284 35 3285 35 3286 35 3287 35 3288 35 3289 35 3290 35 3291 35 3292 35 3293 35 3294 35 3295 35 3296 35 3297 35 3298 35 3299 35 3300 35 3301 35 3302 35 3303 35 3304 35 3305 35 3306 35 3307 35 3308 35 3309 35 3310 35 3311 35 3312 35 3313 35 3314 35 3315 35 3316 35 3317 35 3318 35 3319 35 3320 35 3321 35 3322 35 3323 35 3324 35 3325 35 3326 35 3327 35 3328 35 3329 35 3330 35 3331 35 3332 35 3333 35 3334 35 3335 35 3336 35 3337 35 3338 35 3339 35 3340 35 3341 35 3342 35 3343 35 3344 35 3345 35 3346 35 3347 35 3348 35 3349 35 3350 35 3351 35 3352 35 3353 35 3354 35 3355 35 3356 35 3357 35 3358 35 3359 35 3360 35 3361 35 3362 35 3363 35 3364 35 3365 35 3366 35 3367 35 3368 35 3369 35 3370 35 3371 35 3372 35 3373 35 3374 35 3375 35 3376 35 3377 35 3378 35 3379 35 3380 35 3381 35 3382 35 3383 35 3384 35 3385 35 3386 35 3387 35 3388 35 3389 35 3390 35 3391 35 3392 35 3393 35 3394 35 3395 35 3396 35 3397 35 3398 35 3399 35 3400 35 3401 35 3402 35 3403 35 3404 35 3405 35 3406 35 3407 35 3408 35 3409 35 3410 35 3411 35 3412 35 3413 35 3414 35 3415 35 3416 35 3417 35 3418 35 3419 35 3420 35 3421 35 3422 35 3423 35 3424 35 3425 35 3426 35 3427 35 3428 35 3429 35 3430 35 3431 35 3432 35 3433 35 3434 35 3435 35 3436 35 3437 35 3438 35 3439 35 3440 35 3441 35 3442 35 3443 35 3444 35 3445 35 3446 35 3447 35 3448 35 3449 35 3450 35 3451 35 3452 35 3453 35 3454 35 3455 35 3456 35 3457 35 3458 35 3459 35 3460 35 3461 35 3462 35 3463 35 3464 35 3465 35 3466 35 3467 35 3468 35 3469 35 3470 35 3471 35 3472 35 3473 35 3474 35 3475 35 3476 35 3477 35 3478 35 3479 35 3480 35 3481 35 3482 35 3483 35 3484 35 3485 35 3486 35 3487 35 3488 35 3489 35 3490 35 3491 35 3492 35 3493 35 3494 35 3495 35 3496 35 3497 35 3498 35 3499 35 3500 35 3501 35 3502 35 3503 35 3504 35 3505 35 3506 35 3507 35 3508 35 3509 35 3510 35 3511 35 3512 35 3513 35 3514 35 3515 35 3516 35 3517 35 3518 35 3519 35 3520 35 3521 35 3522 35 3523 35 3524 35 3525 35 3526 35 3527 35 3528 35 3529 35 3530 35 3531 35 3532 35 3533 35 3534 35 3535 35 3536 35 3537 35 3538 35 3539 35 3540 35 3541 35 3542 35 3543 35 3544 36 3545 36 3546 36 3547 36 3548 36 3549 36 3550 36 3551 36 3552 36 3553 36 3554 36 3555 36 3556 36 3557 36 3558 36 3559 36 3560 36 3561 36 3562 36 3563 36 3564 36 3565 36 3566 36 3567 36 3568 36 3569 36 3570 36 3571 36 3572 36 3573 36 3574 36 3575 36 3576 36 3577 36 3578 36 3579 36 3580 36 3581 36 3582 36 3583 36 3584 36 3585 36 3586 36 3587 36 3588 36 3589 36 3590 36 3591 36 3592 36 3593 36 3594 36 3595 36 3596 36 3597 36 3598 36 3599 36 3600 36 3601 36 3602 36 3603 36 3604 36 3605 36 3606 36 3607 36 3608 36 3609 36 3610 36 3611 36 3612 36 3613 36 3614 36 3615 36 3616 36 3617 36 3618 36 3619 36 3620 36 3621 36 3622 36 3623 36 3624 36 3625 36 3626 36 3627 36 3628 36 3629 36 3630 36 3631 36 3632 36 3633 36 3634 36 3635 36 3636 36 3637 36 3638 36 3639 36 3640 36 3641 36 3642 36 3643 36 3644 36 3645 36 3646 36 3647 36 3648 36 3649 36 3650 36 3651 36 3652 36 3653 36 3654 36 3655 36 3656 36 3657 36 3658 36 3659 36 3660 36 3661 36 3662 36 3663 36 3664 37 3665 37 3666 37 3667 37 3668 37 3669 37 3670 37 3671 37 3672 37 3673 37 3674 37 3675 37 3676 37 3677 37 3678 37 3679 37 3680 37 3681 37 3682 37 3683 37 3684 37 3685 37 3686 37 3687 37 3688 37 3689 37 3690 37 3691 37 3692 37 3693 37 3694 37 3695 37 3696 37 3697 37 3698 37 3699 37 3700 37 3701 37 3702 37 3703 37 3704 37 3705 37 3706 37 3707 37 3708 37 3709 37 3710 37 3711 37 3712 37 3713 37 3714 37 3715 37 3716 37 3717 37 3718 37 3719 37 3720 37 3721 37 3722 37 3723 37 3724 37 3725 37 3726 37 3727 37 3728 37 3729 37 3730 37 3731 37 3732 37 3733 37 3734 37 3735 37 3736 37 3737 37 3738 37 3739 37 3740 37 3741 37 3742 37 3743 37 3744 37 3745 37 3746 37 3747 37 3748 37 3749 37 3750 37 3751 37 3752 37 3753 37 3754 37 3755 37 3756 37 3757 37 3758 37 3759 37 3760 37 3761 37 3762 37 3763 37 3764 37 3765 37 3766 37 3767 37 3768 37 3769 37 3770 37 3771 37 3772 37 3773 37 3774 37 3775 37 3776 37 3777 37 3778 37 3779 37 3780 37 3781 37 3782 37 3783 37 3784 37 3785 37 3786 37 3787 37 3788 37 3789 37 3790 37 3791 37 3792 37 3793 37 3794 37 3795 37 3796 37 3797 37 3798 37 3799 37 3800 37 3801 37 3802 37 3803 37 3804 37 3805 37 3806 37 3807 37 3808 37 3809 37 3810 37 3811 37 3812 45 3813 45 3814 45 3815 45 3816 45 3817 45 3818 45 3819 45 3820 45 3821 45 3822 45 3823 45 3824 45 3825 45 3826 45 3827 45 3828 45 3829 45 3830 45 3831 45 3832 45 3833 45 3834 45 3835 45 3836 45 3837 45 3838 45 3839 45 3840 45 3841 45 3842 45 3843 45 3844 45 3845 45 3846 45 3847 45 3848 45 3849 45 3850 45 3851 45 3852 45 3853 45 3854 45 3855 45 3856 45 3857 45 3858 45 3859 45 3860 45 3861 45 3862 45 3863 45 3864 45 3865 45 3866 45 3867 45 3868 45 3869 45 3870 45 3871 45 3872 45 3873 45 3874 45 3875 45 3876 45 3877 45 3878 45 3879 45 3880 45 3881 45 3882 45 3883 45 3884 45 3885 45 3886 45 3887 45 3888 45 3889 45 3890 45 3891 45 3892 45 3893 45 3894 45 3895 45 3896 45 3897 45 3898 45 3899 45 3900 45 3901 45 3902 45 3903 45 3904 45 3905 45 3906 45 3907 45 3908 45 3909 45 3910 45 3911 45 3912 45 3913 45 3914 45 3915 45 3916 45 3917 45 3918 45 3919 45 3920 45 3921 45 3922 45 3923 45 3924 45 3925 45 3926 45 3927 45 3928 45 3929 45 3930 45 3931 45 3932 45 3933 45 3934 45 3935 45 3936 45 3937 45 3938 45 3939 45 3940 45 3941 45 3942 45 3943 45 3944 45 3945 45 3946 45 3947 45 3948 45 3949 45 3950 45 3951 45 3952 45 3953 45 3954 45 3955 45 3956 45 3957 45 3958 45 3959 45 3960 45 3961 45 3962 45 3963 45 3964 45 3965 45 3966 45 3967 45 3968 45 3969 45 3970 45 3971 45 3972 45 3973 45 3974 45 3975 45 3976 45 3977 45 3978 45 3979 45 3980 45 3981 45 3982 45 3983 45 3984 45 3985 45 3986 45 3987 45 3988 45 3989 45 3990 45 3991 45 3992 45 3993 45 3994 45 3995 45 3996 45 3997 45 3998 45 3999 45 4000 45 4001 45 4002 45 4003 45 4004 45 4005 45 4006 45 4007 45 4008 45 4009 45 4010 45 4011 45 4012 45 4013 45 4014 45 4015 45 4016 45 4017 45 4018 45 4019 45 4020 45 4021 45 4022 45 4023 45 4024 45 4025 45 4026 45 4027 45 4028 45 4029 45 4030 45 4031 45 4032 45 4033 45 4034 45 4035 45 4036 45 4037 45 4038 45 4039 45 4040 45 4041 45 4042 45 4043 45 4044 45 4045 45 4046 45 4047 45 4048 45 4049 45 4050 39 4051 39 4052 39 4053 39 4054 39 4055 39 4056 39 4057 39 4058 39 4059 39 4060 39 4061 39 4062 39 4063 39 4064 39 4065 39 4066 39 4067 39 4068 39 4069 39 4070 39 4071 39 4072 39 4073 39 4074 39 4075 39 4076 39 4077 39 4078 39 4079 39 4080 39 4081 39 4082 39 4083 39 4084 39 4085 39 4086 39 4087 39 4088 39 4089 39 4090 39 4091 39 4092 39 4093 39 4094 39 4095 39 4096 39 4097 39 4098 39 4099 39 4100 39 4101 39 4102 39 4103 39 4104 39 4105 39 4106 39 4107 39 4108 39 4109 39 4110 39 4111 39 4112 39 4113 39 4114 39 4115 39 4116 39 4117 39 4118 39 4119 39 4120 39 4121 39 4122 39 4123 39 4124 39 4125 39 4126 39 4127 39 4128 39 4129 39 4130 39 4131 39 4132 39 4133 39 4134 39 4135 39 4136 39 4137 39 4138 39 4139 39 4140 39 4141 39 4142 39 4143 39 4144 39 4145 39 4146 39 4147 39 4148 39 4149 39 4150 39 4151 39 4152 39 4153 39 4154 39 4155 39 4156 39 4157 39 4158 39 4159 39 4160 39 4161 39 4162 39 4163 39 4164 39 4165 39 4166 39 4167 39 4168 39 4169 39 4170 39 4171 39 4172 39 4173 39 4174 39 4175 39 4176 39 4177 39 4178 39 4179 39 4180 39 4181 39 4182 39 4183 39 4184 39 4185 39 4186 39 4187 39 4188 39 4189 39 4190 39 4191 39 4192 39 4193 39 4194 39 4195 39 4196 39 4197 39 4198 39 4199 39 4200 39 4201 39 4202 39 4203 39 4204 39 4205 39 4206 39 4207 39 4208 39 4209 39 4210 39 4211 39 4212 39 4213 39 4214 39 4215 39 4216 39 4217 39 4218 39 4219 39 4220 39 4221 39 4222 39 4223 39 4224 39 4225 39 4226 39 4227 39 4228 39 4229 39 4230 39 4231 39 4232 39 4233 39 4234 39 4235 39 4236 39 4237 39 4238 39 4239 39 4240 39 4241 39 4242 39 4243 39 4244 39 4245 39 4246 39 4247 39 4248 39 4249 39 4250 39 4251 39 4252 39 4253 39 4254 39 4255 39 4256 39 4257 39 4258 39 4259 39 4260 39 4261 39 4262 39 4263 39 4264 39 4265 39 4266 39 4267 39 4268 39 4269 39 4270 39 4271 39 4272 39 4273 39 4274 39 4275 39 4276 39 4277 39 4278 39 4279 39 4280 39 4281 39 4282 39 4283 39 4284 39 4285 39 4286 39 4287 39 4288 39 4289 39 4290 39 4291 39 4292 39 4293 39 4294 39 4295 39 4296 39 4297 39 4298 39 4299 39 4300 39 4301 39 4302 39 4303 39 4304 39 4305 39 4306 39 4307 39 4308 39 4309 39 4310 39 4311 39 4312 39 4313 39 4314 39 4315 39 4316 39 4317 39 4318 39 4319 39 4320 39 4321 39 4322 39 4323 39 4324 39 4325 39 4326 39 4327 39 4328 39 4329 39 4330 39 4331 39 4332 39 4333 39 4334 39 4335 39 4336 39 4337 39 4338 39 4339 39 4340 39 4341 39 4342 39 4343 39 4344 39 4345 39 4346 39 4347 39 4348 39 4349 39 4350 39 4351 39 4352 39 4353 39 4354 39 4355 39 4356 39 4357 39 4358 39 4359 39 4360 39 4361 39 4362 39 4363 39 4364 39 4365 39 4366 39 4367 39 4368 39 4369 39 4370 39 4371 39 4372 39 4373 39 4374 39 4375 39 4376 39 4377 39 4378 39 4379 39 4380 39 4381 39 4382 39 4383 39 4384 39 4385 39 4386 39 4387 39 4388 39 4389 39 4390 39 4391 39 4392 39 4393 39 4394 39 4395 39 4396 39 4397 39 4398 39 4399 39 4400 39 4401 39 4402 39 4403 39 4404 39 4405 39 4406 39 4407 39 4408 39 4409 39 4410 39 4411 39 4412 39 4413 39 4414 39 4415 39 4416 39 4417 39 4418 39 4419 39 4420 39 4421 39 4422 39 4423 39 4424 39 4425 39 4426 39 4427 39 4428 39 4429 39 4430 39 4431 39 4432 39 4433 39 4434 39 4435 39 4436 39 4437 39 4438 39 4439 39 4440 39 4441 39 4442 39 4443 39 4444 39 4445 39 4446 39 4447 39 4448 39 4449 39 4450 39 4451 39 4452 39 4453 39 4454 39 4455 39 4456 39 4457 39 4458 39 4459 39 4460 39 4461 39 4462 39 4463 39 4464 39 4465 39 4466 39 4467 39 4468 39 4469 39 4470 39 4471 39 4472 39 4473 39 4474 39 4475 39 4476 39 4477 39 4478 39 4479 39 4480 39 4481 39 4482 39 4483 39 4484 39 4485 39 4486 39 4487 39 4488 39 4489 39 4490 39 4491 39 4492 39 4493 39 4494 39 4495 39 4496 39 4497 39 4498 39 4499 39 4500 39 4501 39 4502 39 4503 39 4504 39 4505 39 4506 39 4507 39 4508 39 4509 39 4510 39 4511 39 4512 39 4513 39 4514 40 4515 40 4516 40 4517 40 4518 40 4519 40 4520 40 4521 40 4522 40 4523 40 4524 40 4525 40 4526 40 4527 40 4528 40 4529 40 4530 40 4531 40 4532 40 4533 40 4534 40 4535 40 4536 40 4537 40 4538 40 4539 40 4540 40 4541 40 4542 40 4543 40 4544 40 4545 40 4546 40 4547 40 4548 40 4549 40 4550 40 4551 40 4552 40 4553 40 4554 40 4555 40 4556 40 4557 40 4558 40 4559 40 4560 40 4561 40 4562 40 4563 40 4564 40 4565 40 4566 40 4567 40 4568 40 4569 40 4570 40 4571 40 4572 40 4573 40 4574 40 4575 40 4576 40 4577 40 4578 40 4579 40 4580 40 4581 40 4582 40 4583 40 4584 40 4585 40 4586 40 4587 40 4588 40 4589 40 4590 40 4591 40 4592 40 4593 40 4594 40 4595 40 4596 40 4597 40 4598 40 4599 40 4600 40 4601 40 4602 40 4603 40 4604 40 4605 40 4606 40 4607 40 4608 40 4609 40 4610 40 4611 40 4612 40 4613 40 4614 40 4615 40 4616 40 4617 40 4618 40 4619 40 4620 40 4621 40 4622 40 4623 40 4624 40 4625 40 4626 40 4627 40 4628 40 4629 40 4630 40 4631 40 4632 40 4633 40 4634 41 4635 41 4636 41 4637 41 4638 41 4639 41 4640 41 4641 41 4642 41 4643 41 4644 41 4645 41 4646 41 4647 41 4648 41 4649 41 4650 41 4651 41 4652 41 4653 41 4654 41 4655 41 4656 41 4657 41 4658 41 4659 41 4660 41 4661 41 4662 41 4663 41 4664 41 4665 41 4666 41 4667 41 4668 41 4669 41 4670 41 4671 41 4672 41 4673 41 4674 41 4675 41 4676 41 4677 41 4678 41 4679 41 4680 41 4681 41 4682 41 4683 41 4684 41 4685 41 4686 41 4687 41 4688 41 4689 41 4690 41 4691 41 4692 41 4693 41 4694 41 4695 41 4696 41 4697 41 4698 41 4699 41 4700 41 4701 41 4702 41 4703 41 4704 41 4705 41 4706 41 4707 41 4708 41 4709 41 4710 41 4711 41 4712 41 4713 41 4714 41 4715 41 4716 41 4717 41 4718 41 4719 41 4720 41 4721 41 4722 41 4723 41 4724 41 4725 41 4726 41 4727 41 4728 41 4729 41 4730 41 4731 41 4732 41 4733 41 4734 41 4735 41 4736 41 4737 41 4738 41 4739 41 4740 41 4741 41 4742 41 4743 41 4744 41 4745 41 4746 41 4747 41 4748 41 4749 41 4750 41 4751 41 4752 41 4753 41 4754 41 4755 41 4756 41 4757 41 4758 41 4759 41 4760 41 4761 41 4762 41 4763 41 4764 41 4765 41 4766 41 4767 41 4768 41 4769 41 4770 41 4771 41 4772 41 4773 41 4774 41 4775 41 4776 41 4777 41 4778 41 4779 41 4780 41 4781 41 4782 6 4783 6 4784 6 4785 6 4786 6 4787 6 4788 6 4789 6 4790 6 4791 6 4792 6 4793 6 4794 6 4795 6 4796 6 4797 6 4798 6 4799 6 4800 6 4801 6 4802 6 4803 6 4804 6 4805 6 4806 6 4807 6 4808 6 4809 6 4810 6 4811 6 4812 6 4813 6 4814 6 4815 6 4816 6 4817 6 4818 6 4819 6 4820 6 4821 6 4822 6 4823 6 4824 6 4825 6 4826 6 4827 6 4828 6 4829 6 4830 6 4831 6 4832 6 4833 6 4834 6 4835 6 4836 6 4837 6 4838 6 4839 6 4840 6 4841 6 4842 6 4843 6 4844 6 4845 6 4846 6 4847 6 4848 6 4849 6 4850 6 4851 6 4852 6 4853 6 4854 6 4855 6 4856 6 4857 6 4858 6 4859 6 4860 6 4861 6 4862 6 4863 6 4864 6 4865 6 4866 6 4867 6 4868 6 4869 6 4870 6 4871 6 4872 6 4873 6 4874 6 4875 6 4876 6 4877 6 4878 6 4879 6 4880 6 4881 6 4882 6 4883 6 4884 6 4885 6 4886 6 4887 6 4888 6 4889 6 4890 6 4891 6 4892 6 4893 6 4894 6 4895 6 4896 6 4897 6 4898 6 4899 6 4900 6 4901 6 4902 6 4903 6 4904 6 4905 6 4906 6 4907 6 4908 6 4909 6 4910 6 4911 6 4912 6 4913 6 4914 6 4915 6 4916 6 4917 6 4918 6 4919 6 4920 6 4921 6 4922 6 4923 6 4924 6 4925 6 4926 6 4927 6 4928 6 4929 6 4930 6 4931 6 4932 6 4933 6 4934 6 4935 6 4936 6 4937 6 4938 6 4939 6 4940 6 4941 6 4942 6 4943 6 4944 6 4945 6 4946 6 4947 6 4948 6 4949 6 4950 6 4951 6 4952 6 4953 6 4954 6 4955 6 4956 6 4957 6 4958 6 4959 6 4960 6 4961 6 4962 6 4963 6 4964 6 4965 6 4966 6 4967 6 4968 6 4969 6 4970 6 4971 6 4972 6 4973 6 4974 6 4975 6 4976 6 4977 6 4978 6 4979 6 4980 6 4981 6 4982 6 4983 6 4984 6 4985 6 4986 6 4987 6 4988 6 4989 6 4990 6 4991 6 4992 6 4993 6 4994 6 4995 6 4996 6 4997 6 4998 6 4999 6 5000 6 5001 6 5002 6 5003 6 5004 6 5005 6 5006 6 5007 6 5008 6 5009 6 5010 6 5011 6 5012 6 5013 6 5014 6 5015 6 5016 6 5017 6 5018 6 5019 6 5020 6 5021 6 5022 6 5023 6 5024 6 5025 6 5026 6 5027 6 5028 6 5029 6 5030 6 5031 6 5032 6 5033 6 5034 6 5035 6 5036 6 5037 6 5038 6 5039 6 5040 6 5041 6 5042 6 5043 6 5044 6 5045 6 5046 6 5047 6 5048 6 5049 6 5050 6 5051 6 5052 6 5053 6 5054 6 5055 6 5056 6 5057 6 5058 6 5059 6 5060 6 5061 6 5062 6 5063 6 5064 6 5065 6 5066 6 5067 6 5068 6 5069 6 5070 6 5071 6 5072 6 5073 6 5074 6 5075 6 5076 6 5077 6 5078 6 5079 6 5080 6 5081 6 5082 6 5083 6 5084 6 5085 6 5086 6 5087 6 5088 6 5089 6 5090 6 5091 6 5092 6 5093 6 5094 6 5095 6 5096 6 5097 6 5098 6 5099 6 5100 6 5101 6 5102 6 5103 6 5104 6 5105 6 5106 6 5107 6 5108 6 5109 6 5110 6 5111 6 5112 6 5113 6 5114 6 5115 6 5116 6 5117 6 5118 6 5119 6 5120 6 5121 6 5122 6 5123 6 5124 6 5125 6 5126 6 5127 6 5128 6 5129 6 5130 6 5131 6 5132 6 5133 6 5134 6 5135 6 5136 6 5137 6 5138 6 5139 6 5140 6 5141 6 5142 6 5143 6 5144 6 5145 6 5146 6 5147 6 5148 6 5149 6 5150 6 5151 6 5152 6 5153 6 5154 6 5155 6 5156 6 5157 6 5158 6 5159 6 5160 6 5161 6 5162 6 5163 6 5164 6 5165 6 5166 6 5167 6 5168 7 5169 7 5170 7 5171 7 5172 7 5173 7 5174 7 5175 7 5176 7 5177 7 5178 7 5179 7 5180 7 5181 7 5182 7 5183 7 5184 7 5185 7 5186 7 5187 7 5188 7 5189 7 5190 7 5191 7 5192 7 5193 7 5194 7 5195 7 5196 7 5197 7 5198 7 5199 7 5200 7 5201 7 5202 7 5203 7 5204 7 5205 7 5206 7 5207 7 5208 7 5209 7 5210 7 5211 7 5212 7 5213 7 5214 7 5215 7 5216 7 5217 7 5218 7 5219 7 5220 7 5221 7 5222 7 5223 7 5224 7 5225 7 5226 7 5227 7 5228 7 5229 7 5230 7 5231 7 5232 7 5233 7 5234 7 5235 7 5236 7 5237 7 5238 7 5239 7 5240 7 5241 7 5242 7 5243 7 5244 7 5245 7 5246 7 5247 7 5248 7 5249 7 5250 7 5251 7 5252 7 5253 7 5254 7 5255 7 5256 7 5257 7 5258 7 5259 7 5260 7 5261 7 5262 7 5263 7 5264 7 5265 7 5266 7 5267 7 5268 7 5269 7 5270 7 5271 7 5272 7 5273 7 5274 7 5275 7 5276 7 5277 7 5278 7 5279 7 5280 7 5281 7 5282 7 5283 7 5284 7 5285 7 5286 7 5287 7 5288 7 5289 7 5290 7 5291 7 5292 7 5293 7 5294 7 5295 7 5296 7 5297 7 5298 7 5299 7 5300 7 5301 7 5302 7 5303 7 5304 7 5305 7 5306 7 5307 7 5308 7 5309 7 5310 7 5311 7 5312 7 5313 7 5314 7 5315 7 5316 7 5317 7 5318 7 5319 7 5320 7 5321 7 5322 7 5323 7 5324 7 5325 7 5326 7 5327 7 5328 7 5329 7 5330 7 5331 7 5332 7 5333 7 5334 7 5335 7 5336 7 5337 7 5338 7 5339 7 5340 7 5341 7 5342 7 5343 7 5344 7 5345 7 5346 7 5347 7 5348 7 5349 7 5350 7 5351 7 5352 7 5353 7 5354 7 5355 7 5356 7 5357 7 5358 7 5359 7 5360 7 5361 7 5362 7 5363 7 5364 7 5365 7 5366 7 5367 7 5368 7 5369 7 5370 7 5371 7 5372 7 5373 7 5374 7 5375 7 5376 7 5377 7 5378 7 5379 7 5380 7 5381 7 5382 7 5383 7 5384 7 5385 7 5386 7 5387 7 5388 7 5389 7 5390 7 5391 7 5392 7 5393 7 5394 7 5395 7 5396 7 5397 7 5398 7 5399 7 5400 7 5401 7 5402 7 5403 7 5404 7 5405 7 5406 7 5407 7 5408 7 5409 7 5410 7 5411 7 5412 7 5413 7 5414 7 5415 7 5416 7 5417 7 5418 7 5419 7 5420 7 5421 7 5422 7 5423 7 5424 7 5425 7 5426 7 5427 7 5428 7 5429 7 5430 7 5431 7 5432 7 5433 7 5434 7 5435 7 5436 7 5437 7 5438 7 5439 7 5440 7 5441 7 5442 7 5443 7 5444 7 5445 7 5446 7 5447 7 5448 7 5449 7 5450 7 5451 7 5452 7 5453 7 5454 7 5455 7 5456 7 5457 7 5458 7 5459 7 5460 7 5461 7 5462 7 5463 7 5464 7 5465 7 5466 7 5467 7 5468 7 5469 7 5470 7 5471 7 5472 7 5473 7 5474 7 5475 7 5476 7 5477 7 5478 7 5479 7 5480 7 5481 7 5482 7 5483 7 5484 7 5485 7 5486 7 5487 7 5488 7 5489 7 5490 7 5491 7 5492 7 5493 7 5494 7 5495 7 5496 7 5497 7 5498 7 5499 7 5500 7 5501 7 5502 7 5503 7 5504 7 5505 7 5506 7 5507 7 5508 7 5509 7 5510 7 5511 7 5512 7 5513 7 5514 7 5515 7 5516 7 5517 7 5518 7 5519 7 5520 7 5521 7 5522 7 5523 7 5524 7 5525 7 5526 7 5527 7 5528 7 5529 7 5530 7 5531 7 5532 7 5533 7 5534 7 5535 7 5536 7 5537 7 5538 7 5539 7 5540 7 5541 7 5542 7 5543 7 5544 7 5545 7 5546 7 5547 7 5548 7 5549 7 5550 7 5551 7 5552 7 5553 7 5554 6 5555 6 5556 6 5557 6 5558 6 5559 6 5560 6 5561 6 5562 6 5563 6 5564 6 5565 6 5566 6 5567 6 5568 6 5569 6 5570 6 5571 6 5572 6 5573 6 5574 6 5575 6 5576 6 5577 6 5578 6 5579 6 5580 6 5581 6 5582 6 5583 6 5584 6 5585 6 5586 6 5587 6 5588 6 5589 6 5590 6 5591 6 5592 6 5593 6 5594 6 5595 6 5596 6 5597 6 5598 6 5599 6 5600 6 5601 6 5602 6 5603 6 5604 6 5605 6 5606 6 5607 6 5608 6 5609 6 5610 6 5611 6 5612 6 5613 6 5614 6 5615 6 5616 6 5617 6 5618 6 5619 6 5620 6 5621 6 5622 6 5623 6 5624 6 5625 6 5626 6 5627 6 5628 6 5629 6 5630 6 5631 6 5632 6 5633 6 5634 6 5635 6 5636 6 5637 6 5638 6 5639 6 5640 6 5641 6 5642 6 5643 6 5644 6 5645 6 5646 6 5647 6 5648 6 5649 6 5650 6 5651 6 5652 6 5653 6 5654 6 5655 6 5656 6 5657 6 5658 7 5659 7 5660 7 5661 7 5662 7 5663 7 5664 7 5665 7 5666 7 5667 7 5668 7 5669 7 5670 7 5671 7 5672 7 5673 7 5674 7 5675 7 5676 7 5677 7 5678 7 5679 7 5680 7 5681 7 5682 7 5683 7 5684 7 5685 7 5686 7 5687 7 5688 7 5689 7 5690 7 5691 7 5692 7 5693 7 5694 7 5695 7 5696 7 5697 7 5698 7 5699 7 5700 7 5701 7 5702 7 5703 7 5704 7 5705 7 5706 7 5707 7 5708 7 5709 7 5710 7 5711 7 5712 7 5713 7 5714 7 5715 7 5716 7 5717 7 5718 7 5719 7 5720 7 5721 7 5722 7 5723 7 5724 7 5725 7 5726 7 5727 7 5728 7 5729 7 5730 7 5731 7 5732 7 5733 7 5734 7 5735 7 5736 7 5737 7 5738 7 5739 7 5740 7 5741 7 5742 7 5743 7 5744 7 5745 7 5746 7 5747 7 5748 7 5749 7 5750 7 5751 7 5752 7 5753 7 5754 7 5755 7 5756 7 5757 7 5758 7 5759 7 5760 7 5761 7 5762 7 5763 7 5764 7 5765 7 5766 7 5767 7 5768 7 5769 7 5770 7 5771 7 5772 7 5773 7 5774 7 5775 7 5776 7 5777 7 5778 7 5779 7 5780 7 5781 7 5782 7 5783 7 5784 7 5785 7 5786 7 5787 7 5788 7 5789 7 5790 7 5791 7 5792 7 5793 7 5794 7 5795 7 5796 7 5797 7 5798 7 5799 7 5800 7 5801 7 5802 7 5803 7 5804 7 5805 7 5806 7 5807 7 5808 7 5809 7 5810 7 5811 7 5812 7 5813 7 5814 7 5815 7 5816 7 5817 7 5818 7 5819 7 5820 7 5821 7 5822 7 5823 7 5824 7 5825 7 5826 7 5827 7 5828 7 5829 7 5830 7 5831 7 5832 7 5833 7 5834 7 5835 7 5836 7 5837 7 5838 7 5839 7 5840 7 5841 7 5842 7 5843 7 5844 7 5845 7 5846 7 5847 7 5848 7 5849 7 5850 7 5851 7 5852 7 5853 7 5854 7 5855 7 5856 7 5857 7 5858 7 5859 7 5860 7 5861 7 5862 7 5863 7 5864 7 5865 7 5866 7 5867 7 5868 7 5869 7 5870 7 5871 7 5872 7 5873 7 5874 7 5875 7 5876 7 5877 7 5878 7 5879 7 5880 7 5881 7 5882 7 5883 7 5884 7 5885 7 5886 7 5887 7 5888 7 5889 7 5890 7 5891 7 5892 7 5893 7 5894 7 5895 7 5896 7 5897 7 5898 7 5899 7 5900 7 5901 7 5902 7 5903 7 5904 7 5905 7 5906 7 5907 7 5908 7 5909 7 5910 7 5911 7 5912 7 5913 7 5914 7 5915 7 5916 7 5917 7 5918 7 5919 7 5920 7 5921 7 5922 7 5923 7 5924 7 5925 7 5926 7 5927 7 5928 7 5929 7 5930 7 5931 7 5932 7 5933 7 5934 7 5935 7 5936 7 5937 7 5938 7 5939 7 5940 7 5941 7 5942 7 5943 7 5944 7 5945 7 5946 7 5947 7 5948 7 5949 7 5950 7 5951 7 5952 7 5953 7 5954 7 5955 7 5956 7 5957 7 5958 7 5959 7 5960 7 5961 7 5962 7 5963 7 5964 7 5965 7 5966 7 5967 7 5968 7 5969 7 5970 7 5971 7 5972 7 5973 7 5974 7 5975 7 5976 7 5977 7 5978 7 5979 7 5980 7 5981 7 5982 7 5983 7 5984 7 5985 7 5986 7 5987 7 5988 7 5989 7 5990 7 5991 7 5992 7 5993 7 5994 7 5995 7 5996 7 5997 7 5998 7 5999 7 6000 7 6001 7 6002 7 6003 7 6004 7 6005 7 6006 7 6007 7 6008 7 6009 7 6010 7 6011 7 6012 7 6013 7 6014 7 6015 7 6016 7 6017 7 6018 7 6019 7 6020 7 6021 7 6022 7 6023 7 6024 7 6025 7 6026 7 6027 7 6028 7 6029 7 6030 7 6031 7 6032 7 6033 7 6034 7 6035 7 6036 7 6037 7 6038 7 6039 7 6040 7 6041 7 6042 7 6043 7 6044 7 6045 7 6046 7 6047 7 6048 7 6049 7 6050 7 6051 7 6052 7 6053 7 6054 7 6055 7 6056 7 6057 7 6058 7 6059 7 6060 7 6061 7 6062 7 6063 7 6064 7 6065 7 6066 7 6067 7 6068 7 6069 7 6070 7 6071 7 6072 7 6073 7 6074 7 6075 7 6076 7 6077 7 6078 7 6079 7 6080 7 6081 7 6082 7 6083 7 6084 7 6085 7 6086 7 6087 7 6088 7 6089 7 6090 7 6091 7 6092 7 6093 7 6094 7 6095 7 6096 7 6097 7 6098 7 6099 7 6100 7 6101 7 6102 7 6103 7 6104 7 6105 7 6106 7 6107 7 6108 7 6109 7 6110 7 6111 7 6112 7 6113 7 6114 7 6115 7 6116 7 6117 7 6118 7 6119 7 6120 7 6121 7 6122 7 6123 7 6124 7 6125 7 6126 7 6127 7 6128 7 6129 7 6130 7 6131 7 6132 7 6133 7 6134 7 6135 7 6136 7 6137 7 6138 7 6139 7 6140 7 6141 7 6142 7 6143 7 6144 7 6145 7 6146 7 6147 7 6148 7 6149 7 6150 7 6151 7 6152 7 6153 7 6154 7 6155 7 6156 7 6157 7 6158 7 6159 7 6160 7 6161 7 6162 7 6163 7 6164 7 6165 7 6166 7 6167 7 6168 7 6169 7 6170 7 6171 7 6172 7 6173 7 6174 7 6175 7 6176 7 6177 7 6178 7 6179 7 6180 7 6181 7 6182 7 6183 7 6184 7 6185 7 6186 7 6187 7 6188 7 6189 7 6190 7 6191 7 6192 7 6193 7 6194 7 6195 7 6196 7 6197 7 6198 7 6199 7 6200 7 6201 7 6202 7 6203 7 6204 7 6205 7 6206 7 6207 7 6208 7 6209 7 6210 7 6211 7 6212 7 6213 7 6214 7 6215 7 6216 7 6217 7 6218 7 6219 7 6220 7 6221 7 6222 7 6223 7 6224 7 6225 7 6226 7 6227 7 6228 7 6229 7 6230 7 6231 7 6232 7 6233 7 6234 7 6235 7 6236 7 6237 7 6238 7 6239 7 6240 7 6241 7 6242 7 6243 7 6244 7 6245 7 6246 7 6247 7 6248 7 6249 7 6250 7 6251 7 6252 7 6253 7 6254 7 6255 7 6256 7 6257 7 6258 7 6259 7 6260 7 6261 7 6262 7 6263 7 6264 7 6265 7 6266 7 6267 7 6268 7 6269 7 6270 7 6271 7 6272 7 6273 7 6274 7 6275 7 6276 7 6277 7 6278 7 6279 7 6280 7 6281 7 6282 7 6283 7 6284 7 6285 7 6286 7 6287 7 6288 7 6289 7 6290 7 6291 7 6292 7 6293 7 6294 7 6295 7 6296 7 6297 7 6298 7 6299 7 6300 7 6301 7 6302 7 6303 7 6304 7 6305 7 6306 7 6307 7 6308 7 6309 7 6310 7 6311 7 6312 7 6313 7 6314 7 6315 7 6316 7 6317 7 6318 7 6319 7 6320 7 6321 7 6322 7 6323 7 6324 7 6325 7 6326 7 6327 7 6328 7 6329 7 6330 7 6331 7 6332 7 6333 7 6334 7 6335 7 6336 7 6337 7 6338 7 6339 7 6340 7 6341 7 6342 7 6343 7 6344 7 6345 7 6346 7 6347 7 6348 7 6349 7 6350 7 6351 7 6352 7 6353 7 6354 7 6355 7 6356 7 6357 7 6358 7 6359 7 6360 7 6361 7 6362 7 6363 7 6364 7 6365 7 6366 7 6367 7 6368 7 6369 7 6370 7 6371 7 6372 7 6373 7 6374 7 6375 7 6376 7 6377 7 6378 7 6379 7 6380 7 6381 7 6382 7 6383 7 6384 7 6385 7 6386 7 6387 7 6388 7 6389 21 6390 21 6391 21 6392 21 6393 21 6394 21 6395 21 6396 21 6397 21 6398 21 6399 21 6400 21 6401 21 6402 21 6403 21 6404 21 6405 21 6406 21 6407 21 6408 21 6409 21 6410 21 6411 21 6412 21 6413 21 6414 21 6415 21 6416 21 6417 21 6418 21 6419 21 6420 21 6421 21 6422 21 6423 21 6424 21 6425 21 6426 21 6427 21 6428 21 6429 21 6430 21 6431 21 6432 21 6433 21 6434 21 6435 21 6436 21 6437 21 6438 21 6439 21 6440 21 6441 21 6442 21 6443 21 6444 21 6445 21 6446 21 6447 21 6448 21 6449 21 6450 21 6451 21 6452 21 6453 21 6454 21 6455 21 6456 21 6457 21 6458 21 6459 21 6460 21 6461 21 6462 21 6463 21 6464 21 6465 21 6466 21 6467 21 6468 21 6469 21 6470 21 6471 21 6472 21 6473 21 6474 21 6475 21 6476 21 6477 21 6478 21 6479 21 6480 21 6481 21 6482 21 6483 21 6484 21 6485 21 6486 21 6487 21 6488 21 6489 21 6490 21 6491 21 6492 21 6493 21 6494 21 6495 21 6496 21 6497 21 6498 21 6499 21 6500 21 6501 21 6502 21 6503 21 6504 21 6505 21 6506 21 6507 21 6508 21 6509 21 6510 21 6511 21 6512 21 6513 21 6514 21 6515 21 6516 21 6517 21 6518 21 6519 21 6520 21 6521 21 6522 21 6523 21 6524 21 6525 21 6526 21 6527 21 6528 21 6529 21 6530 21 6531 21 6532 21 6533 21 6534 21 6535 21 6536 21 6537 21 6538 21 6539 21 6540 21 6541 21 6542 21 6543 21 6544 21 6545 21 6546 21 6547 21 6548 21 6549 21 6550 21 6551 21 6552 21 6553 21 6554 21 6555 21 6556 21 6557 21 6558 21 6559 21 6560 21 6561 21 6562 21 6563 21 6564 21 6565 21 6566 21 6567 21 6568 21 6569 21 6570 21 6571 21 6572 21 6573 21 6574 21 6575 21 6576 21 6577 21 6578 21 6579 21 6580 21 6581 21 6582 21 6583 21 6584 21 6585 21 6586 21 6587 21 6588 21 6589 21 6590 21 6591 21 6592 21 6593 21 6594 21 6595 21 6596 21 6597 21 6598 21 6599 21 6600 21 6601 21 6602 21 6603 21 6604 21 6605 21 6606 21 6607 21 6608 21 6609 21 6610 21 6611 21 6612 21 6613 21 6614 21 6615 21 6616 21 6617 21 6618 21 6619 21 6620 21 6621 21 6622 21 6623 21 6624 21 6625 21 6626 21 6627 21 6628 21 6629 21 6630 21 6631 21 6632 21 6633 21 6634 21 6635 21 6636 21 6637 21 6638 21 6639 21 6640 21 6641 21 6642 21 6643 21 6644 21 6645 21 6646 21 6647 21 6648 21 6649 21 6650 21 6651 21 6652 21 6653 21 6654 21 6655 21 6656 21 6657 21 6658 21 6659 21 6660 21 6661 21 6662 21 6663 21 6664 21 6665 21 6666 21 6667 21 6668 21 6669 21 6670 21 6671 21 6672 21 6673 21 6674 21 6675 21 6676 21 6677 21 6678 21 6679 21 6680 21 6681 21 6682 21 6683 21 6684 21 6685 21 6686 21 6687 21 6688 21 6689 21 6690 21 6691 21 6692 21 6693 21 6694 21 6695 21 6696 21 6697 21 6698 21 6699 21 6700 21 6701 21 6702 21 6703 21 6704 21 6705 21 6706 21 6707 21 6708 21 6709 21 6710 21 6711 21 6712 21 6713 21 6714 21 6715 21 6716 21 6717 21 6718 21 6719 21 6720 21 6721 21 6722 21 6723 21 6724 21 6725 21 6726 21 6727 21 6728 21 6729 21 6730 21 6731 21 6732 21 6733 21 6734 21 6735 21 6736 21 6737 21 6738 21 6739 21 6740 21 6741 21 6742 21 6743 21 6744 21 6745 21 6746 21 6747 21 6748 21 6749 21 6750 21 6751 21 6752 21 6753 21 6754 21 6755 21 6756 21 6757 21 6758 21 6759 21 6760 21 6761 21 6762 21 6763 21 6764 21 6765 21 6766 21 6767 21 6768 21 6769 21 6770 21 6771 21 6772 21 6773 21 6774 21 6775 22 6776 22 6777 22 6778 22 6779 22 6780 22 6781 22 6782 22 6783 22 6784 22 6785 22 6786 22 6787 22 6788 22 6789 22 6790 22 6791 22 6792 22 6793 22 6794 22 6795 22 6796 22 6797 22 6798 22 6799 22 6800 22 6801 22 6802 22 6803 22 6804 22 6805 22 6806 22 6807 22 6808 22 6809 22 6810 22 6811 22 6812 22 6813 22 6814 22 6815 22 6816 22 6817 22 6818 22 6819 22 6820 22 6821 22 6822 22 6823 22 6824 22 6825 22 6826 22 6827 22 6828 22 6829 22 6830 22 6831 22 6832 22 6833 22 6834 22 6835 22 6836 22 6837 22 6838 22 6839 22 6840 22 6841 22 6842 22 6843 22 6844 22 6845 22 6846 22 6847 22 6848 22 6849 22 6850 22 6851 22 6852 22 6853 22 6854 22 6855 22 6856 22 6857 22 6858 22 6859 22 6860 22 6861 22 6862 22 6863 22 6864 22 6865 22 6866 22 6867 22 6868 22 6869 22 6870 22 6871 22 6872 22 6873 22 6874 22 6875 22 6876 22 6877 22 6878 22 6879 22 6880 22 6881 22 6882 22 6883 22 6884 22 6885 22 6886 22 6887 22 6888 22 6889 22 6890 22 6891 22 6892 22 6893 22 6894 22 6895 22 6896 22 6897 22 6898 22 6899 22 6900 22 6901 22 6902 22 6903 22 6904 22 6905 22 6906 22 6907 22 6908 22 6909 22 6910 22 6911 22 6912 22 6913 22 6914 22 6915 22 6916 22 6917 22 6918 22 6919 22 6920 22 6921 22 6922 22 6923 22 6924 22 6925 22 6926 22 6927 22 6928 22 6929 22 6930 22 6931 22 6932 22 6933 22 6934 22 6935 22 6936 22 6937 22 6938 22 6939 22 6940 22 6941 22 6942 22 6943 22 6944 22 6945 22 6946 22 6947 22 6948 22 6949 22 6950 22 6951 22 6952 22 6953 22 6954 22 6955 22 6956 22 6957 22 6958 22 6959 22 6960 22 6961 22 6962 22 6963 22 6964 22 6965 22 6966 22 6967 22 6968 22 6969 22 6970 22 6971 22 6972 22 6973 22 6974 22 6975 22 6976 22 6977 22 6978 22 6979 22 6980 22 6981 22 6982 22 6983 22 6984 22 6985 22 6986 22 6987 22 6988 22 6989 22 6990 22 6991 22 6992 22 6993 22 6994 22 6995 22 6996 22 6997 22 6998 22 6999 22 7000 22 7001 22 7002 22 7003 22 7004 22 7005 22 7006 22 7007 22 7008 22 7009 22 7010 22 7011 22 7012 22 7013 22 7014 22 7015 22 7016 22 7017 22 7018 22 7019 22 7020 22 7021 22 7022 22 7023 22 7024 22 7025 22 7026 22 7027 22 7028 22 7029 22 7030 22 7031 22 7032 22 7033 22 7034 22 7035 22 7036 22 7037 22 7038 22 7039 22 7040 22 7041 22 7042 22 7043 22 7044 22 7045 22 7046 22 7047 22 7048 22 7049 22 7050 22 7051 22 7052 22 7053 22 7054 22 7055 22 7056 22 7057 22 7058 22 7059 22 7060 22 7061 22 7062 22 7063 22 7064 22 7065 22 7066 22 7067 22 7068 22 7069 22 7070 22 7071 22 7072 22 7073 22 7074 22 7075 22 7076 22 7077 22 7078 22 7079 22 7080 22 7081 22 7082 22 7083 22 7084 22 7085 22 7086 22 7087 22 7088 22 7089 22 7090 22 7091 22 7092 22 7093 22 7094 22 7095 22 7096 22 7097 22 7098 22 7099 22 7100 22 7101 22 7102 22 7103 22 7104 22 7105 22 7106 22 7107 22 7108 22 7109 22 7110 22 7111 22 7112 22 7113 22 7114 22 7115 22 7116 22 7117 22 7118 22 7119 22 7120 22 7121 22 7122 22 7123 22 7124 22 7125 22 7126 22 7127 22 7128 22 7129 22 7130 22 7131 22 7132 22 7133 22 7134 22 7135 22 7136 22 7137 22 7138 22 7139 22 7140 22 7141 22 7142 22 7143 22 7144 22 7145 22 7146 22 7147 22 7148 22 7149 22 7150 22 7151 22 7152 22 7153 22 7154 22 7155 22 7156 22 7157 22 7158 22 7159 22 7160 22 7161 21 7162 21 7163 21 7164 21 7165 21 7166 21 7167 21 7168 21 7169 21 7170 21 7171 21 7172 21 7173 21 7174 21 7175 21 7176 21 7177 21 7178 21 7179 21 7180 21 7181 21 7182 21 7183 21 7184 21 7185 21 7186 21 7187 21 7188 21 7189 21 7190 21 7191 21 7192 21 7193 21 7194 21 7195 21 7196 21 7197 21 7198 21 7199 21 7200 21 7201 21 7202 21 7203 21 7204 21 7205 21 7206 21 7207 21 7208 21 7209 21 7210 21 7211 21 7212 21 7213 21 7214 21 7215 21 7216 21 7217 21 7218 21 7219 21 7220 21 7221 21 7222 21 7223 21 7224 21 7225 21 7226 21 7227 21 7228 21 7229 21 7230 21 7231 21 7232 21 7233 21 7234 21 7235 21 7236 21 7237 21 7238 21 7239 21 7240 21 7241 21 7242 21 7243 21 7244 21 7245 21 7246 21 7247 21 7248 21 7249 21 7250 21 7251 21 7252 21 7253 21 7254 21 7255 21 7256 21 7257 21 7258 21 7259 21 7260 21 7261 21 7262 21 7263 21 7264 21 7265 22 7266 22 7267 22 7268 22 7269 22 7270 22 7271 22 7272 22 7273 22 7274 22 7275 22 7276 22 7277 22 7278 22 7279 22 7280 22 7281 22 7282 22 7283 22 7284 22 7285 22 7286 22 7287 22 7288 22 7289 22 7290 22 7291 22 7292 22 7293 22 7294 22 7295 22 7296 22 7297 22 7298 22 7299 22 7300 22 7301 22 7302 22 7303 22 7304 22 7305 22 7306 22 7307 22 7308 22 7309 22 7310 22 7311 22 7312 22 7313 22 7314 22 7315 22 7316 22 7317 22 7318 22 7319 22 7320 22 7321 22 7322 22 7323 22 7324 22 7325 22 7326 22 7327 22 7328 22 7329 22 7330 22 7331 22 7332 22 7333 22 7334 22 7335 22 7336 22 7337 22 7338 22 7339 22 7340 22 7341 22 7342 22 7343 22 7344 22 7345 22 7346 22 7347 22 7348 22 7349 22 7350 22 7351 22 7352 22 7353 22 7354 22 7355 22 7356 22 7357 22 7358 22 7359 22 7360 22 7361 22 7362 22 7363 22 7364 22 7365 22 7366 22 7367 22 7368 22 7369 22 7370 22 7371 22 7372 22 7373 22 7374 22 7375 22 7376 22 7377 22 7378 22 7379 22 7380 22 7381 22 7382 22 7383 22 7384 22 7385 22 7386 22 7387 22 7388 22 7389 22 7390 22 7391 22 7392 22 7393 22 7394 22 7395 22 7396 22 7397 22 7398 22 7399 22 7400 22 7401 22 7402 22 7403 22 7404 22 7405 22 7406 22 7407 22 7408 22 7409 22 7410 22 7411 22 7412 22 7413 22 7414 22 7415 22 7416 22 7417 22 7418 22 7419 22 7420 22 7421 22 7422 22 7423 22 7424 22 7425 22 7426 22 7427 22 7428 22 7429 22 7430 22 7431 22 7432 22 7433 22 7434 22 7435 22 7436 22 7437 22 7438 22 7439 22 7440 22 7441 22 7442 22 7443 22 7444 22 7445 22 7446 22 7447 22 7448 22 7449 22 7450 22 7451 22 7452 22 7453 22 7454 22 7455 22 7456 22 7457 22 7458 22 7459 22 7460 22 7461 22 7462 22 7463 22 7464 22 7465 22 7466 22 7467 22 7468 22 7469 22 7470 22 7471 22 7472 22 7473 22 7474 22 7475 22 7476 22 7477 22 7478 22 7479 22 7480 22 7481 22 7482 22 7483 22 7484 22 7485 22 7486 22 7487 22 7488 22 7489 22 7490 22 7491 22 7492 22 7493 22 7494 22 7495 22 7496 22 7497 22 7498 22 7499 22 7500 22 7501 22 7502 22 7503 22 7504 22 7505 22 7506 22 7507 22 7508 22 7509 22 7510 22 7511 22 7512 22 7513 22 7514 22 7515 22 7516 22 7517 22 7518 22 7519 22 7520 22 7521 22 7522 22 7523 22 7524 22 7525 22 7526 22 7527 22 7528 22 7529 22 7530 22 7531 22 7532 22 7533 22 7534 22 7535 22 7536 22 7537 22 7538 22 7539 22 7540 22 7541 22 7542 22 7543 22 7544 22 7545 22 7546 22 7547 22 7548 22 7549 22 7550 22 7551 22 7552 22 7553 22 7554 22 7555 22 7556 22 7557 22 7558 22 7559 22 7560 22 7561 22 7562 22 7563 22 7564 22 7565 22 7566 22 7567 22 7568 22 7569 22 7570 22 7571 22 7572 22 7573 22 7574 22 7575 22 7576 22 7577 22 7578 22 7579 22 7580 22 7581 22 7582 22 7583 22 7584 22 7585 22 7586 22 7587 22 7588 22 7589 22 7590 22 7591 22 7592 22 7593 22 7594 22 7595 22 7596 22 7597 22 7598 22 7599 22 7600 22 7601 22 7602 22 7603 22 7604 22 7605 22 7606 22 7607 22 7608 22 7609 22 7610 22 7611 22 7612 22 7613 22 7614 22 7615 22 7616 22 7617 22 7618 22 7619 22 7620 22 7621 22 7622 22 7623 22 7624 22 7625 22 7626 22 7627 22 7628 22 7629 22 7630 22 7631 22 7632 22 7633 22 7634 22 7635 22 7636 22 7637 22 7638 22 7639 22 7640 22 7641 22 7642 22 7643 22 7644 22 7645 22 7646 22 7647 22 7648 22 7649 22 7650 22 7651 22 7652 22 7653 22 7654 22 7655 22 7656 22 7657 22 7658 22 7659 22 7660 22 7661 22 7662 22 7663 22 7664 22 7665 22 7666 22 7667 22 7668 22 7669 22 7670 22 7671 22 7672 22 7673 22 7674 22 7675 22 7676 22 7677 22 7678 22 7679 22 7680 22 7681 22 7682 22 7683 22 7684 22 7685 22 7686 22 7687 22 7688 22 7689 22 7690 22 7691 22 7692 22 7693 22 7694 22 7695 22 7696 22 7697 22 7698 22 7699 22 7700 22 7701 22 7702 22 7703 22 7704 22 7705 22 7706 22 7707 22 7708 22 7709 22 7710 22 7711 22 7712 22 7713 22 7714 22 7715 22 7716 22 7717 22 7718 22 7719 22 7720 22 7721 22 7722 22 7723 22 7724 22 7725 22 7726 22 7727 22 7728 22 7729 22 7730 22 7731 22 7732 22 7733 22 7734 22 7735 22 7736 22 7737 22 7738 22 7739 22 7740 22 7741 22 7742 22 7743 22 7744 22 7745 22 7746 22 7747 22 7748 22 7749 22 7750 22 7751 22 7752 22 7753 22 7754 22 7755 22 7756 22 7757 22 7758 22 7759 22 7760 22 7761 22 7762 22 7763 22 7764 22 7765 22 7766 22 7767 22 7768 22 7769 22 7770 22 7771 22 7772 22 7773 22 7774 22 7775 22 7776 22 7777 22 7778 22 7779 22 7780 22 7781 22 7782 22 7783 22 7784 22 7785 22 7786 22 7787 22 7788 22 7789 22 7790 22 7791 22 7792 22 7793 22 7794 22 7795 22 7796 22 7797 22 7798 22 7799 22 7800 22 7801 22 7802 22 7803 22 7804 22 7805 22 7806 22 7807 22 7808 22 7809 22 7810 22 7811 22 7812 22 7813 22 7814 22 7815 22 7816 22 7817 22 7818 22 7819 22 7820 22 7821 22 7822 22 7823 22 7824 22 7825 22 7826 22 7827 22 7828 22 7829 22 7830 22 7831 22 7832 22 7833 22 7834 22 7835 22 7836 22 7837 22 7838 22 7839 22 7840 22 7841 22 7842 22 7843 22 7844 22 7845 22 7846 22 7847 22 7848 22 7849 22 7850 22 7851 22 7852 22 7853 22 7854 22 7855 22 7856 22 7857 22 7858 22 7859 22 7860 22 7861 22 7862 22 7863 22 7864 22 7865 22 7866 22 7867 22 7868 22 7869 22 7870 22 7871 22 7872 22 7873 22 7874 22 7875 22 7876 22 7877 22 7878 22 7879 22 7880 22 7881 22 7882 22 7883 22 7884 22 7885 22 7886 22 7887 22 7888 22 7889 22 7890 22 7891 22 7892 22 7893 22 7894 22 7895 22 7896 22 7897 22 7898 22 7899 22 7900 22 7901 22 7902 22 7903 22 7904 22 7905 22 7906 22 7907 22 7908 22 7909 22 7910 22 7911 22 7912 22 7913 22 7914 22 7915 22 7916 22 7917 22 7918 22 7919 22 7920 22 7921 22 7922 22 7923 22 7924 22 7925 22 7926 22 7927 22 7928 22 7929 22 7930 22 7931 22 7932 22 7933 22 7934 22 7935 22 7936 22 7937 22 7938 22 7939 22 7940 22 7941 22 7942 22 7943 22 7944 22 7945 22 7946 22 7947 22 7948 22 7949 22 7950 22 7951 22 7952 22 7953 22 7954 22 7955 22 7956 22 7957 22 7958 22 7959 22 7960 22 7961 22 7962 22 7963 22 7964 22 7965 22 7966 22 7967 22 7968 22 7969 22 7970 22 7971 22 7972 22 7973 22 7974 22 7975 22 7976 22 7977 22 7978 22 7979 22 7980 22 7981 22 7982 22 7983 22 7984 22 7985 22 7986 22 7987 22 7988 22 7989 22 7990 22 7991 22 7992 22 7993 22 7994 22 7995 22 7996 </v></vertex_weights></skin></controller></library_controllers>
<library_visual_scenes><visual_scene id="Scene"><node id="j0" sid="RobotArmature" name="RobotArmature" type="JOINT"><matrix>1 0 0 0 0 1 1.62921e-07 0 0 -1.62921e-07 1 0 0 0 0 1</matrix><node id="j1" sid="Body" name="Body" type="JOINT"><matrix>1 0 0 0 0 0.320255 -0.947331 -0.917378 0 0.947331 0.320255 2.71561 0 0 0 1</matrix><node id="j2" sid="Torso" name="Torso" type="JOINT"><matrix>1 0 0 0 0 1 -5.42067e-08 -0.0743923 0 5.42067e-08 1 -0.784635 0 0 0 1</matrix><node id="j3" sid="Chest" name="Chest" type="JOINT"><matrix>1 1.30057e-14 2.38419e-07 0 7.99527e-08 0.942095 -0.335346 1.11624 -2.24613e-07 0.335346 0.942095 1.1854e-07 0 0 0 1</matrix><node id="j4" sid="Neck" name="Neck" type="JOINT"><matrix>1 -7.03515e-08 -4.66221e-07 -3.31992e-14 -7.03516e-08 0.955474 -0.295076 1.07804 4.66221e-07 0.295076 0.955474 4.59867e-08 0 0 0 1</matrix><node id="j5" sid="Head" name="Head" type="JOINT"><matrix>1 -1.71044e-08 2.37804e-07 -6.6417e-14 2.47612e-14 0.997423 0.0717409 0.466438 -2.38419e-07 -0.0717409 0.997423 -1.78446e-07 0 0 0 1</matrix><node id="j6" sid="Head_end" name="Head_end" type="JOINT"><matrix>1 7.70372e-34 1.38778e-17 -1.04144e-08 7.70372e-34 1 -1.11022e-16 0.532971 -1.38778e-17 1.11022e-16 1 1.54719e-09 0 0 0 1</matrix></node></node><node id="j7" sid="Shoulder.L" name="Shoulder.L" type="JOINT"><matrix>0.539918 0.841678 0.00811891 0.367267 -0.804707 0.513325 0.298235 0.113886 0.24685 -0.167556 0.954458 -0.0192141 0 0 0 1</matrix><node id="j8" sid="UpperArm.L" name="UpperArm.L" type="JOINT"><matrix>0.838169 0.545204 -0.0150356 3.0852e-07 -0.545265 0.838263 4.09086e-07 0.402842 0.012604 0.00819807 0.999887 1.8006e-08 0 0 0 1</matrix><node id="j9" sid="LowerArm.L" name="LowerArm.L" type="JOINT"><matrix>3.49376e-07 0.155117 -0.987896 8.83573e-09 -8.74404e-08 0.987896 0.155117 1.16211 1 3.2188e-08 3.58711e-07 2.8794e-08 0 0 0 1</matrix><node id="j10" sid="PalmP.L" name="PalmP.L" type="JOINT"><matrix>0.754269 -0.656566 -2.34422e-08 -3.87382e-08 0.647965 0.744388 -0.161331 1.0977 0.105924 0.121687 0.9869 6.31154e-07 0 0 0 1</matrix><node id="j11" sid="Pinky1.L" name="Pinky1.L" type="JOINT"><matrix>0.935874 0.352097 -0.0129526 2.84677e-07 -0.347594 0.928667 0.129444 0.239579 0.0576056 -0.116641 0.991502 -2.25853e-10 0 0 0 1</matrix><node id="j12" sid="Pinky2.L" name="Pinky2.L" type="JOINT"><matrix>0.996139 0.0362685 0.0799441 -2.49836e-07 -0.0591827 0.950052 0.306429 0.202878 -0.0648374 -0.309977 0.948531 4.15426e-07 0 0 0 1</matrix><node id="j13" sid="Pinky2.L_end" name="Pinky2.L_end" type="JOINT"><matrix>1 -1.11022e-16 -2.77556e-17 -4.65446e-09 1.11022e-16 1 -5.55112e-17 0.177523 2.77556e-17 5.55112e-17 1 -6.46983e-09 0 0 0 1</matrix></node></node></node></node><node id="j14" sid="PalmR.L" name="PalmR.L" type="JOINT"><matrix>0.995993 -0.0894361 -2.24911e-08 -3.87382e-08 0.0882645 0.982945 -0.161331 1.0977 0.0144288 0.160684 0.9869 6.31154e-07 0 0 0 1</matrix><node id="j15" sid="Ring1.L" name="Ring1.L" type="JOINT"><matrix>0.99495 0.10001 0.00855347 2.20876e-08 -0.100375 0.991331 0.0847835 0.230318 -1.31835e-07 -0.0852139 0.996363 4.00652e-10 0 0 0 1</matrix><node id="j16" sid="Ring2.L" name="Ring2.L" type="JOINT"><matrix>0.999952 0.0091839 0.00353749 1.25523e-09 -0.00980585 0.960356 0.278606 0.25656 -0.000838559 -0.278627 0.960399 2.80131e-07 0 0 0 1</matrix><node id="j17" sid="Ring2.L_end" name="Ring2.L_end" type="JOINT"><matrix>1 0 0 1.4655e-08 0 1 0 0.192688 0 0 1 2.32211e-08 0 0 0 1</matrix></node></node></node></node><node id="j18" sid="PalmI.L" name="PalmI.L" type="JOINT"><matrix>0.863057 0.505107 -3.21449e-08 -3.87382e-08 -0.49849 0.851751 -0.161331 1.0977 -0.0814894 0.139238 0.9869 6.31154e-07 0 0 0 1</matrix><node id="j19" sid="Index1.L" name="Index1.L" type="JOINT"><matrix>0.992246 -0.123467 -0.0142983 -4.99174e-08 0.124292 0.985658 0.114145 0.235418 8.48691e-08 -0.115037 0.993361 -3.45017e-09 0 0 0 1</matrix><node id="j20" sid="Index2.L" name="Index2.L" type="JOINT"><matrix>0.999001 -0.0410039 -0.0177566 -2.24492e-07 0.0443869 0.956363 0.28879 0.200994 0.00514019 -0.28929 0.957228 -1.62782e-07 0 0 0 1</matrix><node id="j21" sid="Index2.L_end" name="Index2.L_end" type="JOINT"><matrix>1 0 0 5.1287e-09 0 1 0 0.167905 0 0 1 -2.16268e-09 0 0 0 1</matrix></node></node></node></node><node id="j22" sid="PalmT.L" name="PalmT.L" type="JOINT"><matrix>-0.0968574 0.995298 3.28138e-07 -3.87382e-08 -0.982261 -0.0955886 -0.161327 1.0977 -0.160569 -0.0156261 0.986901 6.31154e-07 0 0 0 1</matrix><node id="j23" sid="Thumb1.L" name="Thumb1.L" type="JOINT"><matrix>0.825974 -0.558826 -0.0740235 -1.61161e-07 0.563708 0.818821 0.108469 0.194679 -3.05963e-06 -0.13132 0.99134 4.42064e-11 0 0 0 1</matrix><node id="j24" sid="Thumb2.L" name="Thumb2.L" type="JOINT"><matrix>0.851898 -0.487662 -0.190933 2.06731e-07 0.519172 0.834271 0.185611 0.145888 0.0687744 -0.257249 0.963895 -5.71426e-07 0 0 0 1</matrix><node id="j25" sid="Thumb2.L_end" name="Thumb2.L_end" type="JOINT"><matrix>1 0 -2.77556e-17 8.08856e-09 0 1 0 0.184826 2.77556e-17 0 1 -5.92786e-09 0 0 0 1</matrix></node></node></node></node></node></node></node><node id="j26" sid="Shoulder.R" name="Shoulder.R" type="JOINT"><matrix>0.539918 -0.841678 -0.00811843 -0.367267 0.804707 0.513325 0.298235 0.113886 -0.246851 -0.167555 0.954458 -0.0192139 0 0 0 1</matrix><node id="j27" sid="UpperArm.R" name="UpperArm.R" type="JOINT"><matrix>0.838169 -0.545204 0.0150355 -4.54969e-07 0.545265 0.838263 4.36476e-07 0.402842 -0.0126039 0.00819796 0.999887 4.59026e-08 0 0 0 1</matrix><node id="j28" sid="LowerArm.R" name="LowerArm.R" type="JOINT"><matrix>1.46028e-07 -0.155117 0.987896 6.74926e-07 1.31881e-07 0.987896 0.155117 1.16211 -1 1.07633e-07 1.64717e-07 8.86389e-08 0 0 0 1</matrix><node id="j29" sid="PalmP.R" name="PalmP.R" type="JOINT"><matrix>0.754269 0.656566 -1.11393e-07 2.38688e-08 -0.647965 0.744388 -0.161331 1.0977 -0.105924 0.121687 0.9869 -3.60426e-07 0 0 0 1</matrix><node id="j30" sid="Pinky1.R" name="Pinky1.R" type="JOINT"><matrix>0.935874 -0.352097 0.0129526 -5.27067e-08 0.347594 0.928667 0.129445 0.239579 -0.0576057 -0.116642 0.991502 2.96678e-07 0 0 0 1</matrix><node id="j31" sid="Pinky2.R" name="Pinky2.R" type="JOINT"><matrix>0.996139 -0.0362685 -0.0799442 -1.2552e-08 0.0591827 0.950052 0.306429 0.202878 0.0648374 -0.309977 0.948531 5.01521e-08 0 0 0 1</matrix><node id="j32" sid="Pinky2.R_end" name="Pinky2.R_end" type="JOINT"><matrix>1 1.11022e-16 2.77556e-17 -3.30312e-08 -1.11022e-16 1 -5.55112e-17 0.177523 -2.77556e-17 5.55112e-17 1 -4.69691e-09 0 0 0 1</matrix></node></node></node></node><node id="j33" sid="PalmR.R" name="PalmR.R" type="JOINT"><matrix>0.995993 0.089436 -3.39429e-08 2.38688e-08 -0.0882644 0.982945 -0.161331 1.0977 -0.0144288 0.160684 0.9869 -3.60426e-07 0 0 0 1</matrix><node id="j34" sid="Ring1.R" name="Ring1.R" type="JOINT"><matrix>0.99495 -0.10001 -0.00855345 2.68989e-08 0.100375 0.991331 0.0847836 0.230318 1.00248e-07 -0.085214 0.996363 -6.20808e-07 0 0 0 1</matrix><node id="j35" sid="Ring2.R" name="Ring2.R" type="JOINT"><matrix>0.999952 -0.00918386 -0.00353747 -2.6794e-09 0.00980581 0.960356 0.278605 0.25656 0.000838557 -0.278627 0.960399 -1.10354e-08 0 0 0 1</matrix><node id="j36" sid="Ring2.R_end" name="Ring2.R_end" type="JOINT"><matrix>1 -3.85186e-34 2.77556e-17 -4.74954e-08 -3.85186e-34 1 2.77556e-17 0.192688 -2.77556e-17 -2.77556e-17 1 2.64934e-08 0 0 0 1</matrix></node></node></node></node><node id="j37" sid="PalmI.R" name="PalmI.R" type="JOINT"><matrix>0.863057 -0.505107 -5.85298e-08 2.38688e-08 0.49849 0.851751 -0.161331 1.0977 0.0814894 0.139238 0.9869 -3.60426e-07 0 0 0 1</matrix><node id="j38" sid="Index1.R" name="Index1.R" type="JOINT"><matrix>0.992246 0.123467 0.0142985 -9.6392e-08 -0.124292 0.985658 0.114145 0.235417 -2.52272e-07 -0.115037 0.993361 -5.10481e-09 0 0 0 1</matrix><node id="j39" sid="Index2.R" name="Index2.R" type="JOINT"><matrix>0.999001 0.041004 0.0177566 -2.34152e-07 -0.044387 0.956363 0.28879 0.200994 -0.0051402 -0.28929 0.957228 7.85327e-07 0 0 0 1</matrix><node id="j40" sid="Index2.R_end" name="Index2.R_end" type="JOINT"><matrix>1 0 2.77556e-17 2.94186e-08 0 1 0 0.167905 -2.77556e-17 0 1 -2.75815e-08 0 0 0 1</matrix></node></node></node></node><node id="j41" sid="PalmT.R" name="PalmT.R" type="JOINT"><matrix>-0.0968574 -0.995298 -4.58482e-07 2.38688e-08 0.982261 -0.0955886 -0.161327 1.0977 0.160569 -0.0156262 0.986901 -3.60426e-07 0 0 0 1</matrix><node id="j42" sid="Thumb1.R" name="Thumb1.R" type="JOINT"><matrix>0.825974 0.558826 0.0740234 -4.63255e-07 -0.563708 0.818821 0.108469 0.194679 3.14123e-06 -0.13132 0.99134 3.06845e-07 0 0 0 1</matrix><node id="j43" sid="Thumb2.R" name="Thumb2.R" type="JOINT"><matrix>0.851898 0.487662 0.190933 -8.50324e-08 -0.519172 0.834271 0.185611 0.145889 -0.0687742 -0.257249 0.963895 -2.28699e-07 0 0 0 1</matrix><node id="j44" sid="Thumb2.R_end" name="Thumb2.R_end" type="JOINT"><matrix>1 -7.70372e-34 2.77556e-17 -7.63879e-09 -7.70372e-34 1 5.55112e-17 0.184826 -2.77556e-17 -5.55112e-17 1 -2.30323e-08 0 0 0 1</matrix></node></node></node></node></node></node></node></node></node></node><node id="j45" sid="UpperLeg.L" name="UpperLeg.L" type="JOINT"><matrix>1 -7.08104e-14 9.53675e-07 0.959894 5.36868e-07 -0.826493 -0.562946 0.363421 7.88206e-07 0.562946 -0.826493 -1.01377 0 0 0 1</matrix><node id="j46" sid="MidLeg.L" name="MidLeg.L" type="JOINT"><matrix>1 -8.04751e-07 4.89209e-07 -1.944e-13 7.12463e-09 -0.512972 -0.858405 1.44642 9.41753e-07 0.858405 -0.512972 3.11287e-07 0 0 0 1</matrix><node id="j47" sid="LowerLeg.L" name="LowerLeg.L" type="JOINT"><matrix>-1 4.65982e-08 5.48172e-07 -2.33875e-08 -5.00655e-07 -0.49012 -0.871655 1.68391 2.28053e-07 -0.871655 0.49012 5.86106e-08 0 0 0 1</matrix><node id="j48" sid="FootBack.L" name="FootBack.L" type="JOINT"><matrix>-1 -3.77382e-07 3.99332e-07 7.24491e-08 2.90849e-08 -0.762139 -0.647413 1.82075 5.48669e-07 -0.647413 0.762139 -3.19563e-07 0 0 0 1</matrix><node id="j49" sid="FootBack.L_end" name="FootBack.L_end" type="JOINT"><matrix>1 0 -4.52364e-25 -6.19604e-12 0 1 0 0.651172 4.52364e-25 0 1 -4.93015e-08 0 0 0 1</matrix></node></node></node></node></node><node id="j50" sid="UpperLeg.R" name="UpperLeg.R" type="JOINT"><matrix>1 7.08104e-14 -9.53675e-07 -0.959894 -5.36868e-07 -0.826493 -0.562946 0.363421 -7.88206e-07 0.562946 -0.826493 -1.01377 0 0 0 1</matrix><node id="j51" sid="MidLeg.R" name="MidLeg.R" type="JOINT"><matrix>1 8.04751e-07 -4.89209e-07 1.944e-13 -7.12463e-09 -0.512972 -0.858405 1.44642 -9.41753e-07 0.858405 -0.512972 3.11287e-07 0 0 0 1</matrix><node id="j52" sid="LowerLeg.R" name="LowerLeg.R" type="JOINT"><matrix>-1 -4.65982e-08 -5.48172e-07 2.33875e-08 5.00655e-07 -0.49012 -0.871655 1.68391 -2.28053e-07 -0.871655 0.49012 5.86106e-08 0 0 0 1</matrix><node id="j53" sid="FootBack.R" name="FootBack.R" type="JOINT"><matrix>-1 3.77382e-07 -3.99332e-07 -7.24491e-08 -2.90849e-08 -0.762139 -0.647413 1.82075 -5.48669e-07 -0.647413 0.762139 -3.19563e-07 0 0 0 1</matrix><node id="j54" sid="FootBack.R_end" name="FootBack.R_end" type="JOINT"><matrix>1 5.16988e-26 -1.35521e-20 9.1579e-12 -5.16988e-26 1 -7.70372e-34 0.651172 1.35521e-20 7.70372e-34 1 7.34579e-08 0 0 0 1</matrix></node></node></node></node></node><node id="j55" sid="PoleTarget.L" name="PoleTarget.L" type="JOINT"><matrix>1 0 0 0.959893 0 0.947331 -0.320255 -2.17647 0 0.320255 0.947331 4.51097 0 0 0 1</matrix><node id="j56" sid="PoleTarget.L_end" name="PoleTarget.L_end" type="JOINT"><matrix>1 0 0 -1.11022e-16 0 1 0 0.948125 0 0 1 8.88178e-16 0 0 0 1</matrix></node></node><node id="j57" sid="PoleTarget.R" name="PoleTarget.R" type="JOINT"><matrix>1 0 0 -0.959893 0 0.947331 -0.320255 -2.17647 0 0.320255 0.947331 4.51097 0 0 0 1</matrix><node id="j58" sid="PoleTarget.R_end" name="PoleTarget.R_end" type="JOINT"><matrix>1 0 0 1.11022e-16 0 1 0 0.948125 0 0 1 1.77636e-15 0 0 0 1</matrix></node></node></node><node id="j59" sid="Foot.L" name="Foot.L" type="JOINT"><matrix>-1 0 0 0.959894 0 -1 -1.62921e-07 -0.857814 0 -1.62921e-07 1 0.095306 0 0 0 1</matrix><node id="j60" sid="Foot.L_end" name="Foot.L_end" type="JOINT"><matrix>1 0 0 -1.11022e-16 0 1 0 0.630893 0 0 1 0 0 0 0 1</matrix></node></node><node id="j61" sid="Foot.R" name="Foot.R" type="JOINT"><matrix>-1 0 0 -0.959894 0 -1 -1.62921e-07 -0.857814 0 -1.62921e-07 1 0.095306 0 0 0 1</matrix><node id="j62" sid="Foot.R_end" name="Foot.R_end" type="JOINT"><matrix>1 0 0 0 0 1 0 0.630893 0 0 1 0 0 0 0 1</matrix></node></node></node><node id="model" name="model"><instance_controller url="#skin"><skeleton>#j0</skeleton><bind_material><technique_common><instance_material symbol="m0" target="#m0"/></technique_common></bind_material></instance_controller></node></visual_scene></library_visual_scenes>
<scene><instance_visual_scene url="#Scene"/></scene>
</COLLADA>
