<?xml version="1.0" encoding="utf-8"?>
<COLLADA xmlns="http://www.collada.org/2005/11/COLLADASchema" version="1.4.1">
<asset><contributor><authoring_tool>VATs starter props (see CREDITS.md)</authoring_tool></contributor><unit name="meter" meter="1"/><up_axis>Z_UP</up_axis></asset>
<library_effects>
<effect id="m0-fx"><profile_COMMON><technique sid="common"><lambert><diffuse><color>0.360 0.390 0.430 1</color></diffuse></lambert></technique></profile_COMMON></effect>
<effect id="m1-fx"><profile_COMMON><technique sid="common"><lambert><diffuse><color>0.240 0.250 0.280 1</color></diffuse></lambert></technique></profile_COMMON></effect>
<effect id="m2-fx"><profile_COMMON><technique sid="common"><lambert><diffuse><color>0.200 0.230 0.270 1</color></diffuse></lambert></technique></profile_COMMON></effect>
<effect id="m3-fx"><profile_COMMON><technique sid="common"><lambert><diffuse><color>0.400 0.300 0.230 1</color></diffuse></lambert></technique></profile_COMMON></effect>
</library_effects><library_materials>
<material id="m0" name="m0"><instance_effect url="#m0-fx"/></material>
<material id="m1" name="m1"><instance_effect url="#m1-fx"/></material>
<material id="m2" name="m2"><instance_effect url="#m2-fx"/></material>
<material id="m3" name="m3"><instance_effect url="#m3-fx"/></material>
</library_materials><library_geometries><geometry id="g" name="pistol"><mesh>
<source id="g-p"><float_array id="g-p-a" count="7020">-0.0157 0.0165 0.0033 -0.022 0.0165 -0.0062 -0.022 0.0108 -0.0062 -0.0157 0.0108 0.0033 -0.0157 0.0165 0.0033 -0.0178 0.0174 -0.0065 -0.022 0.0165 -0.0062 -0.012 0.0174 0.003 -0.0178 0.0174 -0.0065 -0.0157 0.0165 0.0033 -0.0102 0.0165 0.0144 -0.012 0.0174 0.003 -0.0157 0.0165 0.0033 -0.012 0.0174 0.003 -0.0102 0.0165 0.0144 -0.0069 0.0174 0.014 -0.0102 0.0108 0.0144 -0.0157 0.0165 0.0033 -0.0157 0.0108 0.0033 -0.0102 0.0165 0.0144 0.0042 0.0108 -0.0333 -0.0046 0.0165 -0.0381 0.0042 0.0165 -0.0333 -0.0046 0.0108 -0.0381 0.0042 0.0165 -0.0333 -0.0046 0.0165 -0.0381 0.0003 0.0174 -0.0317 -0.0074 0.0174 -0.0366 0.0003 0.0174 -0.0317 -0.0046 0.0165 -0.0381 -0.0074 0.0174 -0.0366 -0.0141 0.0165 -0.0382 -0.0137 0.0172 -0.0369 -0.0141 0.0165 -0.0382 -0.0074 0.0174 -0.0366 -0.0046 0.0165 -0.0381 -0.0046 0.0165 -0.0381 -0.0141 0.0108 -0.0382 -0.0141 0.0165 -0.0382 -0.0046 0.0108 -0.0381 0.0191 0.0165 0.0252 0.0173 0.0108 0.0372 0.0191 0.0108 0.0252 0.0173 0.0165 0.0372 0.0139 0.0172 0.0342 0.0191 0.0165 0.0252 0.0156 0.0174 0.0255 0.0173 0.0165 0.0372 0.0191 0.0165 0.0252 0.0139 0.0172 0.0342 0.0164 0.0165 0.0111 0.0156 0.0174 0.0255 0.0191 0.0165 0.0252 0.0156 0.0174 0.0255 0.0164 0.0165 0.0111 0.013 0.0174 0.0115 0.0164 0.0165 0.0111 0.0191 0.0108 0.0252 0.0164 0.0108 0.0111 0.0191 0.0165 0.0252 -0.0256 0.0165 -0.0142 -0.0271 0.0165 -0.0209 -0.0271 0.0108 -0.0209 -0.0256 0.0108 -0.0142 -0.0271 0.0165 -0.0209 -0.0213 0.0174 -0.0152 -0.0232 0.0174 -0.0225 -0.0213 0.0174 -0.0152 -0.0271 0.0165 -0.0209 -0.0256 0.0165 -0.0142 -0.022 0.0165 -0.0062 -0.0213 0.0174 -0.0152 -0.0256 0.0165 -0.0142 -0.0213 0.0174 -0.0152 -0.022 0.0165 -0.0062 -0.0178 0.0174 -0.0065 -0.022 0.0108 -0.0062 -0.0256 0.0165 -0.0142 -0.0256 0.0108 -0.0142 -0.022 0.0165 -0.0062 -0.0141 0.0165 -0.0382 -0.021 0.0108 -0.0355 -0.021 0.0165 -0.0355 -0.0141 0.0108 -0.0382 -0.0198 0.0174 -0.0347 -0.0141 0.0165 -0.0382 -0.021 0.0165 -0.0355 -0.0141 0.0165 -0.0382 -0.0198 0.0174 -0.0347 -0.0137 0.0172 -0.0369 -0.021 0.0165 -0.0355 -0.0254 0.0165 -0.0312 -0.0238 0.0172 -0.0313 -0.0238 0.0172 -0.0313 -0.0198 0.0174 -0.0347 -0.021 0.0165 -0.0355 -0.021 0.0165 -0.0355 -0.0254 0.0108 -0.0312 -0.0254 0.0165 -0.0312 -0.021 0.0108 -0.0355 0.0141 0.0165 0.001 0.0164 0.0108 0.0111 0.0141 0.0108 0.001 0.0164 0.0165 0.0111 0.0141 0.0165 0.001 0.0104 0.0174 0.0013 0.013 0.0174 0.0115 0.0164 0.0165 0.0111 0.0141 0.0165 0.001 0.013 0.0174 0.0115 0.0104 0.0174 0.0013 0.0118 0.0165 -0.0088 0.0076 0.0174 -0.0085 0.0118 0.0165 -0.0088 0.0104 0.0174 0.0013 0.0141 0.0165 0.001 0.0141 0.0165 0.001 0.0118 0.0108 -0.0088 0.0118 0.0165 -0.0088 0.0141 0.0108 0.001 -0.0089 0.0165 0.0273 -0.0102 0.0165 0.0144 -0.0102 0.0108 0.0144 -0.0089 0.0108 0.0273 -0.0089 0.0165 0.0273 -0.0069 0.0174 0.014 -0.0102 0.0165 0.0144 -0.0069 0.0174 0.014 -0.0089 0.0165 0.0273 -0.0054 0.0174 0.0271 -0.0089 0.0165 0.0273 -0.0025 0.0172 0.0349 -0.0054 0.0174 0.0271 -0.0089 0.0165 0.0273 -0.0055 0.0165 0.0378 -0.0025 0.0172 0.0349 -0.0089 0.0108 0.0273 -0.0055 0.0165 0.0378 -0.0089 0.0165 0.0273 -0.0055 0.0108 0.0378 0.0091 0.0165 -0.0219 0.0118 0.0108 -0.0088 0.0091 0.0108 -0.0219 0.0118 0.0165 -0.0088 0.0091 0.0165 -0.0219 0.0048 0.0174 -0.0209 0.0076 0.0174 -0.0085 0.0118 0.0165 -0.0088 0.0091 0.0165 -0.0219 0.0076 0.0174 -0.0085 0.0048 0.0174 -0.0209 0.0042 0.0165 -0.0333 0.0003 0.0174 -0.0317 0.0042 0.0165 -0.0333 0.0048 0.0174 -0.0209 0.0091 0.0165 -0.0219 0.0091 0.0165 -0.0219 0.0042 0.0108 -0.0333 0.0042 0.0165 -0.0333 0.0091 0.0108 -0.0219 0.0062 0.0165 0.0412 -0.0055 0.0108 0.0378 0.0062 0.0108 0.0412 -0.0055 0.0165 0.0378 0.0062 0.0165 0.0412 0.0059 0.0174 0.0375 -0.0025 0.0172 0.0349 -0.0055 0.0165 0.0378 0.0062 0.0165 0.0412 -0.0025 0.0172 0.0349 0.0062 0.0165 0.0412 0.0139 0.0172 0.0342 0.0059 0.0174 0.0375 0.0139 0.0172 0.0342 0.0062 0.0165 0.0412 0.0173 0.0165 0.0372 0.0173 0.0165 0.0372 0.0062 0.0165 0.0412 0.0173 0.0108 0.0372 0.0062 0.0108 0.0412 -0.0273 0.0165 -0.0265 -0.0254 0.0165 -0.0312 -0.0254 0.0108 -0.0312 -0.0273 0.0108 -0.0265 -0.0254 0.0165 -0.0312 -0.0244 0.0174 -0.0279 -0.0238 0.0172 -0.0313 -0.0244 0.0174 -0.0279 -0.0254 0.0165 -0.0312 -0.0273 0.0165 -0.0265 -0.0232 0.0174 -0.0225 -0.0273 0.0165 -0.0265 -0.0271 0.0165 -0.0209 -0.0232 0.0174 -0.0225 -0.0244 0.0174 -0.0279 -0.0273 0.0165 -0.0265 -0.0271 0.0108 -0.0209 -0.0273 0.0165 -0.0265 -0.0273 0.0108 -0.0265 -0.0271 0.0165 -0.0209 -0.0159 0.0178 -0.0323 -0.0244 0.0174 -0.0279 -0.0232 0.0174 -0.0225 -0.0232 0.0174 -0.0225 -0.0115 0.0178 -0.0271 -0.0159 0.0178 -0.0323 -0.0244 0.0174 -0.0279 -0.0159 0.0178 -0.0323 -0.0238 0.0172 -0.0313 -0.0238 0.0172 -0.0313 -0.0159 0.0178 -0.0323 -0.0198 0.0174 -0.0347 -0.0159 0.0178 -0.0323 -0.0074 0.0174 -0.0366 -0.0137 0.0172 -0.0369 -0.0137 0.0172 -0.0369 -0.0198 0.0174 -0.0347 -0.0159 0.0178 -0.0323 -0.0115 0.0178 -0.0271 -0.0074 0.0174 -0.0366 -0.0159 0.0178 -0.0323 -0.0074 0.0174 -0.0366 -0.0115 0.0178 -0.0271 0.0003 0.0174 -0.0317 0.0031 0.0178 0.0127 0.0104 0.0174 0.0013 -0.0008 0.0178 0.0021 0.0104 0.0174 0.0013 0.0031 0.0178 0.0127 0.013 0.0174 0.0115 -0.0008 0.0178 0.0021 -0.012 0.0174 0.003 -0.0069 0.0174 0.014 0.0031 0.0178 0.0127 -0.0008 0.0178 0.0021 -0.0069 0.0174 0.014 -0.012 0.0174 0.003 -0.0051 0.0178 -0.0075 -0.0178 0.0174 -0.0065 -0.0051 0.0178 -0.0075 -0.0008 0.0178 0.0021 0.0076 0.0174 -0.0085 -0.0051 0.0178 -0.0075 0.0076 0.0174 -0.0085 -0.0008 0.0178 0.0021 0.0104 0.0174 0.0013 -0.0051 0.0178 -0.0075 0.0048 0.0174 -0.0209 -0.0083 0.0178 -0.018 0.0048 0.0174 -0.0209 -0.0051 0.0178 -0.0075 0.0076 0.0174 -0.0085 -0.0083 0.0178 -0.018 -0.0213 0.0174 -0.0152 -0.0178 0.0174 -0.0065 -0.0178 0.0174 -0.0065 -0.0051 0.0178 -0.0075 -0.0083 0.0178 -0.018 -0.0213 0.0174 -0.0152 -0.0115 0.0178 -0.0271 -0.0232 0.0174 -0.0225 -0.0115 0.0178 -0.0271 -0.0213 0.0174 -0.0152 -0.0083 0.0178 -0.018 -0.0083 0.0178 -0.018 0.0003 0.0174 -0.0317 -0.0115 0.0178 -0.0271 0.0003 0.0174 -0.0317 -0.0083 0.0178 -0.018 0.0048 0.0174 -0.0209 0.0051 0.0178 0.0263 0.0139 0.0172 0.0342 0.0156 0.0174 0.0255 0.0139 0.0172 0.0342 0.0051 0.0178 0.0263 0.0059 0.0174 0.0375 0.0051 0.0178 0.0263 -0.0054 0.0174 0.0271 -0.0025 0.0172 0.0349 -0.0025 0.0172 0.0349 0.0059 0.0174 0.0375 0.0051 0.0178 0.0263 0.0031 0.0178 0.0127 -0.0054 0.0174 0.0271 0.0051 0.0178 0.0263 -0.0054 0.0174 0.0271 0.0031 0.0178 0.0127 -0.0069 0.0174 0.014 0.0051 0.0178 0.0263 0.013 0.0174 0.0115 0.0031 0.0178 0.0127 0.013 0.0174 0.0115 0.0051 0.0178 0.0263 0.0156 0.0174 0.0255 -0.012 -0.0174 0.003 -0.0102 -0.0165 0.0144 -0.0157 -0.0165 0.0033 -0.0102 -0.0165 0.0144 -0.012 -0.0174 0.003 -0.0069 -0.0174 0.014 -0.0157 -0.0165 0.0033 -0.022 -0.0165 -0.0062 -0.0178 -0.0174 -0.0065 -0.0178 -0.0174 -0.0065 -0.012 -0.0174 0.003 -0.0157 -0.0165 0.0033 -0.0157 -0.0165 0.0033 -0.022 -0.0108 -0.0062 -0.022 -0.0165 -0.0062 -0.0157 -0.0108 0.0033 -0.0157 -0.0165 0.0033 -0.0102 -0.0108 0.0144 -0.0157 -0.0108 0.0033 -0.0102 -0.0165 0.0144 -0.0074 -0.0174 -0.0366 -0.0141 -0.0165 -0.0382 -0.0046 -0.0165 -0.0381 -0.0141 -0.0165 -0.0382 -0.0074 -0.0174 -0.0366 -0.0137 -0.0172 -0.0369 -0.0046 -0.0165 -0.0381 0.0042 -0.0165 -0.0333 0.0003 -0.0174 -0.0317 0.0003 -0.0174 -0.0317 -0.0074 -0.0174 -0.0366 -0.0046 -0.0165 -0.0381 -0.0046 -0.0165 -0.0381 -0.0046 -0.0108 -0.0381 0.0042 -0.0108 -0.0333 0.0042 -0.0165 -0.0333 -0.0046 -0.0165 -0.0381 -0.0141 -0.0108 -0.0382 -0.0046 -0.0108 -0.0381 -0.0141 -0.0165 -0.0382 0.0164 -0.0165 0.0111 0.0156 -0.0174 0.0255 0.013 -0.0174 0.0115 0.0156 -0.0174 0.0255 0.0164 -0.0165 0.0111 0.0191 -0.0165 0.0252 0.0191 -0.0165 0.0252 0.0173 -0.0165 0.0372 0.0139 -0.0172 0.0342 0.0191 -0.0165 0.0252 0.0139 -0.0172 0.0342 0.0156 -0.0174 0.0255 0.0173 -0.0108 0.0372 0.0191 -0.0165 0.0252 0.0191 -0.0108 0.0252 0.0173 -0.0165 0.0372 0.0164 -0.0165 0.0111 0.0191 -0.0108 0.0252 0.0191 -0.0165 0.0252 0.0164 -0.0108 0.0111 -0.0213 -0.0174 -0.0152 -0.022 -0.0165 -0.0062 -0.0256 -0.0165 -0.0142 -0.022 -0.0165 -0.0062 -0.0213 -0.0174 -0.0152 -0.0178 -0.0174 -0.0065 -0.0271 -0.0165 -0.0209 -0.0213 -0.0174 -0.0152 -0.0256 -0.0165 -0.0142 -0.0213 -0.0174 -0.0152 -0.0271 -0.0165 -0.0209 -0.0232 -0.0174 -0.0225 -0.0256 -0.0165 -0.0142 -0.0271 -0.0108 -0.0209 -0.0271 -0.0165 -0.0209 -0.0256 -0.0108 -0.0142 -0.0256 -0.0165 -0.0142 -0.022 -0.0108 -0.0062 -0.0256 -0.0108 -0.0142 -0.022 -0.0165 -0.0062 -0.0254 -0.0165 -0.0312 -0.021 -0.0165 -0.0355 -0.0238 -0.0172 -0.0313 -0.0198 -0.0174 -0.0347 -0.0238 -0.0172 -0.0313 -0.021 -0.0165 -0.0355 -0.0141 -0.0165 -0.0382 -0.0198 -0.0174 -0.0347 -0.021 -0.0165 -0.0355 -0.0198 -0.0174 -0.0347 -0.0141 -0.0165 -0.0382 -0.0137 -0.0172 -0.0369 -0.021 -0.0108 -0.0355 -0.0141 -0.0165 -0.0382 -0.021 -0.0165 -0.0355 -0.0141 -0.0108 -0.0382 -0.021 -0.0165 -0.0355 -0.0254 -0.0108 -0.0312 -0.021 -0.0108 -0.0355 -0.0254 -0.0165 -0.0312 0.0118 -0.0165 -0.0088 0.0104 -0.0174 0.0013 0.0076 -0.0174 -0.0085 0.0104 -0.0174 0.0013 0.0118 -0.0165 -0.0088 0.0141 -0.0165 0.001 0.0141 -0.0165 0.001 0.013 -0.0174 0.0115 0.0104 -0.0174 0.0013 0.013 -0.0174 0.0115 0.0141 -0.0165 0.001 0.0164 -0.0165 0.0111 0.0164 -0.0108 0.0111 0.0141 -0.0165 0.001 0.0141 -0.0108 0.001 0.0164 -0.0165 0.0111 0.0141 -0.0165 0.001 0.0118 -0.0165 -0.0088 0.0118 -0.0108 -0.0088 0.0141 -0.0108 0.001 -0.0025 -0.0172 0.0349 -0.0089 -0.0165 0.0273 -0.0054 -0.0174 0.0271 -0.0089 -0.0165 0.0273 -0.0025 -0.0172 0.0349 -0.0055 -0.0165 0.0378 -0.0089 -0.0165 0.0273 -0.0102 -0.0165 0.0144 -0.0069 -0.0174 0.014 -0.0069 -0.0174 0.014 -0.0054 -0.0174 0.0271 -0.0089 -0.0165 0.0273 -0.0102 -0.0165 0.0144 -0.0089 -0.0108 0.0273 -0.0102 -0.0108 0.0144 -0.0089 -0.0165 0.0273 -0.0089 -0.0108 0.0273 -0.0055 -0.0165 0.0378 -0.0055 -0.0108 0.0378 -0.0089 -0.0165 0.0273 0.0042 -0.0165 -0.0333 0.0048 -0.0174 -0.0209 0.0003 -0.0174 -0.0317 0.0048 -0.0174 -0.0209 0.0042 -0.0165 -0.0333 0.0091 -0.0165 -0.0219 0.0091 -0.0165 -0.0219 0.0076 -0.0174 -0.0085 0.0048 -0.0174 -0.0209 0.0076 -0.0174 -0.0085 0.0091 -0.0165 -0.0219 0.0118 -0.0165 -0.0088 0.0118 -0.0108 -0.0088 0.0091 -0.0165 -0.0219 0.0091 -0.0108 -0.0219 0.0118 -0.0165 -0.0088 0.0091 -0.0165 -0.0219 0.0042 -0.0165 -0.0333 0.0042 -0.0108 -0.0333 0.0091 -0.0108 -0.0219 0.0062 -0.0165 0.0412 0.0059 -0.0174 0.0375 0.0139 -0.0172 0.0342 0.0173 -0.0165 0.0372 0.0062 -0.0165 0.0412 0.0139 -0.0172 0.0342 0.0062 -0.0165 0.0412 -0.0025 -0.0172 0.0349 0.0059 -0.0174 0.0375 -0.0025 -0.0172 0.0349 0.0062 -0.0165 0.0412 -0.0055 -0.0165 0.0378 0.0062 -0.0165 0.0412 -0.0055 -0.0108 0.0378 -0.0055 -0.0165 0.0378 0.0062 -0.0108 0.0412 0.0173 -0.0108 0.0372 0.0062 -0.0108 0.0412 0.0062 -0.0165 0.0412 0.0173 -0.0165 0.0372 -0.0232 -0.0174 -0.0225 -0.0273 -0.0165 -0.0265 -0.0244 -0.0174 -0.0279 -0.0232 -0.0174 -0.0225 -0.0271 -0.0165 -0.0209 -0.0273 -0.0165 -0.0265 -0.0244 -0.0174 -0.0279 -0.0254 -0.0165 -0.0312 -0.0238 -0.0172 -0.0313 -0.0254 -0.0165 -0.0312 -0.0244 -0.0174 -0.0279 -0.0273 -0.0165 -0.0265 -0.0273 -0.0165 -0.0265 -0.0254 -0.0108 -0.0312 -0.0254 -0.0165 -0.0312 -0.0273 -0.0108 -0.0265 -0.0273 -0.0165 -0.0265 -0.0271 -0.0108 -0.0209 -0.0273 -0.0108 -0.0265 -0.0271 -0.0165 -0.0209 -0.0159 -0.0178 -0.0323 -0.0198 -0.0174 -0.0347 -0.0137 -0.0172 -0.0369 -0.0137 -0.0172 -0.0369 -0.0074 -0.0174 -0.0366 -0.0159 -0.0178 -0.0323 -0.0159 -0.0178 -0.0323 -0.0244 -0.0174 -0.0279 -0.0238 -0.0172 -0.0313 -0.0238 -0.0172 -0.0313 -0.0198 -0.0174 -0.0347 -0.0159 -0.0178 -0.0323 -0.0159 -0.0178 -0.0323 -0.0232 -0.0174 -0.0225 -0.0244 -0.0174 -0.0279 -0.0115 -0.0178 -0.0271 -0.0232 -0.0174 -0.0225 -0.0159 -0.0178 -0.0323 -0.0115 -0.0178 -0.0271 -0.0074 -0.0174 -0.0366 0.0003 -0.0174 -0.0317 -0.0074 -0.0174 -0.0366 -0.0115 -0.0178 -0.0271 -0.0159 -0.0178 -0.0323 -0.0051 -0.0178 -0.0075 -0.012 -0.0174 0.003 -0.0178 -0.0174 -0.0065 -0.012 -0.0174 0.003 -0.0051 -0.0178 -0.0075 -0.0008 -0.0178 0.0021 -0.0069 -0.0174 0.014 -0.0069 -0.0174 0.014 -0.0008 -0.0178 0.0021 0.0031 -0.0178 0.0127 0.0104 -0.0174 0.0013 0.0031 -0.0178 0.0127 -0.0008 -0.0178 0.0021 0.0031 -0.0178 0.0127 0.0104 -0.0174 0.0013 0.013 -0.0174 0.0115 -0.0008 -0.0178 0.0021 -0.0051 -0.0178 -0.0075 0.0076 -0.0174 -0.0085 0.0104 -0.0174 0.0013 -0.0008 -0.0178 0.0021 0.0076 -0.0174 -0.0085 -0.0115 -0.0178 -0.0271 -0.0213 -0.0174 -0.0152 -0.0232 -0.0174 -0.0225 -0.0213 -0.0174 -0.0152 -0.0115 -0.0178 -0.0271 -0.0083 -0.0178 -0.018 -0.0083 -0.0178 -0.018 -0.0178 -0.0174 -0.0065 -0.0213 -0.0174 -0.0152 -0.0178 -0.0174 -0.0065 -0.0083 -0.0178 -0.018 -0.0051 -0.0178 -0.0075 0.0048 -0.0174 -0.0209 -0.0051 -0.0178 -0.0075 -0.0083 -0.0178 -0.018 -0.0051 -0.0178 -0.0075 0.0048 -0.0174 -0.0209 0.0076 -0.0174 -0.0085 -0.0083 -0.0178 -0.018 -0.0115 -0.0178 -0.0271 0.0003 -0.0174 -0.0317 0.0048 -0.0174 -0.0209 -0.0083 -0.0178 -0.018 0.0003 -0.0174 -0.0317 0.0031 -0.0178 0.0127 -0.0054 -0.0174 0.0271 -0.0069 -0.0174 0.014 -0.0054 -0.0174 0.0271 0.0031 -0.0178 0.0127 0.0051 -0.0178 0.0263 0.0051 -0.0178 0.0263 -0.0025 -0.0172 0.0349 -0.0054 -0.0174 0.0271 -0.0025 -0.0172 0.0349 0.0051 -0.0178 0.0263 0.0059 -0.0174 0.0375 0.0051 -0.0178 0.0263 0.0156 -0.0174 0.0255 0.0139 -0.0172 0.0342 0.0139 -0.0172 0.0342 0.0059 -0.0174 0.0375 0.0051 -0.0178 0.0263 0.0051 -0.0178 0.0263 0.0031 -0.0178 0.0127 0.013 -0.0174 0.0115 0.013 -0.0174 0.0115 0.0156 -0.0174 0.0255 0.0051 -0.0178 0.0263 0.0751 0.0073 0.0211 0.0716 0.0074 0.0144 0.0718 0.0073 0.0218 0.0689 0.0073 0.017 0.0718 0.0073 0.0218 0.0716 0.0074 0.0144 0.0766 -0.0073 0.0285 0.0718 -0.0073 0.0218 0.0751 -0.0073 0.0211 0.0718 -0.0073 0.0218 0.0766 -0.0073 0.0285 0.073 -0.0073 0.0297 0.073 -0.0073 0.0297 0.073 0.0073 0.0297 0.0718 0.0073 0.0218 0.0718 -0.0073 0.0218 0.0751 0.0073 0.0211 0.0766 -0.0073 0.0285 0.0751 -0.0073 0.0211 0.0766 0.0073 0.0285 0.0718 0.0073 0.0218 0.0766 0.0073 0.0285 0.0751 0.0073 0.0211 0.0766 0.0073 0.0285 0.0718 0.0073 0.0218 0.073 0.0073 0.0297 0.073 -0.0074 0.0421 0.073 0.0073 0.0297 0.073 -0.0073 0.0297 0.073 0.0074 0.0421 0.0689 -0.0073 0.017 0.0643 -0.0074 0.0111 0.0716 -0.0074 0.0144 0.0643 -0.0074 0.0111 0.0689 -0.0073 0.017 0.0626 -0.0073 0.014 0.0626 -0.0073 0.014 0.0689 0.0073 0.017 0.0626 0.0073 0.014 0.0689 -0.0073 0.017 0.0643 0.0074 0.0111 0.0716 -0.0074 0.0144 0.0643 -0.0074 0.0111 0.0716 0.0074 0.0144 0.0689 0.0073 0.017 0.0716 0.0074 0.0144 0.0643 0.0074 0.0111 0.0626 0.0073 0.014 0.0689 0.0073 0.017 0.0643 0.0074 0.0111 0.0716 0.0074 0.0144 0.0751 -0.0073 0.0211 0.0716 -0.0074 0.0144 0.0751 0.0073 0.0211 0.0718 -0.0073 0.0218 0.0716 -0.0074 0.0144 0.0751 -0.0073 0.0211 0.0716 -0.0074 0.0144 0.0718 -0.0073 0.0218 0.0689 -0.0073 0.017 0.0718 -0.0073 0.0218 0.0689 0.0073 0.017 0.0689 -0.0073 0.017 0.0718 0.0073 0.0218 0.0771 -0.0074 0.0421 0.073 0.0074 0.0421 0.073 -0.0074 0.0421 0.0771 0.0074 0.0421 0.0506 0.0073 0.0095 0.0643 -0.0074 0.0111 0.0506 -0.0073 0.0095 0.0643 0.0074 0.0111 0.0626 -0.0073 0.014 0.0506 -0.0073 0.0095 0.0643 -0.0074 0.0111 0.0506 -0.0073 0.0095 0.0626 -0.0073 0.014 0.0503 -0.0073 0.0121 0.0506 0.0073 0.0095 0.0626 0.0073 0.014 0.0643 0.0074 0.0111 0.0626 0.0073 0.014 0.0506 0.0073 0.0095 0.0503 0.0073 0.0121 0.073 0.0073 0.0297 0.0771 0.0074 0.0421 0.0766 0.0073 0.0285 0.0771 0.0074 0.0421 0.073 0.0073 0.0297 0.073 0.0074 0.0421 0.0766 0.0073 0.0285 0.0771 -0.0074 0.0421 0.0766 -0.0073 0.0285 0.0771 0.0074 0.0421 0.0771 -0.0074 0.0421 0.073 -0.0073 0.0297 0.0766 -0.0073 0.0285 0.073 -0.0074 0.0421 0.073 -0.0073 0.0297 0.0771 -0.0074 0.0421 0.0503 -0.0073 0.0121 0.0626 0.0073 0.014 0.0503 0.0073 0.0121 0.0626 -0.0073 0.014 0.0317 -0.0073 0.0096 0.0317 0.0073 0.0096 0.0506 0.0073 0.0095 0.0506 -0.0073 0.0095 0.0503 -0.0073 0.0121 0.0317 -0.0073 0.0096 0.0506 -0.0073 0.0095 0.0317 -0.0073 0.0096 0.0503 -0.0073 0.0121 0.0306 -0.0073 0.0153 0.0317 0.0073 0.0096 0.0503 0.0073 0.0121 0.0506 0.0073 0.0095 0.0503 0.0073 0.0121 0.0317 0.0073 0.0096 0.0306 0.0073 0.0153 0.0222 0.0074 0.0114 0.0317 -0.0073 0.0096 0.0222 -0.0074 0.0114 0.0317 0.0073 0.0096 0.0306 -0.0073 0.0153 0.0222 -0.0074 0.0114 0.0317 -0.0073 0.0096 0.0222 -0.0074 0.0114 0.0306 -0.0073 0.0153 0.0243 -0.0074 0.021 0.0222 0.0074 0.0114 0.0306 0.0073 0.0153 0.0317 0.0073 0.0096 0.0222 0.0074 0.0114 0.0243 0.0074 0.021 0.0306 0.0073 0.0153 0.0243 -0.0074 0.021 0.0306 0.0073 0.0153 0.0243 0.0074 0.021 0.0306 -0.0073 0.0153 0.0306 0.0073 0.0153 0.0306 -0.0073 0.0153 0.0503 -0.0073 0.0121 0.0503 0.0073 0.0121 0.0222 -0.0074 0.0114 0.0243 0.0074 0.021 0.0222 0.0074 0.0114 0.0243 -0.0074 0.021 -0.0372 -0.0034 0.0757 -0.039 0.0034 0.0724 -0.039 -0.0034 0.0724 -0.0372 0.0034 0.0757 -0.0347 -0.004 0.077 -0.0372 0.0034 0.0757 -0.0372 -0.0034 0.0757 -0.0347 0.004 0.077 -0.039 -0.0034 0.0724 -0.0386 0.004 0.0696 -0.0386 -0.004 0.0696 -0.039 0.0034 0.0724 -0.0318 -0.0053 0.0637 -0.0347 -0.004 0.077 -0.0386 -0.004 0.0696 -0.039 -0.0034 0.0724 -0.0347 -0.004 0.077 -0.0372 -0.0034 0.0757 -0.0347 -0.004 0.077 -0.0318 -0.0053 0.0637 -0.0226 -0.0053 0.0729 -0.0386 -0.004 0.0696 -0.0318 0.0053 0.0637 -0.0347 0.004 0.077 -0.0226 0.0053 0.0729 -0.0347 0.004 0.077 -0.039 0.0034 0.0724 -0.0372 0.0034 0.0757 -0.0386 0.004 0.0696 -0.0347 0.004 0.077 -0.0318 0.0053 0.0637 -0.0386 0.004 0.0696 -0.0318 0.0053 0.0637 -0.0386 -0.004 0.0696 -0.0386 0.004 0.0696 -0.0318 -0.0053 0.0637 -0.0226 -0.0053 0.0729 -0.0347 0.004 0.077 -0.0347 -0.004 0.077 -0.0226 0.0053 0.0729 -0.0226 -0.0053 0.0729 -0.0318 -0.0053 0.0637 -0.0318 0.0053 0.0637 -0.0226 0.0053 0.0729 0.137 -0.0022 0.0837 0.1326 0.0022 0.0775 0.1326 -0.0022 0.0775 0.137 0.0022 0.0837 0.1492 -0.0022 0.0775 0.137 -0.0022 0.0837 0.1326 -0.0022 0.0775 0.1487 -0.0022 0.0809 0.1492 0.0022 0.0775 0.1487 -0.0022 0.0809 0.1492 -0.0022 0.0775 0.1487 0.0022 0.0809 0.1492 0.0022 0.0775 0.1326 0.0022 0.0775 0.137 0.0022 0.0837 0.1487 0.0022 0.0809 0.1487 0.0022 0.0809 0.137 0.0022 0.0837 0.1487 -0.0022 0.0809 0.137 -0.0022 0.0837 0.1492 -0.0022 0.0775 0.1326 0.0022 0.0775 0.1492 0.0022 0.0775 0.1326 -0.0022 0.0775 0.0468 0.0042 0.0219 0.0462 0.0042 0.0166 0.0429 0.0042 0.0205 0.0473 0.0041 0.0164 0.049 0.0041 0.0182 0.0488 0.0041 0.0172 0.049 0.0041 0.0182 0.0462 0.0042 0.0166 0.0468 0.0042 0.0219 0.0462 0.0042 0.0166 0.049 0.0041 0.0182 0.0473 0.0041 0.0164 0.0462 0.0042 0.0166 0.0473 -0.0041 0.0164 0.0462 -0.0042 0.0166 0.0473 0.0041 0.0164 0.0488 0.0041 0.0172 0.049 -0.0041 0.0182 0.0488 -0.0041 0.0172 0.049 0.0041 0.0182 0.0406 -0.0042 0.0243 0.0406 0.0042 0.0243 0.0429 0.0042 0.0205 0.0429 -0.0042 0.0205 0.0429 0.0042 0.0205 0.0458 0.0042 0.0261 0.0468 0.0042 0.0219 0.0458 0.0042 0.0261 0.0406 0.0042 0.0243 0.0458 -0.0042 0.0261 0.0429 -0.0042 0.0205 0.0468 -0.0042 0.0219 0.0429 -0.0042 0.0205 0.0458 -0.0042 0.0261 0.0406 -0.0042 0.0243 0.0468 0.0042 0.0219 0.0458 -0.0042 0.0261 0.0468 -0.0042 0.0219 0.0458 0.0042 0.0261 0.0387 0.0042 0.0288 0.0335 -0.0042 0.0287 0.0335 0.0042 0.0287 0.0387 -0.0042 0.0288 0.0301 0.0042 0.0318 0.0335 -0.0042 0.0287 0.0301 -0.0042 0.0318 0.0335 0.0042 0.0287 0.0383 -0.0042 0.037 0.0298 0.0041 0.037 0.0298 -0.0041 0.037 0.0383 0.0042 0.037 0.0298 0.0041 0.037 0.0301 0.0042 0.0318 0.0301 -0.0042 0.0318 0.0298 -0.0041 0.037 0.0298 0.0041 0.037 0.0383 0.0042 0.037 0.0301 0.0042 0.0318 0.0383 0.0042 0.037 0.0387 0.0042 0.0288 0.0335 0.0042 0.0287 0.0301 0.0042 0.0318 0.0383 0.0042 0.037 0.0335 0.0042 0.0287 0.0461 -0.0042 0.0309 0.0479 0.0041 0.0401 0.0479 -0.0041 0.0401 0.0461 0.0042 0.0309 0.0461 -0.0042 0.0309 0.0387 -0.0042 0.0288 0.0458 -0.0042 0.0261 0.0387 -0.0042 0.0288 0.0473 0.0041 0.0164 0.0488 -0.0041 0.0172 0.0473 -0.0041 0.0164 0.0488 0.0041 0.0172 0.0468 0.0042 0.0219 0.0468 -0.0042 0.0219 0.049 0.0041 0.0182 0.049 -0.0041 0.0182 0.0473 -0.0041 0.0164 0.049 -0.0041 0.0182 0.0462 -0.0042 0.0166 0.049 -0.0041 0.0182 0.0473 -0.0041 0.0164 0.0488 -0.0041 0.0172 0.0462 -0.0042 0.0166 0.0468 -0.0042 0.0219 0.0462 -0.0042 0.0166 0.049 -0.0041 0.0182 0.0468 -0.0042 0.0219 0.0387 -0.0042 0.0288 0.0406 0.0042 0.0243 0.0406 -0.0042 0.0243 0.0387 0.0042 0.0288 0.0461 -0.0042 0.0309 0.0458 -0.0042 0.0261 0.0458 0.0042 0.0261 0.0461 0.0042 0.0309 0.0429 -0.0042 0.0205 0.0462 0.0042 0.0166 0.0462 -0.0042 0.0166 0.0429 0.0042 0.0205 0.0383 -0.0042 0.037 0.0387 -0.0042 0.0288 0.0461 -0.0042 0.0309 0.0479 -0.0041 0.0401 0.0383 -0.0042 0.037 0.0461 -0.0042 0.0309 0.0461 0.0042 0.0309 0.0383 0.0042 0.037 0.0479 0.0041 0.0401 0.0383 0.0042 0.037 0.0461 0.0042 0.0309 0.0387 0.0042 0.0288 0.0301 -0.0042 0.0318 0.0383 -0.0042 0.037 0.0298 -0.0041 0.037 0.0335 -0.0042 0.0287 0.0383 -0.0042 0.037 0.0301 -0.0042 0.0318 0.0383 -0.0042 0.037 0.0335 -0.0042 0.0287 0.0387 -0.0042 0.0288 0.0458 0.0042 0.0261 0.0387 0.0042 0.0288 0.0461 0.0042 0.0309 0.0387 0.0042 0.0288 0.0479 -0.0041 0.0401 0.0383 0.0042 0.037 0.0383 -0.0042 0.037 0.0479 0.0041 0.0401 0.1585 0.0026 0.0566 0.1585 0 0.0537 0.1585 0.0152 0.0537 0.1585 0 0.0566 0.1585 0.0086 0.0653 0.1585 0.0119 0.0776 0.1585 0.0067 0.0706 0.1585 0.0066 0.0605 0.1585 0.0028 0.0732 0.1585 0 0.0776 0.1585 0 0.0735 0.1585 0.0163 0.0537 0.1342 0.0152 0.0537 0.1342 0.0163 0.0537 0.1585 0.0152 0.0537 -0.0314 0.0161 0.0665 -0.0257 0.0165 0.0537 -0.0336 0.0162 0.0537 -0.0257 0.0165 0.0537 -0.0314 0.0161 0.0665 -0.0259 0.0164 0.0701 -0.0345 0 0.0537 -0.0314 0.0161 0.0665 -0.0336 0.0162 0.0537 -0.0314 0.0161 0.0665 -0.0345 0 0.0537 -0.0316 0 0.0668 -0.0257 0.0165 0.0537 -0.0216 0.0165 0.0689 -0.0173 0.0165 0.0537 -0.0216 0.0165 0.0689 -0.0257 0.0165 0.0537 -0.0259 0.0164 0.0701 0.1098 0.0163 0.0537 0.1342 0.0163 0.0537 0.1098 0.0163 0.0473 0.1342 0.0163 0.0473 -0.0157 0.0165 0.0473 0.0251 0.0165 0.0537 0.0251 0.0165 0.0473 -0.0173 0.0165 0.0537 0.0251 0.0165 0.0537 0.0279 0.0163 0.0688 0.028 0.0163 0.0537 0.0279 0.0163 0.0688 0.0251 0.0165 0.0537 0.025 0.0165 0.069 0.0304 0.0157 0.0475 0.0304 0.0163 0.0537 0.0305 0.0163 0.0473 0.0304 0.0163 0.0537 0.0304 0.0157 0.0475 0.0303 0.0157 0.0537 0.028 0.0157 0.0681 0.028 0.0163 0.0537 0.0279 0.0163 0.0688 0.028 0.0163 0.0537 0.028 0.0157 0.0681 0.0281 0.0157 0.0537 0.0304 0.0163 0.0537 0.0788 0.0163 0.0688 0.0789 0.0163 0.0537 0.0303 0.0163 0.0688 0.1342 0.0163 0.0537 0.1585 0.0163 0.0688 0.1585 0.0163 0.0537 0.1342 0.0163 0.0688 0.0789 0.0163 0.0537 0.1097 0.0163 0.0688 0.1097 0.0163 0.0688 0.1342 0.012 0.0776 0.1098 0 0.0776 0.1342 0 0.0776 0.1097 0.012 0.0776 0.1097 0.0163 0.0688 0.1342 0.012 0.0776 0.1342 0.0163 0.0688 0.1097 0.012 0.0776 0.1342 0.0152 0.0478 0.1342 0 0.0473 0.1342 0.0163 0.0473 0.1342 0 0.0479 0.1585 0.0163 0.0537 0.1585 0.0163 0.0688 0.1585 0.012 0.0776 0.1342 0.0163 0.0537 0.1342 0.0152 0.0537 0.1098 0 0.0776 0.1094 0.0108 0.0762 0.1095 0 0.0761 0.1094 0.0108 0.0762 0.1098 0 0.0776 0.1097 0.012 0.0776 0.0791 0.0108 0.0762 0.0788 0.0163 0.0688 0.0788 0.012 0.0777 0.0788 0.0163 0.0688 0.0791 0.0108 0.0762 0.0791 0.0135 0.069 0.0788 0.012 0.0777 0.0789 0 0.0777 0.0791 0.0108 0.0762 0.0792 0 0.0762 0.0791 0.0108 0.0762 0.0789 0 0.0777 0.0789 0.0163 0.0473 0.0305 0.0163 0.0473 0.0789 0.0163 0.0473 0.1094 0.0108 0.0762 0.1097 0.0163 0.0688 0.1094 0.0135 0.069 0.1097 0.0163 0.0688 0.1094 0.0108 0.0762 0.1097 0.012 0.0776 0.0788 0.012 0.0777 0.0304 0 0.0777 0.0789 0 0.0777 0.0788 0.012 0.0777 0.0303 0.0121 0.0777 0.0304 0 0.0777 0.1097 0.0163 0.0688 0.0791 0.0135 0.069 0.1094 0.0135 0.069 0.0791 0.0135 0.069 0.1097 0.0163 0.0688 0.0788 0.0163 0.0688 0.0303 0.0163 0.0688 0.0788 0.012 0.0777 0.0788 0.0163 0.0688 0.0303 0.0121 0.0777 -0.0108 0.0078 0.0772 -0.0154 0.0065 0.082 -0.0113 0.0065 0.082 -0.0159 0.0078 0.0771 -0.016 0.0025 0.0771 -0.0154 0.0065 0.082 -0.0159 0.0078 0.0771 -0.0155 0.0022 0.082 -0.0108 0.0025 0.0773 -0.0155 0.0022 0.082 -0.016 0.0025 0.0771 -0.0113 0.0022 0.0821 -0.0113 0.0065 0.082 -0.0108 0.0025 0.0773 -0.0108 0.0078 0.0772 -0.0113 0.0022 0.0821 -0.0113 0.0022 0.0821 -0.0154 0.0065 0.082 -0.0155 0.0022 0.082 -0.0154 0.0065 0.082 -0.0113 0.0022 0.0821 -0.0113 0.0065 0.082 -0.0108 0.0025 0.0773 -0.0159 0.0078 0.0771 -0.0108 0.0078 0.0772 -0.016 0.0025 0.0771 -0.0159 0.0078 0.0771 -0.0108 0.0025 0.0773 0.0281 0.0163 0.0473 0.028 0.0163 0.0537 0.0281 0.0157 0.0475 0.0281 0.0157 0.0537 0.0281 0.0157 0.0475 0.028 0.0163 0.0537 0.0304 0 0.0777 0.0302 0.0118 0.0763 0.0303 0 0.0763 0.0302 0.0118 0.0763 0.0304 0 0.0777 0.0303 0.0121 0.0777 0.0279 0.0121 0.0777 0.028 0 0.0777 0.028 0.0118 0.0763 0.0281 0 0.0764 0.028 0.0118 0.0763 0.028 0 0.0777 0.028 0.0118 0.0763 0.0279 0.0163 0.0688 0.0279 0.0121 0.0777 0.028 0.0157 0.0681 0.0302 0.0157 0.0681 0.0304 0.0163 0.0537 0.0303 0.0157 0.0537 0.0303 0.0163 0.0688 0.0304 0.0163 0.0537 0.0302 0.0157 0.0681 0.0303 0.0163 0.0688 0.0302 0.0118 0.0763 0.0303 0.0121 0.0777 0.0302 0.0157 0.0681 0.0251 0.0165 0.0473 0.028 0.0163 0.0537 0.0281 0.0163 0.0473 0.028 0.0163 0.0537 0.0251 0.0165 0.0473 0.0251 0.0165 0.0537 0.0279 0.0121 0.0777 0.025 0 0.0782 0.028 0 0.0777 0.025 0.0121 0.078 0.025 0 0.0782 0.0279 0.0121 0.0777 0.025 0.0165 0.069 0.0279 0.0121 0.0777 0.0279 0.0163 0.0688 0.025 0.0121 0.078 0.1585 0.0086 0.0653 0.1104 0.0064 0.0702 0.1104 0.0083 0.065 0.1585 0.0067 0.0706 0.1585 0.0028 0.0732 0.1104 0 0.0731 0.1104 0.0025 0.0728 0.1104 0 0.0731 0.1585 0.0028 0.0732 0.1585 0 0.0735 0.1585 0.0026 0.0566 0.1107 0 0.0571 0.1585 0 0.0566 0.1107 0 0.0571 0.1585 0.0026 0.0566 0.1107 0.0023 0.0571 0.1585 0.0086 0.0653 0.1105 0.0063 0.0601 0.1585 0.0066 0.0605 0.1104 0.0083 0.065 0.1585 0.0028 0.0732 0.1104 0.0025 0.0728 0.1104 0.0064 0.0702 0.1585 0.0067 0.0706 0.1585 0.0066 0.0605 0.1107 0.0023 0.0571 0.1585 0.0026 0.0566 0.1107 0.0023 0.0571 0.1585 0.0066 0.0605 0.1105 0.0063 0.0601 0.1104 0.0064 0.0702 0.1105 0.0063 0.0601 0.1104 0.0083 0.065 0.1104 0.0025 0.0728 0.1105 0.0063 0.0601 0.1104 0.0064 0.0702 0.1105 0.0063 0.0601 0.1107 0 0.0571 0.1107 0.0023 0.0571 0.1105 0.0063 0.0601 0.1104 0 0.0731 0.1107 0 0.0571 0.1105 0.0063 0.0601 0.1104 0.0025 0.0728 0.1104 0 0.0731 0.1342 0 0.0473 0.0789 0.0163 0.0473 0.1098 0.0163 0.0473 0.1342 0.0163 0.0473 0.0305 0.0163 0.0473 0.0305 0.0163 0.0473 -0.0358 0 0.0477 0.0281 0.0163 0.0473 0.0305 0.0163 0.0473 0.1342 0 0.0473 -0.0358 0 0.0477 -0.0157 0.0165 0.0473 -0.0255 0.0165 0.0473 -0.0256 0.0165 0.0473 -0.0358 0 0.0477 -0.0346 0.0162 0.0476 -0.0256 0.0165 0.0473 0.0251 0.0165 0.0473 -0.0358 0 0.0477 0.0251 0.0165 0.0473 0.0281 0.0163 0.0473 -0.0358 0 0.0477 -0.0336 0.0162 0.0537 -0.0346 0.0162 0.0476 -0.0336 0.0162 0.0537 -0.0358 0 0.0477 -0.0345 0 0.0537 -0.0257 0.0165 0.0537 -0.0255 0.0165 0.0473 -0.0256 0.0165 0.0473 -0.0255 0.0165 0.0473 -0.0173 0.0165 0.0537 -0.0255 0.0165 0.0473 -0.0257 0.0165 0.0537 -0.0173 0.0165 0.0537 0.025 0.0165 0.069 0.0251 0.0165 0.0537 0.025 0.0165 0.069 -0.0216 0.0165 0.0689 0.1585 0.012 0.0776 0.1585 0.0163 0.0688 -0.0245 0.012 0.0778 0.025 0.0121 0.078 -0.0216 0.0165 0.0689 0.025 0.0165 0.069 -0.0216 0.0165 0.0689 0.025 0.0121 0.078 -0.0216 0.0165 0.0689 -0.0259 0.0164 0.0701 -0.0245 0.012 0.0778 0.025 0 0.0782 -0.0245 0.012 0.0778 -0.0246 0 0.0778 -0.0245 0.012 0.0778 0.025 0 0.0782 0.025 0.0121 0.078 -0.0269 0 0.0707 -0.0314 0.0161 0.0665 -0.0316 0 0.0668 -0.0314 0.0161 0.0665 -0.0269 0 0.0707 -0.0259 0.0164 0.0701 -0.0269 0 0.0707 -0.0245 0.012 0.0778 -0.0259 0.0164 0.0701 -0.0245 0.012 0.0778 -0.0269 0 0.0707 -0.0246 0 0.0778 0.1585 0.0119 0.0776 0.1342 0.012 0.0776 0.1342 0 0.0776 0.1585 0.0119 0.0776 0.1342 0 0.0776 0.1585 0 0.0776 0.1342 0.012 0.0776 0.1585 0.0119 0.0776 0.1585 0.012 0.0776 -0.0336 0.0162 0.0537 -0.0256 0.0165 0.0473 -0.0346 0.0162 0.0476 -0.0336 0.0162 0.0537 -0.0257 0.0165 0.0537 -0.0256 0.0165 0.0473 0.1342 0.0163 0.0688 0.1098 0.0163 0.0537 0.1585 -0.0028 0.0732 0.1585 -0.0119 0.0776 0.1585 -0.0067 0.0706 0.1585 -0.0026 0.0566 0.1585 -0.0152 0.0537 0.1585 -0.0066 0.0605 0.1585 -0.0086 0.0653 0.1585 -0.0163 0.0537 0.1342 -0.0163 0.0537 0.1342 -0.0152 0.0537 0.1585 -0.0152 0.0537 -0.0257 -0.0165 0.0537 -0.0314 -0.0161 0.0665 -0.0336 -0.0162 0.0537 -0.0314 -0.0161 0.0665 -0.0257 -0.0165 0.0537 -0.0259 -0.0164 0.0701 -0.0314 -0.0161 0.0665 -0.0316 0 0.0668 -0.0345 0 0.0537 -0.0314 -0.0161 0.0665 -0.0345 0 0.0537 -0.0336 -0.0162 0.0537 -0.0257 -0.0165 0.0537 -0.0173 -0.0165 0.0537 -0.0216 -0.0165 0.0689 -0.0259 -0.0164 0.0701 -0.0257 -0.0165 0.0537 -0.0216 -0.0165 0.0689 0.1342 -0.0163 0.0537 0.1098 -0.0163 0.0537 0.1098 -0.0163 0.0473 0.1342 -0.0163 0.0473 0.0251 -0.0165 0.0537 -0.0173 -0.0165 0.0537 -0.0157 -0.0165 0.0473 0.0251 -0.0165 0.0473 0.0251 -0.0165 0.0537 0.0279 -0.0163 0.0688 0.025 -0.0165 0.069 0.0279 -0.0163 0.0688 0.0251 -0.0165 0.0537 0.028 -0.0163 0.0537 0.0304 -0.0157 0.0475 0.0304 -0.0163 0.0537 0.0303 -0.0157 0.0537 0.0304 -0.0163 0.0537 0.0304 -0.0157 0.0475 0.0305 -0.0163 0.0473 0.028 -0.0157 0.0681 0.028 -0.0163 0.0537 0.0281 -0.0157 0.0537 0.028 -0.0163 0.0537 0.028 -0.0157 0.0681 0.0279 -0.0163 0.0688 0.0788 -0.0163 0.0688 0.0304 -0.0163 0.0537 0.0789 -0.0163 0.0537 0.0303 -0.0163 0.0688 0.1342 -0.0163 0.0537 0.1585 -0.0163 0.0688 0.1342 -0.0163 0.0688 0.1585 -0.0163 0.0537 0.1097 -0.0163 0.0688 0.0789 -0.0163 0.0537 0.1097 -0.0163 0.0688 0.1342 0 0.0776 0.1098 0 0.0776 0.1342 -0.012 0.0776 0.1097 -0.012 0.0776 0.1342 -0.012 0.0776 0.1097 -0.0163 0.0688 0.1342 -0.0163 0.0688 0.1097 -0.012 0.0776 0.1342 -0.0152 0.0478 0.1342 -0.0163 0.0473 0.1585 -0.0163 0.0688 0.1585 -0.0163 0.0537 0.1585 -0.012 0.0776 0.1342 -0.0163 0.0537 0.1342 -0.0152 0.0537 0.1094 -0.0108 0.0762 0.1098 0 0.0776 0.1095 0 0.0761 0.1098 0 0.0776 0.1094 -0.0108 0.0762 0.1097 -0.012 0.0776 0.0791 -0.0108 0.0762 0.0788 -0.0163 0.0688 0.0791 -0.0135 0.069 0.0788 -0.0163 0.0688 0.0791 -0.0108 0.0762 0.0788 -0.012 0.0777 0.0789 0 0.0777 0.0791 -0.0108 0.0762 0.0792 0 0.0762 0.0791 -0.0108 0.0762 0.0789 0 0.0777 0.0788 -0.012 0.0777 0.0789 -0.0163 0.0473 0.0305 -0.0163 0.0473 0.0789 -0.0163 0.0473 0.1097 -0.0163 0.0688 0.1097 -0.012 0.0776 0.1094 -0.0108 0.0762 0.1097 -0.0163 0.0688 0.1094 -0.0108 0.0762 0.1094 -0.0135 0.069 0.0788 -0.012 0.0777 0.0303 -0.0121 0.0777 0.0788 -0.012 0.0777 0.0304 0 0.0777 0.1097 -0.0163 0.0688 0.0791 -0.0135 0.069 0.0788 -0.0163 0.0688 0.0791 -0.0135 0.069 0.1097 -0.0163 0.0688 0.1094 -0.0135 0.069 0.0788 -0.012 0.0777 0.0303 -0.0163 0.0688 0.0788 -0.0163 0.0688 0.0303 -0.0121 0.0777 -0.0108 -0.0078 0.0772 -0.0154 -0.0065 0.082 -0.0159 -0.0078 0.0771 -0.0113 -0.0065 0.082 -0.016 -0.0025 0.0771 -0.0159 -0.0078 0.0771 -0.0154 -0.0065 0.082 -0.0155 -0.0022 0.082 -0.0155 -0.0022 0.082 -0.0113 -0.0022 0.0821 -0.0108 -0.0025 0.0773 -0.016 -0.0025 0.0771 -0.0108 -0.0025 0.0773 -0.0113 -0.0065 0.082 -0.0108 -0.0078 0.0772 -0.0113 -0.0022 0.0821 -0.0113 -0.0022 0.0821 -0.0154 -0.0065 0.082 -0.0113 -0.0065 0.082 -0.0155 -0.0022 0.082 -0.0154 -0.0065 0.082 -0.0113 -0.0022 0.0821 -0.0108 -0.0025 0.0773 -0.0159 -0.0078 0.0771 -0.016 -0.0025 0.0771 -0.0159 -0.0078 0.0771 -0.0108 -0.0025 0.0773 -0.0108 -0.0078 0.0772 0.028 -0.0163 0.0537 0.0281 -0.0163 0.0473 0.0281 -0.0157 0.0475 0.0281 -0.0157 0.0475 0.0281 -0.0157 0.0537 0.028 -0.0163 0.0537 0.0302 -0.0118 0.0763 0.0304 0 0.0777 0.0303 0 0.0763 0.0304 0 0.0777 0.0302 -0.0118 0.0763 0.0303 -0.0121 0.0777 0.028 0 0.0777 0.028 -0.0118 0.0763 0.0281 0 0.0764 0.028 -0.0118 0.0763 0.028 0 0.0777 0.0279 -0.0121 0.0777 0.0279 -0.0163 0.0688 0.028 -0.0118 0.0763 0.0279 -0.0121 0.0777 0.028 -0.0157 0.0681 0.0304 -0.0163 0.0537 0.0302 -0.0157 0.0681 0.0303 -0.0157 0.0537 0.0304 -0.0163 0.0537 0.0303 -0.0163 0.0688 0.0302 -0.0157 0.0681 0.0303 -0.0163 0.0688 0.0303 -0.0121 0.0777 0.0302 -0.0118 0.0763 0.0302 -0.0157 0.0681 0.0251 -0.0165 0.0473 0.028 -0.0163 0.0537 0.0251 -0.0165 0.0537 0.028 -0.0163 0.0537 0.0251 -0.0165 0.0473 0.0281 -0.0163 0.0473 0.025 0 0.0782 0.025 -0.0121 0.078 0.0279 -0.0121 0.0777 0.0279 -0.0121 0.0777 0.028 0 0.0777 0.025 0 0.0782 0.0279 -0.0121 0.0777 0.025 -0.0165 0.069 0.0279 -0.0163 0.0688 0.025 -0.0121 0.078 0.1104 -0.0064 0.0702 0.1585 -0.0086 0.0653 0.1104 -0.0083 0.065 0.1585 -0.0067 0.0706 0.1104 0 0.0731 0.1585 -0.0028 0.0732 0.1104 -0.0025 0.0728 0.1585 -0.0028 0.0732 0.1104 0 0.0731 0.1585 0 0.0735 0.1585 -0.0026 0.0566 0.1107 0 0.0571 0.1107 -0.0023 0.0571 0.1585 -0.0026 0.0566 0.1104 -0.0083 0.065 0.1585 -0.0086 0.0653 0.1105 -0.0063 0.0601 0.1585 -0.0066 0.0605 0.1585 -0.0028 0.0732 0.1104 -0.0064 0.0702 0.1104 -0.0025 0.0728 0.1585 -0.0067 0.0706 0.1585 -0.0066 0.0605 0.1107 -0.0023 0.0571 0.1105 -0.0063 0.0601 0.1107 -0.0023 0.0571 0.1585 -0.0066 0.0605 0.1585 -0.0026 0.0566 0.1107 0 0.0571 0.1105 -0.0063 0.0601 0.1107 -0.0023 0.0571 0.1104 -0.0025 0.0728 0.1105 -0.0063 0.0601 0.1104 0 0.0731 0.1105 -0.0063 0.0601 0.1104 -0.0025 0.0728 0.1104 -0.0064 0.0702 0.1105 -0.0063 0.0601 0.1107 0 0.0571 0.1104 0 0.0731 0.1105 -0.0063 0.0601 0.1104 -0.0064 0.0702 0.1104 -0.0083 0.065 0.0789 -0.0163 0.0473 0.1342 0 0.0473 0.1098 -0.0163 0.0473 0.0251 -0.0165 0.0473 -0.0358 0 0.0477 0.0281 -0.0163 0.0473 0.1342 -0.0163 0.0473 0.0305 -0.0163 0.0473 0.1342 0 0.0473 0.0305 -0.0163 0.0473 -0.0358 0 0.0477 -0.0346 -0.0162 0.0476 -0.0358 0 0.0477 -0.0256 -0.0165 0.0473 -0.0358 0 0.0477 -0.0157 -0.0165 0.0473 -0.0255 -0.0165 0.0473 0.0305 -0.0163 0.0473 0.0281 -0.0163 0.0473 0.0251 -0.0165 0.0473 -0.0256 -0.0165 0.0473 -0.0336 -0.0162 0.0537 -0.0345 0 0.0537 -0.0358 0 0.0477 -0.0336 -0.0162 0.0537 -0.0358 0 0.0477 -0.0346 -0.0162 0.0476 -0.0255 -0.0165 0.0473 -0.0257 -0.0165 0.0537 -0.0256 -0.0165 0.0473 -0.0255 -0.0165 0.0473 -0.0173 -0.0165 0.0537 -0.0257 -0.0165 0.0537 -0.0255 -0.0165 0.0473 0.025 -0.0165 0.069 -0.0173 -0.0165 0.0537 0.0251 -0.0165 0.0537 0.025 -0.0165 0.069 -0.0216 -0.0165 0.0689 0.1585 -0.012 0.0776 0.1585 -0.0163 0.0688 0.025 -0.0121 0.078 -0.0216 -0.0165 0.0689 0.025 -0.0165 0.069 -0.0216 -0.0165 0.0689 0.025 -0.0121 0.078 -0.0245 -0.012 0.0778 -0.0216 -0.0165 0.0689 -0.0245 -0.012 0.0778 -0.0259 -0.0164 0.0701 0.025 0 0.0782 -0.0245 -0.012 0.0778 0.025 -0.0121 0.078 0.025 0 0.0782 -0.0246 0 0.0778 -0.0245 -0.012 0.0778 -0.0314 -0.0161 0.0665 -0.0269 0 0.0707 -0.0316 0 0.0668 -0.0269 0 0.0707 -0.0314 -0.0161 0.0665 -0.0259 -0.0164 0.0701 -0.0245 -0.012 0.0778 -0.0269 0 0.0707 -0.0259 -0.0164 0.0701 -0.0269 0 0.0707 -0.0245 -0.012 0.0778 -0.0246 0 0.0778 0.1585 0 0.0776 0.1342 0 0.0776 0.1585 -0.0119 0.0776 0.1585 -0.0119 0.0776 0.1342 -0.012 0.0776 0.1585 -0.012 0.0776 0.1342 -0.012 0.0776 0.1585 -0.0119 0.0776 0.1342 0 0.0776 -0.0256 -0.0165 0.0473 -0.0336 -0.0162 0.0537 -0.0346 -0.0162 0.0476 -0.0336 -0.0162 0.0537 -0.0256 -0.0165 0.0473 -0.0257 -0.0165 0.0537 0.1098 -0.0163 0.0537 0.1342 -0.0163 0.0688 0.0083 0 -0.044 0.0045 0.0138 -0.044 0.0083 0.012 -0.044 -0.0267 0 -0.044 -0.0267 0.0138 -0.044 -0.0259 0.0138 -0.0414 -0.0353 0.0138 -0.034 -0.0345 0.0138 -0.0314 -0.0267 0.0138 -0.044 -0.039 0.0107 -0.028 -0.039 0 -0.028 -0.0382 0.0107 -0.0254 0.0053 0.0138 -0.0414 0.0083 0.012 -0.044 0.0045 0.0138 -0.044 0.0091 0.012 -0.0414 -0.0345 0.0138 -0.0314 -0.039 0.0107 -0.028 -0.0382 0.0107 -0.0254 -0.0353 0.0138 -0.034 -0.0353 0.0138 -0.034 -0.0267 0.0138 -0.044 -0.0267 0 -0.044 -0.0353 0.0138 -0.034 -0.039 0 -0.028 -0.039 0.0107 -0.028 -0.039 0 -0.028 -0.0353 0.0138 -0.034 -0.0267 0 -0.044 0.0045 0.0138 -0.044 0.0053 0.0138 -0.0414 0.0091 0.012 -0.0414 0.0091 0 -0.0414 0.0083 0.012 -0.044 0.0045 -0.0138 -0.044 -0.0267 -0.0138 -0.044 0.0083 -0.012 -0.044 -0.0259 -0.0138 -0.0414 -0.0345 -0.0138 -0.0314 -0.0353 -0.0138 -0.034 -0.0267 -0.0138 -0.044 -0.0382 0 -0.0254 -0.0382 -0.0107 -0.0254 -0.039 -0.0107 -0.028 0.0083 -0.012 -0.044 0.0053 -0.0138 -0.0414 0.0045 -0.0138 -0.044 0.0091 -0.012 -0.0414 -0.0345 -0.0138 -0.0314 -0.0382 -0.0107 -0.0254 -0.039 -0.0107 -0.028 -0.0353 -0.0138 -0.034 -0.0353 -0.0138 -0.034 -0.0267 -0.0138 -0.044 -0.0353 -0.0138 -0.034 -0.039 -0.0107 -0.028 -0.039 0 -0.028 -0.0267 0 -0.044 -0.0353 -0.0138 -0.034 0.0045 -0.0138 -0.044 0.0053 -0.0138 -0.0414 0.0083 0 -0.044 0.0083 -0.012 -0.044 0.0091 -0.012 -0.0414 0.161 0.0023 0.0716 0.1229 -0.0023 0.0716 0.1229 0.0023 0.0716 0.161 -0.0023 0.0716 0.161 0.0059 0.0689 0.1229 0.0023 0.0716 0.1229 0.0059 0.0689 0.161 0.0023 0.0716 0.161 0.0059 0.0603 0.1229 0.0073 0.0646 0.1229 0.0059 0.0603 0.161 0.0073 0.0646 0.161 0.0023 0.0577 0.1229 0.0059 0.0603 0.1229 0.0023 0.0577 0.161 0.0059 0.0603 0.161 -0.0023 0.0577 0.1229 0.0023 0.0577 0.1229 -0.0023 0.0577 0.161 0.0023 0.0577 0.161 -0.0059 0.0603 0.1229 -0.0023 0.0577 0.1229 -0.0059 0.0603 0.161 -0.0023 0.0577 0.161 0.0073 0.0646 0.1229 0.0059 0.0689 0.1229 0.0073 0.0646 0.161 0.0059 0.0689 0.1229 -0.0073 0.0646 0.161 -0.0073 0.0646 0.1229 -0.0059 0.0603 0.161 -0.0059 0.0603 0.1229 -0.0059 0.0689 0.161 -0.0059 0.0689 0.1229 -0.0073 0.0646 0.161 -0.0073 0.0646 0.1229 0.0073 0.0646 0.1229 -0.0023 0.0577 0.1229 0.0059 0.0603 0.1229 -0.0059 0.0689 0.1229 0.0059 0.0689 0.1229 0.0023 0.0716 0.1229 -0.0023 0.0716 0.1229 0.0023 0.0577 0.1229 -0.0073 0.0646 0.1229 -0.0059 0.0603 0.161 -0.0023 0.0716 0.1229 -0.0059 0.0689 0.1229 -0.0023 0.0716 0.161 -0.0059 0.0689 0.161 0.0059 0.0689 0.1605 0.0095 0.0646 0.1605 0.0077 0.0702 0.161 0.0073 0.0646 0.1605 0.0077 0.0702 0.1605 0.0029 0.0737 0.161 0.0023 0.0716 0.161 0.0059 0.0689 0.1605 0.0029 0.0737 0.161 -0.0023 0.0716 0.161 0.0023 0.0716 0.1605 -0.0029 0.0737 0.1605 -0.0077 0.0702 0.161 -0.0023 0.0716 0.1605 -0.0029 0.0737 0.161 -0.0059 0.0689 0.1605 -0.0095 0.0646 0.161 -0.0059 0.0689 0.1605 -0.0077 0.0702 0.161 -0.0073 0.0646 0.161 -0.0073 0.0646 0.1605 -0.0077 0.059 0.161 -0.0059 0.0603 0.1605 -0.0095 0.0646 0.1605 -0.0077 0.059 0.161 -0.0023 0.0577 0.161 -0.0059 0.0603 0.1605 -0.0029 0.0556 0.1605 -0.0029 0.0556 0.1605 0.0029 0.0556 0.161 0.0023 0.0577 0.161 -0.0023 0.0577 0.1605 0.0077 0.059 0.161 0.0023 0.0577 0.1605 0.0029 0.0556 0.161 0.0059 0.0603 0.1605 0.0077 0.059 0.161 0.0073 0.0646 0.161 0.0059 0.0603 0.1605 0.0095 0.0646 0.1204 -0.0029 0.0737 0.1204 -0.0077 0.059 0.1204 -0.0095 0.0646 0.1204 -0.0077 0.0702 0.1204 0.0077 0.059 0.1204 -0.0029 0.0556 0.1204 0.0095 0.0646 0.1204 0.0029 0.0737 0.1204 0.0077 0.0702 0.1204 0.0029 0.0556 0.1605 0.0029 0.0556 0.1204 0.0077 0.059 0.1605 0.0077 0.059 0.1204 0.0029 0.0556 0.1204 0.0095 0.0646 0.1605 0.0077 0.059 0.1204 0.0077 0.059 0.1605 0.0095 0.0646 0.1605 0.0029 0.0737 0.1204 0.0077 0.0702 0.1204 0.0029 0.0737 0.1605 0.0077 0.0702 0.1605 -0.0029 0.0737 0.1204 0.0029 0.0737 0.1204 -0.0029 0.0737 0.1605 0.0029 0.0737 0.1605 -0.0077 0.0702 0.1204 -0.0029 0.0737 0.1204 -0.0077 0.0702 0.1605 -0.0029 0.0737 0.1605 -0.0077 0.0702 0.1204 -0.0077 0.0702 0.1204 -0.0095 0.0646 0.1605 -0.0095 0.0646 0.1605 -0.0095 0.0646 0.1204 -0.0095 0.0646 0.1204 -0.0077 0.059 0.1605 -0.0077 0.059 0.1605 -0.0077 0.059 0.1204 -0.0077 0.059 0.1204 -0.0029 0.0556 0.1605 -0.0029 0.0556 0.1605 -0.0029 0.0556 0.1204 -0.0029 0.0556 0.1204 0.0029 0.0556 0.1605 0.0029 0.0556 0.1204 0.0077 0.0702 0.1605 0.0095 0.0646 0.1204 0.0095 0.0646 0.1605 0.0077 0.0702 0.0251 0.0152 0.048 0.1491 0.0153 0.048 0.0252 0.0152 0.0384 0.1491 0.0153 0.0384 0.0074 0.0152 -0.041 -0.033 0.0152 -0.0274 -0.0259 0.0152 -0.0077 0.014 0.0152 -0.0079 -0.0124 0.0152 0.0141 0.0186 0.0152 0.0104 -0.0227 0.0118 0.0394 -0.0103 0.0152 0.0348 -0.018 0.0118 0.0324 -0.0103 0.0152 0.0348 -0.0227 0.0118 0.0394 -0.0194 0.0152 0.048 -0.0345 0.0138 -0.0314 -0.0257 0.0152 -0.041 -0.0259 0.0138 -0.0414 -0.0343 0.0152 -0.0312 -0.0257 0.0152 -0.041 -0.0345 0.0138 -0.0314 -0.0386 0 -0.0238 -0.0382 0.0107 -0.0254 -0.0382 0 -0.0254 -0.0386 0.0118 -0.0238 0.0053 0.0138 -0.0414 -0.0257 0.0152 -0.041 0.0074 0.0152 -0.041 -0.0259 0.0138 -0.0414 0.0115 0.0132 -0.041 0.0115 0 -0.041 0.0091 0.012 -0.0414 0.0091 0 -0.0414 -0.0382 0.0107 -0.0254 -0.0343 0.0152 -0.0312 -0.0345 0.0138 -0.0314 -0.0343 0.0152 -0.0312 -0.0382 0.0107 -0.0254 -0.0386 0.0118 -0.0238 0.0252 0.0152 0.0384 0.1491 0.0153 0.0384 0.0287 0.0132 0.034 0.1491 0.0129 0.034 0.0287 0.0132 0.034 0.1491 0.0153 0.0384 -0.0103 0.0152 0.0348 0.0251 0.0152 0.048 0.0252 0.0152 0.0384 -0.0194 0.0152 0.048 -0.0324 0 -0.0047 -0.0324 0.0118 -0.0047 -0.0386 0.0118 -0.0238 -0.0386 0 -0.0238 -0.033 0.0152 0.048 -0.0227 0.0118 0.0394 -0.0352 0.0118 0.0397 -0.0227 0.0118 0.0394 -0.033 0.0152 0.048 -0.0194 0.0152 0.048 -0.0124 0.0152 0.0141 -0.0259 0.0152 -0.0077 -0.0199 0.0118 0.0143 -0.0324 0.0118 -0.0047 -0.0199 0.0118 0.0143 -0.0259 0.0152 -0.0077 -0.0259 0.0152 -0.0077 -0.0386 0.0118 -0.0238 -0.0324 0.0118 -0.0047 -0.0386 0.0118 -0.0238 -0.0259 0.0152 -0.0077 -0.033 0.0152 -0.0274 -0.0124 0.0152 0.0141 -0.0199 0.0118 0.0143 -0.018 0.0118 0.0324 -0.0103 0.0152 0.0348 -0.033 0.0152 -0.0274 -0.0343 0.0152 -0.0312 -0.0386 0.0118 -0.0238 0.0115 0.0132 -0.041 0.018 0 -0.0098 0.0115 0 -0.041 0.0287 0.0132 0.034 0.0186 0.0152 0.0104 0.0252 0.0152 0.0384 0.0231 0.0132 0.0104 0.0186 0.0152 0.0104 0.018 0.0132 -0.0098 0.014 0.0152 -0.0079 0.0231 0.0132 0.0104 0.018 0.0132 -0.0098 0.0186 0.0152 0.0104 0.1491 0.0129 0.034 0.0287 0 0.034 0.0287 0.0132 0.034 0.1491 0 0.034 0.0074 0.0152 -0.041 0.018 0.0132 -0.0098 0.0115 0.0132 -0.041 0.018 0.0132 -0.0098 0.0074 0.0152 -0.041 0.014 0.0152 -0.0079 0.0231 0.0132 0.0104 0.0231 0 0.0104 0.018 0 -0.0098 0.018 0.0132 -0.0098 -0.018 0 0.0324 -0.018 0.0118 0.0324 -0.0199 0.0118 0.0143 -0.0199 0 0.0143 -0.0324 0 -0.0047 -0.0199 0.0118 0.0143 -0.0324 0.0118 -0.0047 -0.0199 0 0.0143 -0.0227 0.0118 0.0394 -0.018 0 0.0324 -0.0227 0 0.0394 -0.0227 0.0118 0.0394 -0.0352 0 0.0397 -0.0352 0.0118 0.0397 -0.0227 0 0.0394 -0.0352 0.0118 0.0397 -0.0337 0 0.048 -0.033 0.0152 0.048 -0.0337 0 0.048 -0.0352 0.0118 0.0397 -0.0352 0 0.0397 0.0091 0.012 -0.0414 0.0074 0.0152 -0.041 0.0115 0.0132 -0.041 0.0053 0.0138 -0.0414 -0.0257 0.0152 -0.041 -0.0343 0.0152 -0.0312 0.0231 0.0132 0.0104 0.0287 0 0.034 0.0231 0 0.0104 0.1491 0.0153 0.0384 0.1491 0 0.034 0.1491 0.0129 0.034 0.1491 0 0.048 0.1491 -0.0153 0.048 0.0252 -0.0152 0.0384 0.1491 -0.0153 0.0384 0.0251 -0.0152 0.048 0.0074 -0.0152 -0.041 -0.0259 -0.0152 -0.0077 -0.033 -0.0152 -0.0274 0.014 -0.0152 -0.0079 -0.0124 -0.0152 0.0141 0.0186 -0.0152 0.0104 -0.0227 -0.0118 0.0394 -0.0103 -0.0152 0.0348 -0.0194 -0.0152 0.048 -0.0103 -0.0152 0.0348 -0.0227 -0.0118 0.0394 -0.018 -0.0118 0.0324 -0.0257 -0.0152 -0.041 -0.0345 -0.0138 -0.0314 -0.0259 -0.0138 -0.0414 -0.0345 -0.0138 -0.0314 -0.0257 -0.0152 -0.041 -0.0343 -0.0152 -0.0312 -0.0382 -0.0107 -0.0254 -0.0386 -0.0118 -0.0238 0.0053 -0.0138 -0.0414 -0.0257 -0.0152 -0.041 -0.0259 -0.0138 -0.0414 0.0074 -0.0152 -0.041 0.0091 -0.012 -0.0414 0.0115 -0.0132 -0.041 -0.0343 -0.0152 -0.0312 -0.0386 -0.0118 -0.0238 -0.0382 -0.0107 -0.0254 -0.0343 -0.0152 -0.0312 -0.0382 -0.0107 -0.0254 -0.0345 -0.0138 -0.0314 0.1491 -0.0153 0.0384 0.0252 -0.0152 0.0384 0.0287 -0.0132 0.034 0.1491 -0.0153 0.0384 0.0287 -0.0132 0.034 0.1491 -0.0129 0.034 0.0251 -0.0152 0.048 -0.0103 -0.0152 0.0348 0.0252 -0.0152 0.0384 -0.0194 -0.0152 0.048 -0.0386 -0.0118 -0.0238 -0.0324 -0.0118 -0.0047 -0.0227 -0.0118 0.0394 -0.033 -0.0152 0.048 -0.0352 -0.0118 0.0397 -0.033 -0.0152 0.048 -0.0227 -0.0118 0.0394 -0.0194 -0.0152 0.048 -0.0259 -0.0152 -0.0077 -0.0124 -0.0152 0.0141 -0.0199 -0.0118 0.0143 -0.0259 -0.0152 -0.0077 -0.0199 -0.0118 0.0143 -0.0324 -0.0118 -0.0047 -0.0386 -0.0118 -0.0238 -0.0259 -0.0152 -0.0077 -0.0324 -0.0118 -0.0047 -0.0259 -0.0152 -0.0077 -0.0386 -0.0118 -0.0238 -0.033 -0.0152 -0.0274 -0.0124 -0.0152 0.0141 -0.018 -0.0118 0.0324 -0.0199 -0.0118 0.0143 -0.0103 -0.0152 0.0348 -0.033 -0.0152 -0.0274 -0.0386 -0.0118 -0.0238 -0.0343 -0.0152 -0.0312 0.0115 -0.0132 -0.041 0.018 -0.0132 -0.0098 0.018 0.0132 -0.0098 0.0287 -0.0132 0.034 0.0186 -0.0152 0.0104 0.0231 -0.0132 0.0104 0.0252 -0.0152 0.0384 0.018 -0.0132 -0.0098 0.0231 -0.0132 0.0104 0.0186 -0.0152 0.0104 0.018 -0.0132 -0.0098 0.0186 -0.0152 0.0104 0.014 -0.0152 -0.0079 0.1491 -0.0129 0.034 0.0287 -0.0132 0.034 0.0074 -0.0152 -0.041 0.018 -0.0132 -0.0098 0.014 -0.0152 -0.0079 0.018 -0.0132 -0.0098 0.0074 -0.0152 -0.041 0.0115 -0.0132 -0.041 0.0231 -0.0132 0.0104 0.018 -0.0132 -0.0098 -0.0199 -0.0118 0.0143 -0.018 -0.0118 0.0324 -0.0199 -0.0118 0.0143 -0.0324 -0.0118 -0.0047 -0.018 0.0118 0.0324 -0.0227 -0.0118 0.0394 -0.018 -0.0118 0.0324 -0.0227 -0.0118 0.0394 -0.0352 -0.0118 0.0397 -0.0352 -0.0118 0.0397 -0.0337 0 0.048 -0.0352 -0.0118 0.0397 -0.033 -0.0152 0.048 0.0074 -0.0152 -0.041 0.0091 -0.012 -0.0414 0.0115 -0.0132 -0.041 0.0053 -0.0138 -0.0414 -0.0257 -0.0152 -0.041 -0.0343 -0.0152 -0.0312 0.0231 -0.0132 0.0104 0.0287 -0.0132 0.034 0.0287 0.0132 0.034 0.1491 -0.0153 0.0384 0.1491 -0.0153 0.048 0.1491 0.0153 0.048 0.1491 -0.0129 0.034 0.0183 0.017 0.0726 0.0152 0.0149 0.0726 0.0183 0.0149 0.0726 0.0152 0.017 0.0726 0.0105 0.0149 0.0495 0.0183 0.017 0.0726 0.0183 0.0149 0.0726 0.0105 0.017 0.0495 0.0105 0.017 0.0495 0.0074 0.0149 0.0495 0.0074 0.017 0.0495 0.0105 0.0149 0.0495 0.0152 0.017 0.0726 0.0074 0.017 0.0495 0.0074 0.0149 0.0495 0.0152 0.0149 0.0726 0.0105 0.0149 0.0495 0.0152 0.0149 0.0726 0.0074 0.0149 0.0495 0.0183 0.0149 0.0726 0.0152 0.017 0.0726 0.0105 0.017 0.0495 0.0074 0.017 0.0495 0.0183 0.017 0.0726 0.0114 0.017 0.0726 0.0083 0.0149 0.0726 0.0114 0.0149 0.0726 0.0083 0.017 0.0726 0.0036 0.0149 0.0495 0.0114 0.017 0.0726 0.0114 0.0149 0.0726 0.0036 0.017 0.0495 0.0036 0.017 0.0495 0.0005 0.0149 0.0495 0.0005 0.017 0.0495 0.0036 0.0149 0.0495 0.0083 0.017 0.0726 0.0005 0.017 0.0495 0.0005 0.0149 0.0495 0.0083 0.0149 0.0726 0.0036 0.0149 0.0495 0.0083 0.0149 0.0726 0.0005 0.0149 0.0495 0.0114 0.0149 0.0726 0.0083 0.017 0.0726 0.0036 0.017 0.0495 0.0005 0.017 0.0495 0.0114 0.017 0.0726 0.0042 0.017 0.0726 0.0012 0.0149 0.0726 0.0042 0.0149 0.0726 0.0012 0.017 0.0726 -0.0036 0.0149 0.0495 0.0042 0.017 0.0726 0.0042 0.0149 0.0726 -0.0036 0.017 0.0495 -0.0036 0.017 0.0495 -0.0066 0.0149 0.0495 -0.0066 0.017 0.0495 -0.0036 0.0149 0.0495 0.0012 0.017 0.0726 -0.0066 0.017 0.0495 -0.0066 0.0149 0.0495 0.0012 0.0149 0.0726 -0.0036 0.0149 0.0495 0.0012 0.0149 0.0726 -0.0066 0.0149 0.0495 0.0042 0.0149 0.0726 0.0012 0.017 0.0726 -0.0036 0.017 0.0495 -0.0066 0.017 0.0495 0.0042 0.017 0.0726 -0.0025 0.017 0.0726 -0.0055 0.0149 0.0726 -0.0025 0.0149 0.0726 -0.0055 0.017 0.0726 -0.0102 0.0149 0.0495 -0.0025 0.017 0.0726 -0.0025 0.0149 0.0726 -0.0102 0.017 0.0495 -0.0102 0.017 0.0495 -0.0133 0.0149 0.0495 -0.0133 0.017 0.0495 -0.0102 0.0149 0.0495 -0.0055 0.017 0.0726 -0.0133 0.017 0.0495 -0.0133 0.0149 0.0495 -0.0055 0.0149 0.0726 -0.0102 0.0149 0.0495 -0.0055 0.0149 0.0726 -0.0133 0.0149 0.0495 -0.0025 0.0149 0.0726 -0.0055 0.017 0.0726 -0.0102 0.017 0.0495 -0.0133 0.017 0.0495 -0.0025 0.017 0.0726 0.1585 0.0152 0.0478 0.1585 0 0.0478 0.1585 0.0152 0.0478 0.1342 0 0.0479 0.1342 0.0152 0.0478 0.1342 0 0.0479 0.1585 0.0152 0.0478 0.1585 0 0.0478 0.1342 0.0152 0.0537 0.1585 0.0152 0.0537 0.1342 0.0152 0.0478 0.1585 0.0152 0.0478 0.0281 0.0157 0.0537 0.0302 0.0157 0.0681 0.0303 0.0157 0.0537 0.0302 0.0157 0.0681 0.0281 0.0157 0.0537 0.028 0.0157 0.0681 0.1094 0.0108 0.0762 0.0792 0 0.0762 0.1095 0 0.0761 0.1094 0.0108 0.0762 0.0791 0.0108 0.0762 0.0792 0 0.0762 0.0791 0.0135 0.069 0.1094 0.0108 0.0762 0.1094 0.0135 0.069 0.0791 0.0108 0.0762 0.0305 0.0163 0.0473 0.0281 0.0163 0.0473 0.0304 0.0157 0.0475 0.0281 0.0157 0.0475 0.0281 0.0157 0.0475 0.0304 0.0157 0.0475 0.0302 0.0118 0.0763 0.0281 0 0.0764 0.0303 0 0.0763 0.028 0.0118 0.0763 0.0281 0 0.0764 0.0302 0.0118 0.0763 0.028 0.0157 0.0681 0.0302 0.0118 0.0763 0.0302 0.0157 0.0681 0.028 0.0118 0.0763 0.0183 -0.017 0.0726 0.0152 -0.0149 0.0726 0.0152 -0.017 0.0726 0.0183 -0.0149 0.0726 0.0105 -0.0149 0.0495 0.0183 -0.017 0.0726 0.0105 -0.017 0.0495 0.0183 -0.0149 0.0726 0.0074 -0.0149 0.0495 0.0105 -0.017 0.0495 0.0074 -0.017 0.0495 0.0105 -0.0149 0.0495 0.0152 -0.017 0.0726 0.0074 -0.0149 0.0495 0.0074 -0.017 0.0495 0.0152 -0.0149 0.0726 0.0152 -0.0149 0.0726 0.0105 -0.0149 0.0495 0.0074 -0.0149 0.0495 0.0183 -0.0149 0.0726 0.0105 -0.017 0.0495 0.0152 -0.017 0.0726 0.0074 -0.017 0.0495 0.0183 -0.017 0.0726 0.0114 -0.017 0.0726 0.0083 -0.0149 0.0726 0.0083 -0.017 0.0726 0.0114 -0.0149 0.0726 0.0036 -0.0149 0.0495 0.0114 -0.017 0.0726 0.0036 -0.017 0.0495 0.0114 -0.0149 0.0726 0.0005 -0.0149 0.0495 0.0036 -0.017 0.0495 0.0005 -0.017 0.0495 0.0036 -0.0149 0.0495 0.0083 -0.017 0.0726 0.0005 -0.0149 0.0495 0.0005 -0.017 0.0495 0.0083 -0.0149 0.0726 0.0083 -0.0149 0.0726 0.0036 -0.0149 0.0495 0.0005 -0.0149 0.0495 0.0114 -0.0149 0.0726 0.0036 -0.017 0.0495 0.0083 -0.017 0.0726 0.0005 -0.017 0.0495 0.0114 -0.017 0.0726 0.0042 -0.017 0.0726 0.0012 -0.0149 0.0726 0.0012 -0.017 0.0726 0.0042 -0.0149 0.0726 -0.0036 -0.0149 0.0495 0.0042 -0.017 0.0726 -0.0036 -0.017 0.0495 0.0042 -0.0149 0.0726 -0.0066 -0.0149 0.0495 -0.0036 -0.017 0.0495 -0.0066 -0.017 0.0495 -0.0036 -0.0149 0.0495 0.0012 -0.017 0.0726 -0.0066 -0.0149 0.0495 -0.0066 -0.017 0.0495 0.0012 -0.0149 0.0726 0.0012 -0.0149 0.0726 -0.0036 -0.0149 0.0495 -0.0066 -0.0149 0.0495 0.0042 -0.0149 0.0726 -0.0036 -0.017 0.0495 0.0012 -0.017 0.0726 -0.0066 -0.017 0.0495 0.0042 -0.017 0.0726 -0.0025 -0.017 0.0726 -0.0055 -0.0149 0.0726 -0.0055 -0.017 0.0726 -0.0025 -0.0149 0.0726 -0.0102 -0.0149 0.0495 -0.0025 -0.017 0.0726 -0.0102 -0.017 0.0495 -0.0025 -0.0149 0.0726 -0.0133 -0.0149 0.0495 -0.0102 -0.017 0.0495 -0.0133 -0.017 0.0495 -0.0102 -0.0149 0.0495 -0.0055 -0.017 0.0726 -0.0133 -0.0149 0.0495 -0.0133 -0.017 0.0495 -0.0055 -0.0149 0.0726 -0.0055 -0.0149 0.0726 -0.0102 -0.0149 0.0495 -0.0133 -0.0149 0.0495 -0.0025 -0.0149 0.0726 -0.0102 -0.017 0.0495 -0.0055 -0.017 0.0726 -0.0133 -0.017 0.0495 -0.0025 -0.017 0.0726 0.1585 -0.0152 0.0478 0.1342 0 0.0479 0.1585 -0.0152 0.0478 0.1342 -0.0152 0.0478 0.1585 -0.0152 0.0478 0.1585 -0.0152 0.0537 0.1342 -0.0152 0.0537 0.1342 -0.0152 0.0478 0.1585 -0.0152 0.0478 0.0281 -0.0157 0.0537 0.0302 -0.0157 0.0681 0.028 -0.0157 0.0681 0.0302 -0.0157 0.0681 0.0281 -0.0157 0.0537 0.0303 -0.0157 0.0537 0.1095 0 0.0761 0.0792 0 0.0762 0.1094 -0.0108 0.0762 0.0791 -0.0108 0.0762 0.1094 -0.0108 0.0762 0.1094 -0.0108 0.0762 0.0791 -0.0135 0.069 0.1094 -0.0135 0.069 0.0791 -0.0108 0.0762 0.0304 -0.0157 0.0475 0.0281 -0.0157 0.0475 0.0281 -0.0163 0.0473 0.0305 -0.0163 0.0473 0.0281 -0.0157 0.0475 0.0304 -0.0157 0.0475 0.0281 0 0.0764 0.028 -0.0118 0.0763 0.0302 -0.0118 0.0763 0.0302 -0.0118 0.0763 0.0303 0 0.0763 0.0281 0 0.0764 0.0302 -0.0118 0.0763 0.028 -0.0157 0.0681 0.0302 -0.0157 0.0681 0.028 -0.0118 0.0763</float_array><technique_common><accessor source="#g-p-a" count="2340" stride="3"><param name="X" type="float"/><param name="Y" type="float"/><param name="Z" type="float"/></accessor></technique_common></source>
<source id="g-n"><float_array id="g-n-a" count="7020">-0.833 0 0.553 -0.833 0 0.553 -0.833 0 0.553 -0.833 0 0.553 -0.214 0.966 0.142 -0.214 0.966 0.142 -0.214 0.966 0.142 -0.242 0.959 0.147 -0.242 0.959 0.147 -0.242 0.959 0.147 -0.245 0.962 0.122 -0.245 0.962 0.122 -0.245 0.962 0.122 -0.268 0.955 0.125 -0.268 0.955 0.125 -0.268 0.955 0.125 -0.895 0 0.446 -0.895 0 0.446 -0.895 0 0.446 -0.895 0 0.446 0.481 0 -0.877 0.481 0 -0.877 0.481 0 -0.877 0.481 0 -0.877 0.14 0.957 -0.256 0.14 0.957 -0.256 0.14 0.957 -0.256 0.181 0.941 -0.285 0.181 0.941 -0.285 0.181 0.941 -0.285 -0.012 0.871 -0.492 -0.012 0.871 -0.492 -0.012 0.871 -0.492 0.007 0.834 -0.552 0.007 0.834 -0.552 0.007 0.834 -0.552 0.013 0 -1 0.013 0 -1 0.013 0 -1 0.013 0 -1 0.99 0 0.144 0.99 0 0.144 0.99 0 0.144 0.99 0 0.144 0.276 0.958 0.081 0.276 0.958 0.081 0.276 0.958 0.081 0.185 0.982 0.027 0.185 0.982 0.027 0.185 0.982 0.027 0.267 0.962 -0.052 0.267 0.962 -0.052 0.267 0.962 -0.052 0.278 0.959 -0.051 0.278 0.959 -0.051 0.278 0.959 -0.051 0.982 0 -0.19 0.982 0 -0.19 0.982 0 -0.19 0.982 0 -0.19 -0.975 0 0.221 -0.975 0 0.221 -0.975 0 0.221 -0.975 0 0.221 -0.222 0.973 0.059 -0.222 0.973 0.059 -0.222 0.973 0.059 -0.211 0.976 0.048 -0.211 0.976 0.048 -0.211 0.976 0.048 -0.202 0.975 0.09 -0.202 0.975 0.09 -0.202 0.975 0.09 -0.219 0.972 0.088 -0.219 0.972 0.088 -0.219 0.972 0.088 -0.914 0 0.407 -0.914 0 0.407 -0.914 0 0.407 -0.914 0 0.407 -0.36 0 -0.933 -0.36 0 -0.933 -0.36 0 -0.933 -0.36 0 -0.933 -0.226 0.778 -0.587 -0.226 0.778 -0.587 -0.226 0.778 -0.587 -0.132 0.877 -0.462 -0.132 0.877 -0.462 -0.132 0.877 -0.462 -0.38 0.839 -0.389 -0.38 0.839 -0.389 -0.38 0.839 -0.389 -0.391 0.832 -0.394 -0.391 0.832 -0.394 -0.391 0.832 -0.394 -0.699 0 -0.715 -0.699 0 -0.715 -0.699 0 -0.715 -0.699 0 -0.715 0.976 0 -0.219 0.976 0 -0.219 0.976 0 -0.219 0.976 0 -0.219 0.25 0.966 -0.065 0.25 0.966 -0.065 0.25 0.966 -0.065 0.277 0.959 -0.062 0.277 0.959 -0.062 0.277 0.959 -0.062 0.222 0.973 -0.063 0.222 0.973 -0.063 0.222 0.973 -0.063 0.251 0.966 -0.058 0.251 0.966 -0.058 0.251 0.966 -0.058 0.974 0 -0.226 0.974 0 -0.226 0.974 0 -0.226 0.974 0 -0.226 -0.995 0 0.103 -0.995 0 0.103 -0.995 0 0.103 -0.995 0 0.103 -0.281 0.959 0.029 -0.281 0.959 0.029 -0.281 0.959 0.029 -0.269 0.963 0.031 -0.269 0.963 0.031 -0.269 0.963 0.031 -0.26 0.957 0.127 -0.26 0.957 0.127 -0.26 0.957 0.127 -0.182 0.982 0.059 -0.182 0.982 0.059 -0.182 0.982 0.059 -0.951 0 0.309 -0.951 0 0.309 -0.951 0 0.309 -0.951 0 0.309 0.979 0 -0.204 0.979 0 -0.204 0.979 0 -0.204 0.979 0 -0.204 0.211 0.976 -0.048 0.211 0.976 -0.048 0.211 0.976 -0.048 0.223 0.974 -0.046 0.223 0.974 -0.046 0.223 0.974 -0.046 0.211 0.974 -0.087 0.211 0.974 -0.087 0.211 0.974 -0.087 0.202 0.975 -0.087 0.202 0.975 -0.087 0.202 0.975 -0.087 0.919 0 -0.395 0.919 0 -0.395 0.919 0 -0.395 0.919 0 -0.395 -0.285 0 0.959 -0.285 0 0.959 -0.285 0 0.959 -0.285 0 0.959 -0.108 0.959 0.26 -0.108 0.959 0.26 -0.108 0.959 0.26 -0.057 0.98 0.192 -0.057 0.98 0.192 -0.057 0.98 0.192 0.131 0.961 0.243 0.131 0.961 0.243 0.131 0.961 0.243 0.061 0.984 0.169 0.061 0.984 0.169 0.061 0.984 0.169 0.339 0 0.941 0.339 0 0.941 0.339 0 0.941 0.339 0 0.941 -0.933 0 -0.359 -0.933 0 -0.359 -0.933 0 -0.359 -0.933 0 -0.359 -0.406 0.902 -0.145 -0.406 0.902 -0.145 -0.406 0.902 -0.145 -0.393 0.907 -0.151 -0.393 0.907 -0.151 -0.393 0.907 -0.151 -0.242 0.97 0.006 -0.242 0.97 0.006 -0.242 0.97 0.006 -0.297 0.953 0.067 -0.297 0.953 0.067 -0.297 0.953 0.067 -1 0 0.026 -1 0 0.026 -1 0 0.026 -1 0 0.026 -0.035 0.999 0.008 -0.035 0.999 0.008 -0.035 0.999 0.008 -0.021 1 0.018 -0.021 1 0.018 -0.021 1 0.018 -0.086 0.992 -0.092 -0.086 0.992 -0.092 -0.086 0.992 -0.092 -0.076 0.997 -0.015 -0.076 0.997 -0.015 -0.076 0.997 -0.015 -0.034 0.99 -0.14 -0.034 0.99 -0.14 -0.034 0.99 -0.14 -0.004 0.992 -0.127 -0.004 0.992 -0.127 -0.004 0.992 -0.127 0.027 0.999 -0.023 0.027 0.999 -0.023 0.027 0.999 -0.023 0.017 0.999 -0.027 0.017 0.999 -0.027 0.017 0.999 -0.027 0.029 1 -0.01 0.029 1 -0.01 0.029 1 -0.01 0.032 0.999 -0.008 0.032 0.999 -0.008 0.032 0.999 -0.008 -0.028 1 0.013 -0.028 1 0.013 -0.028 1 0.013 -0.032 0.999 0.012 -0.032 0.999 0.012 -0.032 0.999 0.012 -0.025 1 0.015 -0.025 1 0.015 -0.025 1 0.015 -0.028 1 0.013 0.025 1 -0.011 0.025 1 -0.011 0.025 1 -0.011 0.029 1 -0.008 0.029 1 -0.008 0.029 1 -0.008 0.024 1 -0.007 0.024 1 -0.007 0.024 1 -0.007 0.025 1 -0.006 0.025 1 -0.006 0.025 1 -0.006 -0.023 1 0.009 -0.023 1 0.009 -0.023 1 0.009 -0.025 1 0.008 -0.025 1 0.008 -0.025 1 0.008 -0.025 1 0.007 -0.025 1 0.007 -0.025 1 0.007 -0.023 1 0.008 -0.023 1 0.008 -0.023 1 0.008 0.025 1 -0.009 0.025 1 -0.009 0.025 1 -0.009 0.023 1 -0.01 0.023 1 -0.01 0.023 1 -0.01 0.034 0.999 0.036 0.034 0.999 0.036 0.034 0.999 0.036 0.043 0.999 0.026 0.043 0.999 0.026 0.043 0.999 0.026 -0.028 0.999 0.043 -0.028 0.999 0.043 -0.028 0.999 0.043 -0.04 0.999 0.032 -0.04 0.999 0.032 -0.04 0.999 0.032 -0.031 1 0.005 -0.031 1 0.005 -0.031 1 0.005 -0.032 0.999 0.004 -0.032 0.999 0.004 -0.032 0.999 0.004 0.032 0.999 -0.005 0.032 0.999 -0.005 0.032 0.999 -0.005 0.031 1 -0.006 0.031 1 -0.006 0.031 1 -0.006 -0.245 -0.962 0.122 -0.245 -0.962 0.122 -0.245 -0.962 0.122 -0.268 -0.955 0.125 -0.268 -0.955 0.125 -0.268 -0.955 0.125 -0.214 -0.966 0.142 -0.214 -0.966 0.142 -0.214 -0.966 0.142 -0.242 -0.959 0.147 -0.242 -0.959 0.147 -0.242 -0.959 0.147 -0.833 0 0.553 -0.833 0 0.553 -0.833 0 0.553 -0.833 0 0.553 -0.895 0 0.446 -0.895 0 0.446 -0.895 0 0.446 -0.895 0 0.446 0.007 -0.834 -0.552 0.007 -0.834 -0.552 0.007 -0.834 -0.552 -0.012 -0.871 -0.492 -0.012 -0.871 -0.492 -0.012 -0.871 -0.492 0.14 -0.957 -0.256 0.14 -0.957 -0.256 0.14 -0.957 -0.256 0.181 -0.941 -0.285 0.181 -0.941 -0.285 0.181 -0.941 -0.285 0.481 0 -0.877 0.481 0 -0.877 0.481 0 -0.877 0.481 0 -0.877 0.013 0 -1 0.013 0 -1 0.013 0 -1 0.013 0 -1 0.278 -0.959 -0.051 0.278 -0.959 -0.051 0.278 -0.959 -0.051 0.267 -0.962 -0.052 0.267 -0.962 -0.052 0.267 -0.962 -0.052 0.185 -0.982 0.027 0.185 -0.982 0.027 0.185 -0.982 0.027 0.276 -0.958 0.081 0.276 -0.958 0.081 0.276 -0.958 0.081 0.99 0 0.144 0.99 0 0.144 0.99 0 0.144 0.99 0 0.144 0.982 0 -0.19 0.982 0 -0.19 0.982 0 -0.19 0.982 0 -0.19 -0.202 -0.975 0.09 -0.202 -0.975 0.09 -0.202 -0.975 0.09 -0.219 -0.972 0.088 -0.219 -0.972 0.088 -0.219 -0.972 0.088 -0.211 -0.976 0.048 -0.211 -0.976 0.048 -0.211 -0.976 0.048 -0.222 -0.973 0.059 -0.222 -0.973 0.059 -0.222 -0.973 0.059 -0.975 0 0.221 -0.975 0 0.221 -0.975 0 0.221 -0.975 0 0.221 -0.914 0 0.407 -0.914 0 0.407 -0.914 0 0.407 -0.914 0 0.407 -0.38 -0.839 -0.389 -0.38 -0.839 -0.389 -0.38 -0.839 -0.389 -0.391 -0.832 -0.394 -0.391 -0.832 -0.394 -0.391 -0.832 -0.394 -0.226 -0.778 -0.587 -0.226 -0.778 -0.587 -0.226 -0.778 -0.587 -0.132 -0.877 -0.462 -0.132 -0.877 -0.462 -0.132 -0.877 -0.462 -0.36 0 -0.933 -0.36 0 -0.933 -0.36 0 -0.933 -0.36 0 -0.933 -0.699 0 -0.715 -0.699 0 -0.715 -0.699 0 -0.715 -0.699 0 -0.715 0.222 -0.973 -0.063 0.222 -0.973 -0.063 0.222 -0.973 -0.063 0.251 -0.966 -0.058 0.251 -0.966 -0.058 0.251 -0.966 -0.058 0.25 -0.966 -0.065 0.25 -0.966 -0.065 0.25 -0.966 -0.065 0.277 -0.959 -0.062 0.277 -0.959 -0.062 0.277 -0.959 -0.062 0.976 0 -0.219 0.976 0 -0.219 0.976 0 -0.219 0.976 0 -0.219 0.974 0 -0.226 0.974 0 -0.226 0.974 0 -0.226 0.974 0 -0.226 -0.26 -0.957 0.127 -0.26 -0.957 0.127 -0.26 -0.957 0.127 -0.182 -0.982 0.059 -0.182 -0.982 0.059 -0.182 -0.982 0.059 -0.281 -0.959 0.029 -0.281 -0.959 0.029 -0.281 -0.959 0.029 -0.269 -0.963 0.031 -0.269 -0.963 0.031 -0.269 -0.963 0.031 -0.995 0 0.103 -0.995 0 0.103 -0.995 0 0.103 -0.995 0 0.103 -0.951 0 0.309 -0.951 0 0.309 -0.951 0 0.309 -0.951 0 0.309 0.211 -0.974 -0.087 0.211 -0.974 -0.087 0.211 -0.974 -0.087 0.202 -0.975 -0.087 0.202 -0.975 -0.087 0.202 -0.975 -0.087 0.211 -0.976 -0.048 0.211 -0.976 -0.048 0.211 -0.976 -0.048 0.223 -0.974 -0.046 0.223 -0.974 -0.046 0.223 -0.974 -0.046 0.979 0 -0.204 0.979 0 -0.204 0.979 0 -0.204 0.979 0 -0.204 0.919 0 -0.395 0.919 0 -0.395 0.919 0 -0.395 0.919 0 -0.395 0.131 -0.961 0.243 0.131 -0.961 0.243 0.131 -0.961 0.243 0.061 -0.984 0.169 0.061 -0.984 0.169 0.061 -0.984 0.169 -0.108 -0.959 0.26 -0.108 -0.959 0.26 -0.108 -0.959 0.26 -0.057 -0.98 0.192 -0.057 -0.98 0.192 -0.057 -0.98 0.192 -0.285 0 0.959 -0.285 0 0.959 -0.285 0 0.959 -0.285 0 0.959 0.339 0 0.941 0.339 0 0.941 0.339 0 0.941 0.339 0 0.941 -0.297 -0.953 0.067 -0.297 -0.953 0.067 -0.297 -0.953 0.067 -0.242 -0.97 0.006 -0.242 -0.97 0.006 -0.242 -0.97 0.006 -0.406 -0.902 -0.145 -0.406 -0.902 -0.145 -0.406 -0.902 -0.145 -0.393 -0.907 -0.151 -0.393 -0.907 -0.151 -0.393 -0.907 -0.151 -0.933 0 -0.359 -0.933 0 -0.359 -0.933 0 -0.359 -0.933 0 -0.359 -1 0 0.026 -1 0 0.026 -1 0 0.026 -1 0 0.026 -0.004 -0.992 -0.127 -0.004 -0.992 -0.127 -0.004 -0.992 -0.127 -0.034 -0.99 -0.14 -0.034 -0.99 -0.14 -0.034 -0.99 -0.14 -0.086 -0.992 -0.092 -0.086 -0.992 -0.092 -0.086 -0.992 -0.092 -0.076 -0.997 -0.015 -0.076 -0.997 -0.015 -0.076 -0.997 -0.015 -0.035 -0.999 0.008 -0.035 -0.999 0.008 -0.035 -0.999 0.008 -0.021 -1 0.018 -0.021 -1 0.018 -0.021 -1 0.018 0.017 -0.999 -0.027 0.017 -0.999 -0.027 0.017 -0.999 -0.027 0.027 -0.999 -0.023 0.027 -0.999 -0.023 0.027 -0.999 -0.023 -0.025 -1 0.015 -0.025 -1 0.015 -0.025 -1 0.015 -0.028 -1 0.013 -0.028 -1 0.013 -0.028 -1 0.013 -0.028 -1 0.013 -0.032 -0.999 0.012 -0.032 -0.999 0.012 -0.032 -0.999 0.012 0.029 -1 -0.01 0.029 -1 -0.01 0.029 -1 -0.01 0.032 -0.999 -0.008 0.032 -0.999 -0.008 0.032 -0.999 -0.008 0.025 -1 -0.011 0.025 -1 -0.011 0.025 -1 -0.011 0.029 -1 -0.008 0.029 -1 -0.008 0.029 -1 -0.008 -0.025 -1 0.007 -0.025 -1 0.007 -0.025 -1 0.007 -0.023 -1 0.008 -0.023 -1 0.008 -0.023 -1 0.008 -0.023 -1 0.009 -0.023 -1 0.009 -0.023 -1 0.009 -0.025 -1 0.008 -0.025 -1 0.008 -0.025 -1 0.008 0.024 -1 -0.007 0.024 -1 -0.007 0.024 -1 -0.007 0.025 -1 -0.006 0.025 -1 -0.006 0.025 -1 -0.006 0.025 -1 -0.009 0.025 -1 -0.009 0.025 -1 -0.009 0.023 -1 -0.01 0.023 -1 -0.01 0.023 -1 -0.01 -0.032 -0.999 0.004 -0.032 -0.999 0.004 -0.032 -0.999 0.004 -0.031 -1 0.005 -0.031 -1 0.005 -0.031 -1 0.005 -0.028 -0.999 0.043 -0.028 -0.999 0.043 -0.028 -0.999 0.043 -0.04 -0.999 0.032 -0.04 -0.999 0.032 -0.04 -0.999 0.032 0.034 -0.999 0.036 0.034 -0.999 0.036 0.034 -0.999 0.036 0.043 -0.999 0.026 0.043 -0.999 0.026 0.043 -0.999 0.026 0.032 -0.999 -0.005 0.032 -0.999 -0.005 0.032 -0.999 -0.005 0.031 -1 -0.006 0.031 -1 -0.006 0.031 -1 -0.006 -0.013 1 0.01 -0.013 1 0.01 -0.013 1 0.01 -0.021 1 0.01 -0.021 1 0.01 -0.021 1 0.01 -0.014 -1 0.004 -0.014 -1 0.004 -0.014 -1 0.004 -0.006 -1 -0.002 -0.006 -1 -0.002 -0.006 -1 -0.002 -0.99 0 0.144 -0.99 0 0.144 -0.99 0 0.144 -0.99 0 0.144 0.982 0 -0.189 0.982 0 -0.189 0.982 0 -0.189 0.982 0 -0.189 -0.014 1 0.004 -0.014 1 0.004 -0.014 1 0.004 -0.006 1 -0.002 -0.006 1 -0.002 -0.006 1 -0.002 -1 0 0 -1 0 0 -1 0 0 -1 0 0 -0.011 -1 0.02 -0.011 -1 0.02 -0.011 -1 0.02 -0.006 -1 0.016 -0.006 -1 0.016 -0.006 -1 0.016 -0.439 0 0.898 -0.439 0 0.898 -0.439 0 0.898 -0.439 0 0.898 0.404 0 -0.915 0.404 0 -0.915 0.404 0 -0.915 0.404 0 -0.915 -0.011 1 0.02 -0.011 1 0.02 -0.011 1 0.02 -0.006 1 0.016 -0.006 1 0.016 -0.006 1 0.016 0.885 0 -0.466 0.885 0 -0.466 0.885 0 -0.466 0.885 0 -0.466 -0.013 -1 0.01 -0.013 -1 0.01 -0.013 -1 0.01 -0.021 -1 0.01 -0.021 -1 0.01 -0.021 -1 0.01 -0.848 0 0.529 -0.848 0 0.529 -0.848 0 0.529 -0.848 0 0.529 -0.003 0 1 -0.003 0 1 -0.003 0 1 -0.003 0 1 0.121 0 -0.993 0.121 0 -0.993 0.121 0 -0.993 0.121 0 -0.993 -0.004 -1 0.017 -0.004 -1 0.017 -0.004 -1 0.017 -0.001 -1 0.009 -0.001 -1 0.009 -0.001 -1 0.009 -0.004 1 0.017 -0.004 1 0.017 -0.004 1 0.017 -0.001 1 0.009 -0.001 1 0.009 -0.001 1 0.009 -0.007 1 -0.005 -0.007 1 -0.005 -0.007 1 -0.005 0 1 -0.007 0 1 -0.007 0 1 -0.007 0.999 0 -0.042 0.999 0 -0.042 0.999 0 -0.042 0.999 0 -0.042 -0.007 -1 -0.005 -0.007 -1 -0.005 -0.007 -1 -0.005 0 -1 -0.007 0 -1 -0.007 0 -1 -0.007 -0.148 0 0.989 -0.148 0 0.989 -0.148 0 0.989 -0.148 0 0.989 -0.009 0 -1 -0.009 0 -1 -0.009 0 -1 -0.009 0 -1 0 -1 0.009 0 -1 0.009 0 -1 0.009 0.001 -1 0.008 0.001 -1 0.008 0.001 -1 0.008 0 1 0.009 0 1 0.009 0 1 0.009 0.001 1 0.008 0.001 1 0.008 0.001 1 0.008 -0.177 0 -0.984 -0.177 0 -0.984 -0.177 0 -0.984 -0.177 0 -0.984 0.009 -1 0.01 0.009 -1 0.01 0.009 -1 0.01 0.016 -1 -0.005 0.016 -1 -0.005 0.016 -1 -0.005 0.009 1 0.01 0.009 1 0.01 0.009 1 0.01 0.016 1 -0.005 0.016 1 -0.005 0.016 1 -0.005 0.666 0 0.746 0.666 0 0.746 0.666 0 0.746 0.666 0 0.746 0.16 0 0.987 0.16 0 0.987 0.16 0 0.987 0.16 0 0.987 -0.978 0 0.209 -0.978 0 0.209 -0.978 0 0.209 -0.978 0 0.209 -0.885 0 0.465 -0.885 0 0.465 -0.885 0 0.465 -0.885 0 0.465 -0.447 0 0.894 -0.447 0 0.894 -0.447 0 0.894 -0.447 0 0.894 -0.992 0 -0.126 -0.992 0 -0.126 -0.992 0 -0.126 -0.992 0 -0.126 -0.131 -0.989 0.068 -0.131 -0.989 0.068 -0.131 -0.989 0.068 -0.279 -0.949 0.147 -0.279 -0.949 0.147 -0.279 -0.949 0.147 -0.08 -0.994 0.08 -0.08 -0.994 0.08 -0.08 -0.994 0.08 -0.279 -0.949 0.147 -0.08 0.994 0.08 -0.08 0.994 0.08 -0.08 0.994 0.08 -0.279 0.949 0.147 -0.279 0.949 0.147 -0.279 0.949 0.147 -0.279 0.949 0.147 -0.131 0.989 0.068 -0.131 0.989 0.068 -0.131 0.989 0.068 -0.648 0 -0.761 -0.648 0 -0.761 -0.648 0 -0.761 -0.648 0 -0.761 0.317 0 0.949 0.317 0 0.949 0.317 0 0.949 0.317 0 0.949 0.706 0 -0.708 0.706 0 -0.708 0.706 0 -0.708 0.706 0 -0.708 -0.817 0 0.576 -0.817 0 0.576 -0.817 0 0.576 -0.817 0 0.576 0 -1 0 0 -1 0 0 -1 0 0 -1 0 0.992 0 0.13 0.992 0 0.13 0.992 0 0.13 0.992 0 0.13 0 1 0 0 1 0 0 1 0 0 1 0 0.227 0 0.974 0.227 0 0.974 0.227 0 0.974 0.227 0 0.974 0 0 -1 0 0 -1 0 0 -1 0 0 -1 0.001 1 -0.004 0.001 1 -0.004 0.001 1 -0.004 0.011 1 -0.004 0.011 1 -0.004 0.011 1 -0.004 0.009 1 -0.005 0.009 1 -0.005 0.009 1 -0.005 0.007 1 -0.001 0.007 1 -0.001 0.007 1 -0.001 -0.181 0 -0.983 -0.181 0 -0.983 -0.181 0 -0.983 -0.181 0 -0.983 0.968 0 -0.252 0.968 0 -0.252 0.968 0 -0.252 0.968 0 -0.252 -0.853 0 -0.522 -0.853 0 -0.522 -0.853 0 -0.522 -0.853 0 -0.522 0.001 1 -0.005 0.001 1 -0.005 0.001 1 -0.005 0.001 1 -0.004 0.001 1 -0.004 0.001 -1 -0.005 0.001 -1 -0.005 0.001 -1 -0.005 0.001 -1 -0.004 0.001 -1 -0.004 0.001 -1 -0.004 0.974 0 0.227 0.974 0 0.227 0.974 0 0.227 0.974 0 0.227 0.024 0 -1 0.024 0 -1 0.024 0 -1 0.024 0 -1 -0.679 0 -0.734 -0.679 0 -0.734 -0.679 0 -0.734 -0.679 0 -0.734 -0.009 0 1 -0.009 0 1 -0.009 0 1 -0.009 0 1 -0.999 0 -0.053 -0.999 0 -0.053 -0.999 0 -0.053 -0.999 0 -0.053 -0.007 1 0.004 -0.007 1 0.004 -0.007 1 0.004 -0.009 1 0.001 -0.009 1 0.001 -0.009 1 0.001 -0.003 1 -0.002 -0.003 1 -0.002 -0.003 1 -0.002 0.982 0 -0.189 0.982 0 -0.189 0.982 0 -0.189 0.982 0 -0.189 0.002 -1 0 0.002 -1 0 0.002 -1 0 0.001 -1 -0.004 0.493 0 -0.87 0.493 0 -0.87 0.493 0 -0.87 0.493 0 -0.87 0.854 0 0.52 0.854 0 0.52 0.854 0 0.52 0.854 0 0.52 0.007 -1 -0.001 0.007 -1 -0.001 0.007 -1 -0.001 0.011 -1 -0.004 0.011 -1 -0.004 0.011 -1 -0.004 0.001 -1 -0.004 0.001 -1 -0.004 0.009 -1 -0.005 0.009 -1 -0.005 0.009 -1 -0.005 -0.921 0 -0.391 -0.921 0 -0.391 -0.921 0 -0.391 -0.921 0 -0.391 0.998 0 -0.062 0.998 0 -0.062 0.998 0 -0.062 0.998 0 -0.062 -0.77 0 -0.638 -0.77 0 -0.638 -0.77 0 -0.638 -0.77 0 -0.638 0.002 -1 0.002 0.002 -1 0.002 0.002 -1 0.002 0.005 -1 0.006 0.005 -1 0.006 0.005 -1 0.006 0.005 1 0.006 0.005 1 0.006 0.005 1 0.006 0.002 1 0.002 0.002 1 0.002 0.002 1 0.002 -0.007 -1 0.004 -0.007 -1 0.004 -0.007 -1 0.004 -0.003 -1 -0.002 -0.003 -1 -0.002 -0.003 -1 -0.002 -0.009 -1 0.001 -0.009 -1 0.001 -0.009 -1 0.001 0.002 1 0 0.002 1 0 0.002 1 0 0.001 1 -0.004 -0.304 0 0.953 -0.304 0 0.953 -0.304 0 0.953 -0.304 0 0.953 1 0 0 1 0 0 1 0 0 1 0 0 1 0 0 1 0 0 1 0 0 1 0 0 1 0 0 1 0 0 1 0 0 0 0 -1 0 0 -1 0 0 -1 0 0 -1 -0.037 0.999 0.011 -0.037 0.999 0.011 -0.037 0.999 0.011 -0.047 0.999 0.007 -0.047 0.999 0.007 -0.047 0.999 0.007 -0.984 0.055 0.167 -0.984 0.055 0.167 -0.984 0.055 0.167 -0.977 0.016 0.213 -0.977 0.016 0.213 -0.977 0.016 0.213 -0.004 1 0.002 -0.004 1 0.002 -0.004 1 0.002 -0.021 1 0.007 -0.021 1 0.007 -0.021 1 0.007 0.001 1 0 0.001 1 0 0.001 1 0 0.001 1 0 0 1 0.003 0 1 0.003 0 1 0.003 0 1 0.003 0.068 0.998 0.001 0.068 0.998 0.001 0.068 0.998 0.001 0.052 0.999 0.004 0.052 0.999 0.004 0.052 0.999 0.004 -0.988 0.153 -0.006 -0.988 0.153 -0.006 -0.988 0.153 -0.006 -0.989 0.151 -0.006 -0.989 0.151 -0.006 -0.989 0.151 -0.006 0.989 0.146 0.007 0.989 0.146 0.007 0.989 0.146 0.007 0.99 0.142 0.007 0.99 0.142 0.007 0.99 0.142 0.007 0 1 0 0 1 0 0 1 0 0 1 0 0 1 0 0 1 0 0 1 0 0 1 0 0.001 1 0 0.001 1 0 0 1 0 0.001 -0.001 1 0.001 -0.001 1 0.001 -0.001 1 0.001 -0.001 1 0 0.901 0.433 0 0.901 0.433 0 0.901 0.433 0 0.901 0.433 1 0 0 1 0 0 1 0 0 1 0 0 1 0 0 1 0 0 1 0 0 1 0 0 1 0 0 -0.974 -0.009 0.228 -0.974 -0.009 0.228 -0.974 -0.009 0.228 -0.972 -0.008 0.233 -0.972 -0.008 0.233 -0.972 -0.008 0.233 0.982 0.172 0.083 0.982 0.172 0.083 0.982 0.172 0.083 0.991 0.127 0.049 0.991 0.127 0.049 0.991 0.127 0.049 0.975 0.008 0.221 0.975 0.008 0.221 0.975 0.008 0.221 0.974 0.008 0.226 0.974 0.008 0.226 0.974 0.008 0.226 0.001 1 0 0 1 0 0 1 0 -0.991 0.126 0.048 -0.991 0.126 0.048 -0.991 0.126 0.048 -0.982 0.172 0.082 -0.982 0.172 0.082 -0.982 0.172 0.082 0.001 0 1 0.001 0 1 0.001 0 1 0.001 0.001 1 0.001 0.001 1 0.001 0.001 1 0 0.056 0.998 0 0.056 0.998 0 0.056 0.998 0 0.055 0.998 0 0.055 0.998 0 0.055 0.998 0 0.901 0.433 0 0.901 0.433 0 0.901 0.433 0 0.901 0.433 -0.012 0.965 0.262 -0.012 0.965 0.262 -0.012 0.965 0.262 -0.012 0.965 0.262 -0.995 0.003 0.104 -0.995 0.003 0.104 -0.995 0.003 0.104 -0.995 0.003 0.104 0.002 -0.998 -0.056 0.002 -0.998 -0.056 0.002 -0.998 -0.056 0.002 -0.998 -0.056 0.995 0.001 0.104 0.995 0.001 0.104 0.995 0.001 0.104 0.995 0.001 0.104 -0.032 -0.001 0.999 -0.032 -0.001 0.999 -0.032 -0.001 0.999 -0.018 0.012 1 -0.018 0.012 1 -0.018 0.012 1 0.018 -0.012 -1 0.018 -0.012 -1 0.018 -0.012 -1 0.032 0.001 -0.999 0.032 0.001 -0.999 0.032 0.001 -0.999 0.99 0.139 0.006 0.99 0.139 0.006 0.99 0.139 0.006 0.99 0.142 0.006 0.99 0.142 0.006 0.99 0.142 0.006 -0.998 -0.009 0.068 -0.998 -0.009 0.068 -0.998 -0.009 0.068 -0.998 -0.01 0.064 -0.998 -0.01 0.064 -0.998 -0.01 0.064 0.998 0.01 0.068 0.998 0.01 0.068 0.998 0.01 0.068 0.998 0.009 0.063 0.998 0.009 0.063 0.998 0.009 0.063 0.994 0.099 0.049 0.994 0.099 0.049 0.994 0.099 0.049 0.994 0.099 0.049 -0.989 0.151 -0.007 -0.989 0.151 -0.007 -0.989 0.151 -0.007 -0.989 0.146 -0.007 -0.989 0.146 -0.007 -0.989 0.146 -0.007 -0.995 0.09 0.042 -0.995 0.09 0.042 -0.995 0.09 0.042 -0.995 0.09 0.042 0.073 0.997 0.001 0.073 0.997 0.001 0.073 0.997 0.001 0.068 0.998 0.003 0.068 0.998 0.003 0.068 0.998 0.003 0.145 0.003 0.989 0.145 0.003 0.989 0.145 0.003 0.989 0.108 0.012 0.994 0.108 0.012 0.994 0.108 0.012 0.994 0.066 0.899 0.432 0.066 0.899 0.432 0.066 0.899 0.432 0.066 0.899 0.432 0.009 -0.943 -0.333 0.009 -0.943 -0.333 0.009 -0.943 -0.333 0.009 -0.943 -0.333 0.008 -0.119 -0.993 0.008 -0.119 -0.993 0.008 -0.119 -0.993 0.007 -0.106 -0.994 0.007 -0.106 -0.994 0.007 -0.106 -0.994 0.009 0 1 0.009 0 1 0.009 0 1 0.008 0.004 1 0.008 0.004 1 0.008 0.004 1 0.003 -0.928 0.372 0.003 -0.928 0.372 0.003 -0.928 0.372 0.003 -0.928 0.372 0.01 -0.546 -0.838 0.01 -0.546 -0.838 0.01 -0.546 -0.838 0.01 -0.546 -0.838 0.011 -0.688 0.726 0.011 -0.688 0.726 0.011 -0.688 0.726 -0.002 -0.606 0.796 -0.002 -0.606 0.796 -0.002 -0.606 0.796 1 0.019 0.014 1 0.019 0.014 1 0.019 0.014 1 0.012 0.014 1 0.012 0.014 1 0.012 0.014 1 0.014 0.019 1 0.014 0.019 1 0.014 0.019 1 0.016 0.016 1 0.016 0.016 1 0.016 0.016 1 0.014 0.015 1 0.014 0.015 1 0.014 0.015 0 -0.002 -1 0 -0.002 -1 0 -0.002 -1 0 -0.002 -1 0 -0.002 -1 0 -0.022 -1 0 -0.022 -1 0 -0.022 -1 -0.002 -0.014 -1 -0.002 -0.014 -1 -0.002 -0.014 -1 0 -0.022 -1 0 -0.022 -1 -0.03 -0.004 -1 -0.03 -0.004 -1 -0.03 -0.004 -1 0 -0.022 -1 0 -0.022 -1 -0.001 -0.017 -1 -0.001 -0.017 -1 -0.001 -0.017 -1 -0.983 0.072 0.167 -0.983 0.072 0.167 -0.983 0.072 0.167 -0.976 0.054 0.213 -0.976 0.054 0.213 -0.976 0.054 0.213 0 1 0.007 0 1 0.007 0 1 0.007 0 1 0.003 -0.004 1 0.007 -0.004 1 0.007 -0.004 1 0.007 0 1 0.004 0 1 0.004 0 1 0.004 0 1 0.003 0 1 0.003 0 0.901 0.433 0 0.901 0.433 -0.004 0.895 0.447 -0.004 0.895 0.447 -0.004 0.895 0.447 0 0.901 0.433 0 0.901 0.433 0 0.901 0.433 0.113 0.873 0.474 0.113 0.873 0.474 0.113 0.873 0.474 -0.008 -0.001 1 -0.008 -0.001 1 -0.008 -0.001 1 -0.004 0.012 1 -0.004 0.012 1 -0.004 0.012 1 -0.64 0.023 0.768 -0.64 0.023 0.768 -0.64 0.023 0.768 -0.555 0.063 0.829 -0.555 0.063 0.829 -0.555 0.063 0.829 -0.973 0.065 0.22 -0.973 0.065 0.22 -0.973 0.065 0.22 -0.953 0.013 0.302 -0.953 0.013 0.302 -0.953 0.013 0.302 0 -0.001 1 0 -0.001 1 0 -0.001 1 0.001 -0.002 1 0.001 -0.002 1 0.001 -0.002 1 0 -0.002 1 0 -0.002 1 0 -0.002 1 -0.035 0.999 0.01 -0.035 0.999 0.01 -0.035 0.999 0.01 -0.037 0.999 0.007 -0.037 0.999 0.007 -0.037 0.999 0.007 0.001 1 0 0 1 0 1 0 0 1 0 0 1 0 0 1 0 0 1 0 0 1 0 0 1 0 0 0 0 -1 0 0 -1 0 0 -1 0 0 -1 -0.037 -0.999 0.011 -0.037 -0.999 0.011 -0.037 -0.999 0.011 -0.047 -0.999 0.007 -0.047 -0.999 0.007 -0.047 -0.999 0.007 -0.977 -0.016 0.213 -0.977 -0.016 0.213 -0.977 -0.016 0.213 -0.984 -0.055 0.167 -0.984 -0.055 0.167 -0.984 -0.055 0.167 -0.004 -1 0.002 -0.004 -1 0.002 -0.004 -1 0.002 -0.021 -1 0.007 -0.021 -1 0.007 -0.021 -1 0.007 0.001 -1 0 0.001 -1 0 0.001 -1 0 0.001 -1 0 0 -1 0.003 0 -1 0.003 0 -1 0.003 0 -1 0.003 0.052 -0.999 0.004 0.052 -0.999 0.004 0.052 -0.999 0.004 0.068 -0.998 0.001 0.068 -0.998 0.001 0.068 -0.998 0.001 -0.989 -0.151 -0.006 -0.989 -0.151 -0.006 -0.989 -0.151 -0.006 -0.988 -0.153 -0.006 -0.988 -0.153 -0.006 -0.988 -0.153 -0.006 0.99 -0.142 0.007 0.99 -0.142 0.007 0.99 -0.142 0.007 0.989 -0.146 0.007 0.989 -0.146 0.007 0.989 -0.146 0.007 0 -1 0 0 -1 0 0 -1 0 0 -1 0 0 -1 0 0 -1 0 0 -1 0 0 -1 0 0.001 -1 0 0.001 -1 0 0 -1 0 0.001 0.001 1 0.001 0.001 1 0.001 0.001 1 0.001 0.001 1 0 -0.901 0.433 0 -0.901 0.433 0 -0.901 0.433 0 -0.901 0.433 1 0 0 1 0 0 1 0 0 1 0 0 1 0 0 1 0 0 1 0 0 -0.974 0.009 0.228 -0.974 0.009 0.228 -0.974 0.009 0.228 -0.972 0.008 0.233 -0.972 0.008 0.233 -0.972 0.008 0.233 0.991 -0.127 0.049 0.991 -0.127 0.049 0.991 -0.127 0.049 0.982 -0.172 0.083 0.982 -0.172 0.083 0.982 -0.172 0.083 0.974 -0.008 0.226 0.974 -0.008 0.226 0.974 -0.008 0.226 0.975 -0.008 0.221 0.975 -0.008 0.221 0.975 -0.008 0.221 0.001 -1 0 0 -1 0 0 -1 0 -0.982 -0.172 0.082 -0.982 -0.172 0.082 -0.982 -0.172 0.082 -0.991 -0.126 0.048 -0.991 -0.126 0.048 -0.991 -0.126 0.048 0.001 0 1 0.001 -0.001 1 0.001 -0.001 1 0.001 -0.001 1 0 -0.055 0.998 0 -0.055 0.998 0 -0.055 0.998 0 -0.056 0.998 0 -0.056 0.998 0 -0.056 0.998 0 -0.901 0.433 0 -0.901 0.433 0 -0.901 0.433 0 -0.901 0.433 -0.012 -0.965 0.262 -0.012 -0.965 0.262 -0.012 -0.965 0.262 -0.012 -0.965 0.262 -0.995 -0.003 0.104 -0.995 -0.003 0.104 -0.995 -0.003 0.104 -0.995 -0.003 0.104 0.002 0.998 -0.056 0.002 0.998 -0.056 0.002 0.998 -0.056 0.002 0.998 -0.056 0.995 -0.001 0.104 0.995 -0.001 0.104 0.995 -0.001 0.104 0.995 -0.001 0.104 -0.018 -0.012 1 -0.018 -0.012 1 -0.018 -0.012 1 -0.032 0.001 0.999 -0.032 0.001 0.999 -0.032 0.001 0.999 0.032 -0.001 -0.999 0.032 -0.001 -0.999 0.032 -0.001 -0.999 0.018 0.012 -1 0.018 0.012 -1 0.018 0.012 -1 0.99 -0.139 0.006 0.99 -0.139 0.006 0.99 -0.139 0.006 0.99 -0.142 0.006 0.99 -0.142 0.006 0.99 -0.142 0.006 -0.998 0.009 0.068 -0.998 0.009 0.068 -0.998 0.009 0.068 -0.998 0.01 0.064 -0.998 0.01 0.064 -0.998 0.01 0.064 0.998 -0.009 0.063 0.998 -0.009 0.063 0.998 -0.009 0.063 0.998 -0.01 0.068 0.998 -0.01 0.068 0.998 -0.01 0.068 0.994 -0.099 0.049 0.994 -0.099 0.049 0.994 -0.099 0.049 0.994 -0.099 0.049 -0.989 -0.151 -0.007 -0.989 -0.151 -0.007 -0.989 -0.151 -0.007 -0.989 -0.146 -0.007 -0.989 -0.146 -0.007 -0.989 -0.146 -0.007 -0.995 -0.09 0.042 -0.995 -0.09 0.042 -0.995 -0.09 0.042 -0.995 -0.09 0.042 0.068 -0.998 0.003 0.068 -0.998 0.003 0.068 -0.998 0.003 0.073 -0.997 0.001 0.073 -0.997 0.001 0.073 -0.997 0.001 0.108 -0.012 0.994 0.108 -0.012 0.994 0.108 -0.012 0.994 0.145 -0.003 0.989 0.145 -0.003 0.989 0.145 -0.003 0.989 0.066 -0.899 0.432 0.066 -0.899 0.432 0.066 -0.899 0.432 0.066 -0.899 0.432 0.009 0.943 -0.333 0.009 0.943 -0.333 0.009 0.943 -0.333 0.009 0.943 -0.333 0.008 0.119 -0.993 0.008 0.119 -0.993 0.008 0.119 -0.993 0.007 0.106 -0.994 0.007 0.106 -0.994 0.007 0.106 -0.994 0.008 -0.004 1 0.008 -0.004 1 0.008 -0.004 1 0.009 0 1 0.003 0.928 0.372 0.003 0.928 0.372 0.003 0.928 0.372 0.003 0.928 0.372 0.01 0.546 -0.838 0.01 0.546 -0.838 0.01 0.546 -0.838 0.01 0.546 -0.838 -0.002 0.606 0.796 -0.002 0.606 0.796 -0.002 0.606 0.796 0.011 0.688 0.726 0.011 0.688 0.726 0.011 0.688 0.726 1 -0.014 0.019 1 -0.014 0.019 1 -0.014 0.019 1 -0.014 0.015 1 -0.014 0.015 1 -0.014 0.015 1 -0.012 0.014 1 -0.012 0.014 1 -0.012 0.014 1 -0.016 0.016 1 -0.016 0.016 1 -0.016 0.016 1 -0.019 0.014 1 -0.019 0.014 1 -0.019 0.014 0 0.002 -1 0 0.002 -1 0 0.002 -1 -0.001 0.017 -1 -0.001 0.017 -1 -0.001 0.017 -1 0 0.002 -1 0 0.002 -1 -0.002 0.014 -1 -0.002 0.014 -1 -0.002 0.014 -1 -0.03 0.004 -1 -0.03 0.004 -1 -0.03 0.004 -1 0 0.022 -1 0 0.022 -1 0 0.022 -1 0 0.022 -1 0 0.022 -1 0 0.022 -1 0 0.022 -1 -0.976 -0.054 0.213 -0.976 -0.054 0.213 -0.976 -0.054 0.213 -0.983 -0.072 0.167 -0.983 -0.072 0.167 -0.983 -0.072 0.167 0 -1 0.007 0 -1 0.007 0 -1 0.007 0 -1 0.003 -0.004 -1 0.007 -0.004 -1 0.007 -0.004 -1 0.007 0 -1 0.004 0 -1 0.004 0 -1 0.004 0 -1 0.003 0 -1 0.003 0 -0.901 0.433 0 -0.901 0.433 0 -0.901 0.433 0 -0.901 0.433 0 -0.901 0.433 -0.004 -0.895 0.447 -0.004 -0.895 0.447 -0.004 -0.895 0.447 0.113 -0.873 0.474 0.113 -0.873 0.474 0.113 -0.873 0.474 -0.004 -0.012 1 -0.004 -0.012 1 -0.004 -0.012 1 -0.008 0.001 1 -0.008 0.001 1 -0.008 0.001 1 -0.64 -0.023 0.768 -0.64 -0.023 0.768 -0.64 -0.023 0.768 -0.555 -0.063 0.829 -0.555 -0.063 0.829 -0.555 -0.063 0.829 -0.973 -0.065 0.22 -0.973 -0.065 0.22 -0.973 -0.065 0.22 -0.953 -0.013 0.302 -0.953 -0.013 0.302 -0.953 -0.013 0.302 0.001 0.002 1 0.001 0.002 1 0.001 0.002 1 0 0.002 1 0 0.002 1 0 0.002 1 0 0.001 1 0 0.001 1 0 0.001 1 -0.035 -0.999 0.01 -0.035 -0.999 0.01 -0.035 -0.999 0.01 -0.037 -0.999 0.007 -0.037 -0.999 0.007 -0.037 -0.999 0.007 0 -1 0 0.001 -1 0 0 0 -1 0 0 -1 0 0 -1 0 0 -1 0 0 -1 0 1 0 0 1 0 0 1 0 0 1 0 -0.955 0 0.298 -0.955 0 0.298 -0.955 0 0.298 0.434 0.891 -0.135 0.434 0.891 -0.135 0.434 0.891 -0.135 0.434 0.891 -0.135 -0.492 0.857 0.153 -0.492 0.857 0.153 -0.492 0.857 0.153 -0.492 0.857 0.153 -0.758 0 -0.652 -0.758 0 -0.652 -0.758 0 -0.652 -0.851 0 -0.525 -0.851 0 -0.525 -0.851 0 -0.525 -0.792 -0.052 -0.609 -0.792 -0.052 -0.609 -0.792 -0.052 -0.609 0 1 0 0 1 0 0.955 0 -0.298 0.955 0 -0.298 0.955 0 -0.298 0 0 -1 0 0 -1 0 0 -1 0 -1 0 0 -1 0 0 -1 0 0 -1 0 -0.955 0 0.298 -0.955 0 0.298 -0.955 0 0.298 0.434 -0.891 -0.135 0.434 -0.891 -0.135 0.434 -0.891 -0.135 0.434 -0.891 -0.135 -0.492 -0.857 0.153 -0.492 -0.857 0.153 -0.492 -0.857 0.153 -0.492 -0.857 0.153 -0.758 0 -0.652 -0.758 0 -0.652 -0.851 0 -0.525 -0.851 0 -0.525 -0.792 0.052 -0.609 -0.792 0.052 -0.609 -0.792 0.052 -0.609 0 -1 0 0 -1 0 0.955 0 -0.298 0.955 0 -0.298 0.955 0 -0.298 0 0 -1 0 0 -1 0 0 -1 0 0 -1 0 -0.588 -0.809 0 -0.588 -0.809 0 -0.588 -0.809 0 -0.588 -0.809 0 -0.951 0.309 0 -0.951 0.309 0 -0.951 0.309 0 -0.951 0.309 0 -0.588 0.809 0 -0.588 0.809 0 -0.588 0.809 0 -0.588 0.809 0 0 1 0 0 1 0 0 1 0 0 1 0 0.588 0.809 0 0.588 0.809 0 0.588 0.809 0 0.588 0.809 0 -0.951 -0.309 0 -0.951 -0.309 0 -0.951 -0.309 0 -0.951 -0.309 0 0.951 0.309 0 0.951 0.309 0 0.951 0.309 0 0.951 0.309 0 0.951 -0.309 0 0.951 -0.309 0 0.951 -0.309 0 0.951 -0.309 1 0 0 1 0 0 1 0 0 1 0 0 1 0 0 1 0 0 1 0 0 1 0 0 1 0 0 1 0 0 0 0.588 -0.809 0 0.588 -0.809 0 0.588 -0.809 0 0.588 -0.809 0.974 0.216 0.07 0.974 0.216 0.07 0.974 0.216 0.07 0.974 0.216 0.07 0.974 0.134 0.184 0.974 0.134 0.184 0.974 0.134 0.184 0.974 0.134 0.184 0.974 0 0.228 0.974 0 0.228 0.974 0 0.228 0.974 0 0.228 0.974 -0.134 0.184 0.974 -0.134 0.184 0.974 -0.134 0.184 0.974 -0.134 0.184 0.974 -0.216 0.07 0.974 -0.216 0.07 0.974 -0.216 0.07 0.974 -0.216 0.07 0.974 -0.216 -0.07 0.974 -0.216 -0.07 0.974 -0.216 -0.07 0.974 -0.216 -0.07 0.974 -0.134 -0.184 0.974 -0.134 -0.184 0.974 -0.134 -0.184 0.974 -0.134 -0.184 0.974 0 -0.228 0.974 0 -0.228 0.974 0 -0.228 0.974 0 -0.228 0.974 0.134 -0.184 0.974 0.134 -0.184 0.974 0.134 -0.184 0.974 0.134 -0.184 0.974 0.216 -0.07 0.974 0.216 -0.07 0.974 0.216 -0.07 0.974 0.216 -0.07 -1 0 0 -1 0 0 -1 0 0 -1 0 0 -1 0 0 -1 0 0 -1 0 0 -1 0 0 -1 0 0 -1 0 0 0 0.588 -0.809 0 0.588 -0.809 0 0.588 -0.809 0 0.588 -0.809 0 0.951 -0.309 0 0.951 -0.309 0 0.951 -0.309 0 0.951 -0.309 0 0.588 0.809 0 0.588 0.809 0 0.588 0.809 0 0.588 0.809 0 0 1 0 0 1 0 0 1 0 0 1 0 -0.588 0.809 0 -0.588 0.809 0 -0.588 0.809 0 -0.588 0.809 0 -0.951 0.309 0 -0.951 0.309 0 -0.951 0.309 0 -0.951 0.309 0 -0.951 -0.309 0 -0.951 -0.309 0 -0.951 -0.309 0 -0.951 -0.309 0 -0.588 -0.809 0 -0.588 -0.809 0 -0.588 -0.809 0 -0.588 -0.809 0 0 -1 0 0 -1 0 0 -1 0 0 -1 0 0.951 0.309 0 0.951 0.309 0 0.951 0.309 0 0.951 0.309 -0.001 1 0 -0.001 1 0 -0.001 1 0 -0.001 1 0 0 1 0 0 1 0 0 1 0 0 1 0 0 1 0 0 1 0 -0.332 0.916 -0.226 -0.332 0.916 -0.226 -0.332 0.916 -0.226 -0.333 0.914 -0.229 -0.333 0.914 -0.229 -0.333 0.914 -0.229 -0.728 0.28 -0.626 -0.728 0.28 -0.626 -0.728 0.28 -0.626 -0.738 0.188 -0.648 -0.738 0.188 -0.648 -0.738 0.188 -0.648 -0.961 0 -0.276 -0.961 0 -0.276 -0.961 0 -0.276 -0.961 0 -0.276 0 0.283 -0.959 0 0.283 -0.959 0 0.283 -0.959 0 0.283 -0.959 0.166 0 -0.986 0.166 0 -0.986 0.166 0 -0.986 0.166 0 -0.986 -0.877 0.175 -0.448 -0.877 0.175 -0.448 -0.877 0.175 -0.448 -0.883 0.224 -0.413 -0.883 0.224 -0.413 -0.883 0.224 -0.413 -0.001 0.91 -0.414 -0.001 0.91 -0.414 -0.001 0.91 -0.414 0.002 0.881 -0.472 0.002 0.881 -0.472 0.002 0.881 -0.472 0 1 0 0 1 0 0 1 0 0 1 0 -0.95 0 0.311 -0.95 0 0.311 -0.95 0 0.311 -0.95 0 0.311 -0.009 0.927 -0.374 -0.009 0.927 -0.374 -0.009 0.927 -0.374 0 0.931 -0.365 0 0.931 -0.365 0 0.931 -0.365 -0.397 0.885 0.244 -0.397 0.885 0.244 -0.397 0.885 0.244 -0.36 0.902 0.237 -0.36 0.902 0.237 -0.36 0.902 0.237 -0.409 0.903 0.134 -0.409 0.903 0.134 -0.409 0.903 0.134 -0.432 0.889 0.155 -0.432 0.889 0.155 -0.432 0.889 0.155 -0.411 0.911 0.043 -0.411 0.911 0.043 -0.411 0.911 0.043 -0.411 0.911 0.043 -0.431 0.889 0.157 -0.431 0.889 0.157 -0.431 0.889 0.157 0.979 0 -0.205 0.979 0 -0.205 0.979 0 -0.205 0.403 0.911 -0.094 0.403 0.911 -0.094 0.403 0.911 -0.094 0.403 0.911 -0.094 0.406 0.908 -0.102 0.406 0.908 -0.102 0.406 0.908 -0.102 0.402 0.91 -0.102 0.402 0.91 -0.102 0.402 0.91 -0.102 0 0 -1 0 0 -1 0 0 -1 0 0 -1 0.436 0.895 -0.091 0.436 0.895 -0.091 0.436 0.895 -0.091 0.414 0.907 -0.083 0.414 0.907 -0.083 0.414 0.907 -0.083 0.969 0 -0.246 0.969 0 -0.246 0.969 0 -0.246 0.969 0 -0.246 -0.995 0 0.104 -0.995 0 0.104 -0.995 0 0.104 -0.995 0 0.104 -0.835 0 0.55 -0.835 0 0.55 -0.835 0 0.55 -0.835 0 0.55 -0.827 0 -0.562 -0.827 0 -0.562 -0.827 0 -0.562 -0.023 0 -1 -0.023 0 -1 -0.023 0 -1 -0.023 0 -1 -0.971 0.043 0.236 -0.971 0.043 0.236 -0.971 0.043 0.236 -0.984 0 0.178 -0.984 0 0.178 -0.984 0 0.178 0.08 0.164 -0.983 0.08 0.164 -0.983 0.08 0.164 -0.983 0.08 0.164 -0.983 0 1 0 0 1 0 0.974 0 -0.228 0.974 0 -0.228 0.974 0 -0.228 1 0 0 1 0 0 1 0 0 1 0 0 -0.001 -1 0 -0.001 -1 0 -0.001 -1 0 -0.001 -1 0 0 -1 0 0 -1 0 0 -1 0 0 -1 0 0 -1 0 0 -1 0 -0.333 -0.914 -0.229 -0.333 -0.914 -0.229 -0.333 -0.914 -0.229 -0.332 -0.916 -0.226 -0.332 -0.916 -0.226 -0.332 -0.916 -0.226 -0.728 -0.28 -0.626 -0.728 -0.28 -0.626 -0.728 -0.28 -0.626 -0.738 -0.188 -0.648 -0.738 -0.188 -0.648 -0.738 -0.188 -0.648 -0.961 0 -0.276 -0.961 0 -0.276 0 -0.283 -0.959 0 -0.283 -0.959 0 -0.283 -0.959 0 -0.283 -0.959 0.166 0 -0.986 0.166 0 -0.986 -0.883 -0.224 -0.413 -0.883 -0.224 -0.413 -0.883 -0.224 -0.413 -0.877 -0.175 -0.448 -0.877 -0.175 -0.448 -0.877 -0.175 -0.448 -0.001 -0.91 -0.414 -0.001 -0.91 -0.414 -0.001 -0.91 -0.414 0.002 -0.881 -0.472 0.002 -0.881 -0.472 0.002 -0.881 -0.472 0 -1 0 0 -1 0 0 -1 0 0 -1 0 -0.95 0 0.311 -0.95 0 0.311 -0.009 -0.927 -0.374 -0.009 -0.927 -0.374 -0.009 -0.927 -0.374 0 -0.931 -0.365 0 -0.931 -0.365 0 -0.931 -0.365 -0.397 -0.885 0.244 -0.397 -0.885 0.244 -0.397 -0.885 0.244 -0.36 -0.902 0.237 -0.36 -0.902 0.237 -0.36 -0.902 0.237 -0.409 -0.903 0.134 -0.409 -0.903 0.134 -0.409 -0.903 0.134 -0.432 -0.889 0.155 -0.432 -0.889 0.155 -0.432 -0.889 0.155 -0.411 -0.911 0.043 -0.411 -0.911 0.043 -0.411 -0.911 0.043 -0.411 -0.911 0.043 -0.431 -0.889 0.157 -0.431 -0.889 0.157 -0.431 -0.889 0.157 0.979 0 -0.205 0.979 0 -0.205 0.979 0 -0.205 0.403 -0.911 -0.094 0.403 -0.911 -0.094 0.403 -0.911 -0.094 0.403 -0.911 -0.094 0.402 -0.91 -0.102 0.402 -0.91 -0.102 0.402 -0.91 -0.102 0.406 -0.908 -0.102 0.406 -0.908 -0.102 0.406 -0.908 -0.102 0 0 -1 0 0 -1 0.414 -0.907 -0.083 0.414 -0.907 -0.083 0.414 -0.907 -0.083 0.436 -0.895 -0.091 0.436 -0.895 -0.091 0.436 -0.895 -0.091 0.969 0 -0.246 0.969 0 -0.246 -0.995 0 0.104 -0.995 0 0.104 -0.835 0 0.55 -0.835 0 0.55 -0.827 0 -0.562 -0.827 0 -0.562 -0.827 0 -0.562 -0.023 0 -1 -0.023 0 -1 -0.984 0 0.178 -0.971 -0.043 0.236 -0.971 -0.043 0.236 -0.971 -0.043 0.236 0.08 -0.164 -0.983 0.08 -0.164 -0.983 0.08 -0.164 -0.983 0.08 -0.164 -0.983 0 -1 0 0 -1 0 0.974 0 -0.228 0.974 0 -0.228 0.974 0 -0.228 1 0 0 1 0 0 1 0 0 1 0 0 0 0 1 0 0 1 0 0 1 0 0 1 0.947 0 -0.32 0.947 0 -0.32 0.947 0 -0.32 0.947 0 -0.32 0 0 -1 0 0 -1 0 0 -1 0 0 -1 -0.947 0 0.32 -0.947 0 0.32 -0.947 0 0.32 -0.947 0 0.32 0 -1 0 0 -1 0 0 -1 0 0 -1 0 0 1 0 0 1 0 0 1 0 0 1 0 0 0 1 0 0 1 0 0 1 0 0 1 0.947 0 -0.32 0.947 0 -0.32 0.947 0 -0.32 0.947 0 -0.32 0 0 -1 0 0 -1 0 0 -1 0 0 -1 -0.947 0 0.32 -0.947 0 0.32 -0.947 0 0.32 -0.947 0 0.32 0 -1 0 0 -1 0 0 -1 0 0 -1 0 0 1 0 0 1 0 0 1 0 0 1 0 0 0 1 0 0 1 0 0 1 0 0 1 0.947 0 -0.32 0.947 0 -0.32 0.947 0 -0.32 0.947 0 -0.32 0 0 -1 0 0 -1 0 0 -1 0 0 -1 -0.947 0 0.32 -0.947 0 0.32 -0.947 0 0.32 -0.947 0 0.32 0 -1 0 0 -1 0 0 -1 0 0 -1 0 0 1 0 0 1 0 0 1 0 0 1 0 0 0 1 0 0 1 0 0 1 0 0 1 0.947 0 -0.32 0.947 0 -0.32 0.947 0 -0.32 0.947 0 -0.32 0 0 -1 0 0 -1 0 0 -1 0 0 -1 -0.947 0 0.32 -0.947 0 0.32 -0.947 0 0.32 -0.947 0 0.32 0 -1 0 0 -1 0 0 -1 0 0 -1 0 0 1 0 0 1 0 0 1 0 0 1 0 1 0 0 1 0 0 0 -0.002 -1 0 -0.002 -1 0 -0.002 -1 -0.001 0 -1 -0.001 0 -1 -0.001 0 -1 0 1 0 0 1 0 0 1 0 0 1 0 0.002 1 0 0.002 1 0 0.002 1 0 0.001 1 0 0.001 1 0 0.001 1 0 0.001 -0.001 1 0.001 -0.001 1 0.001 -0.001 1 0.001 0 1 0.001 0 1 0.001 0 1 0 0.935 0.354 0 0.935 0.354 0 0.935 0.354 0 0.935 0.354 0.001 0.375 0.927 0.001 0.375 0.927 0.001 0.375 0.927 0.001 0.375 0.927 0.002 1 0 0.002 1 0 0.004 0.001 1 0.004 0.001 1 0.004 0.001 1 0.003 0.002 1 0.003 0.002 1 0.003 0.002 1 0.002 0.901 0.433 0.002 0.901 0.433 0.002 0.901 0.433 0.002 0.901 0.433 0 0 1 0 0 1 0 0 1 0 0 1 0.947 0 -0.32 0.947 0 -0.32 0.947 0 -0.32 0.947 0 -0.32 0 0 -1 0 0 -1 0 0 -1 0 0 -1 -0.947 0 0.32 -0.947 0 0.32 -0.947 0 0.32 -0.947 0 0.32 0 1 0 0 1 0 0 1 0 0 1 0 0 -1 0 0 -1 0 0 -1 0 0 -1 0 0 0 1 0 0 1 0 0 1 0 0 1 0.947 0 -0.32 0.947 0 -0.32 0.947 0 -0.32 0.947 0 -0.32 0 0 -1 0 0 -1 0 0 -1 0 0 -1 -0.947 0 0.32 -0.947 0 0.32 -0.947 0 0.32 -0.947 0 0.32 0 1 0 0 1 0 0 1 0 0 1 0 0 -1 0 0 -1 0 0 -1 0 0 -1 0 0 0 1 0 0 1 0 0 1 0 0 1 0.947 0 -0.32 0.947 0 -0.32 0.947 0 -0.32 0.947 0 -0.32 0 0 -1 0 0 -1 0 0 -1 0 0 -1 -0.947 0 0.32 -0.947 0 0.32 -0.947 0 0.32 -0.947 0 0.32 0 1 0 0 1 0 0 1 0 0 1 0 0 -1 0 0 -1 0 0 -1 0 0 -1 0 0 0 1 0 0 1 0 0 1 0 0 1 0.947 0 -0.32 0.947 0 -0.32 0.947 0 -0.32 0.947 0 -0.32 0 0 -1 0 0 -1 0 0 -1 0 0 -1 -0.947 0 0.32 -0.947 0 0.32 -0.947 0 0.32 -0.947 0 0.32 0 1 0 0 1 0 0 1 0 0 1 0 0 -1 0 0 -1 0 0 -1 0 0 -1 0 1 0 0 0 0.002 -1 0 0.002 -1 0 0.002 -1 -0.001 0 -1 0 -1 0 0 -1 0 0 -1 0 0 -1 0 0.001 -1 0 0.001 -1 0 0.001 -1 0 0.002 -1 0 0.002 -1 0 0.002 -1 0 0.001 0.001 1 0.001 0.001 1 0.001 0.001 1 0.001 0 1 0.001 0 1 0 -0.935 0.354 0 -0.935 0.354 0 -0.935 0.354 0 -0.935 0.354 0.001 -0.375 0.927 0.001 -0.375 0.927 0.001 -0.375 0.927 0.001 -0.375 0.927 0.002 -1 0 0.002 -1 0 0.003 -0.002 1 0.003 -0.002 1 0.003 -0.002 1 0.004 -0.001 1 0.004 -0.001 1 0.004 -0.001 1 0.002 -0.901 0.433 0.002 -0.901 0.433 0.002 -0.901 0.433 0.002 -0.901 0.433</float_array><technique_common><accessor source="#g-n-a" count="2340" stride="3"><param name="X" type="float"/><param name="Y" type="float"/><param name="Z" type="float"/></accessor></technique_common></source>
<vertices id="g-v"><input semantic="POSITION" source="#g-p"/><input semantic="NORMAL" source="#g-n"/></vertices>
<triangles material="m0" count="224"><input semantic="VERTEX" source="#g-v" offset="0"/><p>588 589 590 591 592 593 594 595 596 597 598 599 600 601 602 600 602 603 604 605 606 605 604 607 608 609 610 611 612 613 614 615 616 614 617 615 618 619 620 621 622 623 624 625 626 625 624 627 628 629 630 629 628 631 632 633 634 635 636 637 638 639 640 639 638 641 642 643 644 645 646 647 648 649 650 648 651 649 652 653 654 653 652 655 656 657 658 657 656 659 660 661 662 663 664 665 666 667 668 669 670 671 672 673 674 675 676 677 678 679 680 679 678 681 682 683 684 685 686 687 688 689 690 689 688 691 692 693 694 695 692 694 696 697 698 699 700 701 702 703 704 705 706 707 708 709 710 709 708 711 712 713 714 715 716 717 718 719 720 721 722 723 724 725 726 725 724 727 728 729 730 731 728 730 732 733 734 733 732 735 736 737 738 736 739 737 740 741 742 741 740 743 744 745 746 744 747 745 748 749 750 751 752 753 754 755 756 752 751 757 758 759 760 761 762 763 761 764 762 765 766 767 768 769 770 769 768 771 772 773 774 773 772 775 776 777 778 776 778 779 780 781 782 780 783 781 784 785 786 785 784 787 788 789 790 789 788 791 792 793 794 794 795 792 796 797 798 799 798 797 800 801 802 800 803 801 1802 1803 1804 1805 1804 1803 1806 1807 1808 1808 1809 1806 1810 1809 1808 1809 1810 1811 1812 1813 1814 1815 1816 1817 1818 1819 1820 1821 1822 1823 1824 1825 1826 1825 1824 1827 1828 1829 1830 1829 1828 1831 1832 1833 1834 1834 1833 1835 1836 1837 1838 1839 1840 1841 1842 1843 1844 1845 1846 1847 1848 1849 1850 1851 1849 1848 1852 1853 1854 1852 1854 1855 1856 1857 1858 1859 1860 1861 1862 1863 1864 1865 1866 1867 1868 1869 1870 1871 1872 1873 1874 1875 1876 1877 1874 1876 1878 1879 1880 1881 1882 1883 1884 1885 1886 1885 1884 1887 1888 1889 1890 1891 1892 1893 1894 1895 1896 1895 1894 1897 1898 1899 1900 1901 1902 1903 1904 1905 1906 1904 1906 1907 1908 1909 1910 1908 1910 1911 1912 1913 1914 1913 1912 1915 1916 1917 1918 1919 1920 1921 1920 1919 1922 1923 1924 1925 1926 1927 1928 1929 1930 1931 1930 1929 1932 1933 1934 1807 1807 1806 1933 1935 1936 1937 1938 1939 1940 1938 1941 1939 1848 1811 1810 1850 1811 1848 1942 1943 1944 1943 1942 1945 1946 1947 1948 1947 1946 1949 1949 1950 1947 1950 1949 1951 1952 1953 1954 1955 1956 1957 1958 1959 1960 1961 1962 1963 1964 1824 1826 1824 1964 1965 1966 1967 1968 1967 1966 1969 1833 1970 1835 1970 1833 1971 1972 1973 1974 1975 1976 1977 1978 1979 1980 1981 1982 1983 1984 1985 1986 1984 1987 1985 1988 1852 1855 1852 1988 1989 1990 1991 1992 1993 1994 1995 1996 1997 1998 1999 2000 2001 2002 2003 2004 2005 2006 2007 2008 2009 2010 2009 2008 2011 2012 2013 2014 2015 1882 2016 1882 2015 1883 1882 1881 2017 2018 2019 2020 2019 2018 2021 2022 2023 2024 2025 2026 2027 2028 1895 1897 1895 2028 2029 2030 2031 2032 2033 2034 2035 1906 2036 2037 2036 1906 1905 2038 1908 1911 1908 2038 2039 1912 2040 1915 2040 1912 2041 1917 1916 2042 2043 1917 2044 2043 1918 1917 1920 2045 2046 2045 1920 1922 2047 1926 1928 2048 2049 2050 2051 2052 2053 2052 2051 2054 2055 1948 2056 1946 1948 2055 2057 1936 2058 1936 2057 1937 1936 1935 2059 1941 2060 1939 1941 2061 2060 1941 1938 2062 2063 1939 2060 1985 1950 1951 1986 1985 1951</p></triangles>
<triangles material="m1" count="456"><input semantic="VERTEX" source="#g-v" offset="0"/><p>804 805 806 807 808 809 810 811 812 813 814 815 816 817 818 817 816 819 820 821 822 821 820 823 824 825 826 824 826 827 828 829 830 831 806 832 833 834 835 836 837 838 839 840 841 840 839 842 843 844 845 844 843 846 847 848 849 848 847 850 851 852 853 852 851 854 855 856 857 858 855 857 859 860 861 862 863 864 865 866 867 868 869 870 869 868 871 872 873 874 838 837 875 876 877 878 877 876 879 880 881 882 883 882 881 884 885 886 887 888 889 890 891 836 892 893 894 895 896 897 896 895 898 899 900 901 902 899 901 903 904 905 904 903 906 907 908 909 910 911 912 913 914 915 916 917 918 919 920 921 922 923 924 925 926 927 928 929 930 931 831 832 932 933 934 933 932 935 936 937 938 937 936 939 940 941 942 938 940 943 938 941 940 938 943 936 941 944 942 944 945 946 945 944 941 947 948 949 948 947 950 951 952 953 954 955 956 957 958 959 960 961 962 963 964 965 966 967 968 969 970 971 972 971 970 973 974 975 974 973 976 977 978 979 980 981 982 983 984 985 986 987 988 989 990 991 992 993 994 995 996 997 996 995 998 999 1000 1001 1000 999 1002 1003 1004 969 1005 997 996 1006 1007 1008 1006 1009 1007 1010 1011 1012 1011 1010 1013 1014 1015 1016 1015 1014 1017 1018 1019 938 941 938 1019 941 1019 1020 1016 1021 1014 1014 1021 1022 1023 1024 1025 1026 1027 1028 1029 1030 1031 1032 1033 1034 1035 1036 1037 1038 1039 1040 1041 969 971 969 1041 1003 1042 997 1043 997 1042 995 1044 1045 1046 1047 1048 1049 1050 1051 1052 1053 1054 1055 1056 1057 1058 1059 1060 1061 1062 1063 1064 1063 1062 1065 1066 1067 1068 1067 1066 1069 1070 1071 1072 1071 1070 1073 1074 1075 1076 1075 1074 1077 1078 1079 1080 1079 1078 1081 1082 1083 1084 1085 1086 1087 1088 1089 1090 1091 1092 1093 1094 1095 1096 1097 1098 1099 1100 1101 1102 1103 1104 1105 1106 1107 1108 1109 1110 1111 1112 1113 1114 1113 1112 1115 1116 1117 1118 1119 1120 1121 1122 1123 1124 1123 1122 1125 1126 1127 1128 1129 1130 1131 1132 1133 1134 1135 1136 1137 1138 1139 1140 1139 1138 1141 1142 1143 1144 1143 1142 1145 1146 1147 1148 1149 1150 1151 1152 1153 1154 1155 1156 1157 1158 1159 1160 1159 1158 1161 1162 1163 1164 1162 1164 1165 1166 1167 1168 1169 1170 1171 1172 1173 1174 1175 1176 1177 1178 1179 1180 1181 1182 1183 1184 1185 1186 1187 1188 1189 1187 1189 1190 1187 1191 1188 1192 1193 1194 1195 1196 1197 1198 1193 1199 1200 1201 1202 1199 1193 1203 1204 1193 1198 1205 1206 1207 1208 1209 1210 1211 1212 1213 1214 1215 1216 1217 976 973 1218 1219 1220 1221 1222 1223 1224 976 1225 1012 1226 1227 1226 1012 1011 1228 1229 1230 1231 1232 1233 1234 1235 1236 1237 1238 1239 1240 1241 1242 1243 1244 1245 1246 1247 1248 1249 1250 1251 1252 1253 1254 1255 1256 1257 1258 1259 1260 1261 1262 1263 1264 1265 1266 1267 1268 1269 969 1270 970 1002 1271 1005 945 1272 946 1272 1273 1274 937 939 1275 1275 1276 937 1276 1277 1278 1276 1275 1277 1273 1276 1278 1273 1272 945 1273 1278 1274 1279 1280 1281 1279 1281 1282 1283 1284 1285 1286 1287 1288 1289 1290 1291 1292 1293 1294 1295 1296 1297 1298 1299 1300 1301 1302 1303 1301 1303 1304 1305 1306 1307 1305 1307 1308 1309 1310 1311 1312 1313 1314 1315 1316 1317 1318 1319 1320 1321 1322 1323 1324 1325 1326 1327 1328 1329 1328 1327 1330 1331 1332 1333 1332 1331 1334 1335 1336 1302 1329 1337 1327 1338 1339 1340 1341 1340 1339 1342 1343 1344 1342 1345 1343 1015 1346 1347 1346 1015 1017 1276 1348 1349 1348 1273 1350 1273 1348 1276 1351 1347 1346 1346 1352 1351 1353 1354 1355 1356 1357 1358 1359 1360 1361 1362 1363 1364 1365 1366 1367 1368 1369 1370 1302 1371 1303 1371 1302 1336 1329 1372 1373 1372 1329 1328 1374 1375 1376 1377 1378 1379 1052 1051 1380 1381 1382 1383 1384 1385 1386 1387 1388 1389 1390 1391 1392 1390 1393 1391 1394 1395 1396 1395 1394 1397 1398 1399 1400 1400 1401 1398 1402 1403 1404 1402 1404 1405 1406 1407 1408 1407 1406 1409 1410 1411 1412 1413 1414 1415 1416 1417 1418 1419 1420 1421 1422 1423 1424 1425 1426 1427 1428 1429 1430 1431 1432 1433 1434 1435 1436 1437 1438 1439 1440 1441 1442 1441 1440 1443 1444 1445 1446 1447 1448 1449 1450 1451 1452 1452 1453 1450 1454 1455 1456 1457 1458 1459 1460 1461 1462 1463 1464 1465 1466 1467 1468 1469 1467 1466 1470 1471 1472 1471 1470 1473 1474 1475 1476 1477 1478 1479 1480 1481 1482 1153 1483 1154 1484 1485 1486 1487 1486 1485 1488 1489 1490 1489 1488 1491 1492 1493 1494 1495 1496 1497 1498 1499 1500 1501 1502 1503 1504 1505 1506 1507 1508 1509 1510 1511 1512 1513 1514 1515 1516 1517 1518 1519 1515 1514 1520 1514 1513 1521 1522 1523 1524 1525 1526 1527 1528 1529 1527 1530 1531 1527 1532 1528 1533 1527 1529 1534 1535 1536 1537 1538 1539 1540 1541 1542 1543 1307 1306 1544 1545 1546 1547 1548 1549 1550 1551 1306 1552 1344 1553 1552 1342 1344 1554 1555 1556 1557 1558 1559 1560 1561 1562 1563 1564 1565 1566 1567 1568 1569 1570 1571 1572 1573 1574 1575 1576 1577 1578 1579 1580 1581 1582 1583 1584 1585 1586 1587 1588 1589 1590 1591 1592 1593 1594 1595 1596 1333 1337 1597 1302 1301 1598 1599 1600 1599 1598 1601 1602 1599 1601 1603 1604 1605 1606 1604 1603 1607 1608 1609 1610 1611 1612 1611 1610 1613 1614 1615 1616 1617 1615 1614 1618 1619 1620 1621 1622 1623 1624 1625 1626 1603 1627 1606 1627 1603 1628 1629 1630 1631 1598 1632 1601 1632 1633 1601 1632 1598 1634 1635 1636 1637 1637 1638 1635 1639 1609 1608 1640 1608 1641 1608 1640 1639 1642 1643 1644 1643 1642 1645 1646 1647 1648 1648 1649 1646 1650 1620 1651 1622 1652 1653 1654 1655 1656 1657 1635 1638 1635 1657 1658 1659 1631 1630 1630 1660 1659 1630 1661 1660 1662 1663 1664 1663 1662 1665 1666 1667 1668 1667 1666 1669 1670 1671 1672 1671 1670 1673 1674 1675 1676 1675 1674 1677 1678 1679 1680 1679 1678 1681 1682 1683 1684 1683 1682 1685 1686 1687 1688 1687 1686 1689 1690 1691 1692 1693 1692 1691 1694 1695 1696 1697 1696 1695 1698 1699 1700 1701 1698 1702 1701 1699 1698 1701 1703 1704 1701 1702 1703 1700 1699 1705 1706 1699 1701 1699 1706 1707 1708 1709 1710 1709 1708 1711 1712 1713 1714 1713 1712 1715 1716 1717 1718 1718 1719 1716 1720 1721 1722 1720 1723 1721 1724 1725 1726 1725 1724 1727 1728 1729 1730 1729 1728 1731 1732 1733 1734 1733 1732 1735 1736 1737 1738 1737 1736 1739 1740 1741 1742 1740 1742 1743 1744 1745 1746 1745 1744 1747 1748 1749 1750 1749 1748 1751 1752 1753 1754 1752 1754 1755 1753 1752 1756 1753 1756 1757 1758 1759 1760 1759 1756 1752 1756 1759 1758 1757 1756 1761 1762 1763 1764 1762 1765 1763 1766 1767 1768 1767 1766 1769 1770 1771 1772 1771 1770 1773 1774 1775 1776 1775 1774 1777 1778 1779 1780 1779 1778 1781 1782 1783 1784 1782 1784 1785 1786 1787 1788 1786 1788 1789 1790 1791 1792 1790 1792 1793 1794 1795 1796 1794 1796 1797 1798 1799 1800 1799 1798 1801</p></triangles>
<triangles material="m2" count="136"><input semantic="VERTEX" source="#g-v" offset="0"/><p>2064 2065 2066 2067 2065 2064 2068 2069 2070 2069 2068 2071 2072 2073 2074 2073 2072 2075 2076 2077 2078 2078 2079 2076 2080 2081 2082 2081 2080 2083 2084 2085 2086 2085 2084 2087 2088 2089 2090 2091 2089 2088 2092 2093 2094 2093 2092 2095 2096 2097 2098 2097 2096 2099 2100 2101 2102 2102 2103 2100 2104 2105 2106 2105 2104 2107 2108 2109 2110 2109 2108 2111 2112 2113 2114 2115 2113 2112 2116 2117 2118 2117 2116 2119 2120 2121 2122 2121 2120 2123 2124 2125 2126 2126 2127 2124 2128 2129 2130 2129 2128 2131 2132 2133 2134 2133 2132 2135 2136 2137 2138 2139 2137 2136 2140 2141 2142 2141 2140 2143 2144 2145 2146 2145 2144 2147 2148 2149 2150 2150 2151 2148 2152 2153 2154 2153 2152 2155 2156 2157 2158 2157 2156 2159 2160 937 2161 2162 2163 2164 2165 2166 2167 2168 2169 2170 2171 2170 2169 2172 2173 2174 2175 2176 2177 2178 2179 2180 2181 2182 2183 2184 2185 2186 2185 2184 2187 2188 2189 2190 2191 2190 2189 2192 2174 2193 2174 2192 2172 2194 2195 2196 2197 2198 2199 2200 2201 2202 2201 2200 2203 2204 2205 2206 2205 2204 2207 2208 2209 2210 2209 2208 2211 2212 2213 2214 2213 2212 2215 2216 2217 2218 2219 2217 2216 2220 2221 2222 2221 2220 2223 2224 2225 2226 2225 2224 2227 2228 2229 2230 2229 2228 2231 2232 2233 2234 2233 2232 2235 2236 2237 2238 2237 2236 2239 2240 2241 2242 2243 2241 2240 2244 2245 2246 2245 2244 2247 2248 2249 2250 2249 2248 2251 2252 2253 2254 2253 2252 2255 2256 2257 2258 2257 2256 2259 2260 2261 2262 2261 2260 2263 2264 2265 2266 2267 2265 2264 2268 2269 2270 2269 2268 2271 2272 2273 2274 2273 2272 2275 2276 2277 2278 2277 2276 2279 2280 2281 2282 2281 2280 2283 2284 2285 2286 2285 2284 2287 2288 2289 2290 2291 2289 2288 2292 2293 2294 2293 2292 2295 2296 2297 2298 2297 2296 2299 937 2160 938 937 2300 2161 2300 937 1276 2301 2302 2303 2304 2165 2167 2305 2306 2307 2305 2307 2308 2309 2310 2311 2312 2313 2314 2315 2316 2317 2318 2319 2183 2320 2321 2322 2320 2323 2321 2324 2325 2326 2324 2326 2327 2328 2314 2313 2314 2328 2329 2330 2331 2332 2333 2334 2335 2336 2337 2338 2339 2337 2336</p></triangles>
<triangles material="m3" count="224"><input semantic="VERTEX" source="#g-v" offset="0"/><p>0 1 2 3 0 2 4 5 6 7 8 9 10 11 12 13 14 15 16 17 18 19 17 16 20 21 22 20 23 21 24 25 26 27 28 29 30 31 32 33 34 35 36 37 38 37 36 39 40 41 42 41 40 43 44 45 46 47 48 49 50 51 52 53 54 55 56 57 58 57 56 59 60 61 62 63 60 62 64 65 66 67 68 69 70 71 72 73 74 75 76 77 78 76 79 77 80 81 82 81 80 83 84 85 86 87 88 89 90 91 92 93 94 95 96 97 98 97 96 99 100 101 102 101 100 103 104 105 106 107 108 109 110 111 112 113 114 115 116 117 118 117 116 119 120 121 122 122 123 120 124 125 126 127 128 129 130 131 132 133 134 135 136 137 138 137 136 139 140 141 142 141 140 143 144 145 146 147 148 149 150 151 152 153 154 155 156 157 158 157 156 159 160 161 162 160 163 161 164 165 166 167 168 169 170 171 172 173 174 175 176 177 178 179 178 177 180 181 182 183 180 182 184 185 186 187 188 189 190 191 192 193 194 195 196 197 198 196 199 197 200 201 202 203 204 205 206 207 208 209 210 211 212 213 214 215 216 217 218 219 220 221 222 223 224 225 226 227 228 229 230 231 232 233 234 235 236 237 238 239 231 230 240 241 242 243 244 245 246 247 248 249 250 251 252 253 254 255 256 257 258 259 260 261 262 263 264 265 266 267 268 269 270 271 272 273 274 275 276 277 278 279 280 281 282 283 284 285 286 287 288 289 290 291 292 293 294 295 296 297 298 299 300 301 302 303 304 305 306 307 308 309 307 306 310 311 312 311 310 313 314 315 316 317 318 319 320 321 322 323 324 325 326 327 328 329 326 328 330 331 332 333 331 330 334 335 336 337 338 339 340 341 342 343 344 345 346 347 348 349 347 346 350 351 352 351 350 353 354 355 356 357 358 359 360 361 362 363 364 365 366 367 368 369 367 366 370 371 372 371 370 373 374 375 376 377 378 379 380 381 382 383 384 385 386 387 388 387 386 389 390 391 392 391 390 393 394 395 396 397 398 399 400 401 402 403 404 405 406 407 408 409 407 406 410 411 412 413 410 412 414 415 416 417 418 419 420 421 422 423 424 425 426 427 428 427 426 429 430 431 432 431 430 433 434 435 436 437 438 439 440 441 442 443 444 445 446 447 448 449 447 446 450 451 452 452 453 450 454 455 456 457 458 459 460 461 462 463 464 465 466 467 468 467 466 469 470 471 472 470 472 473 474 475 476 477 478 479 480 481 482 483 484 485 486 487 488 489 487 486 490 491 492 491 490 493 494 495 496 497 498 499 500 501 502 503 504 505 506 507 508 509 510 511 512 513 514 515 516 517 518 519 520 521 522 523 523 524 521 525 526 527 528 529 530 531 532 533 534 535 536 537 538 539 540 541 542 543 544 545 546 547 548 549 550 551 552 553 554 555 556 557 558 559 560 561 562 563 564 565 566 567 568 569 570 571 572 573 574 575 576 577 578 579 580 581 582 583 584 585 586 587</p></triangles>
</mesh></geometry></library_geometries><library_visual_scenes><visual_scene id="Scene"><node id="n" name="pistol"><instance_geometry url="#g"><bind_material><technique_common>
<instance_material symbol="m0" target="#m0"/>
<instance_material symbol="m1" target="#m1"/>
<instance_material symbol="m2" target="#m2"/>
<instance_material symbol="m3" target="#m3"/>
</technique_common></bind_material></instance_geometry></node></visual_scene></library_visual_scenes><scene><instance_visual_scene url="#Scene"/></scene></COLLADA>
