<?xml version="1.0" encoding="utf-8"?>
<COLLADA xmlns="http://www.collada.org/2005/11/COLLADASchema" version="1.4.1">
<asset><contributor><authoring_tool>VATs starter props (see CREDITS.md)</authoring_tool></contributor><unit name="meter" meter="1"/><up_axis>Z_UP</up_axis></asset>
<library_effects>
<effect id="m0-fx"><profile_COMMON><technique sid="common"><lambert><diffuse><color>0.360 0.390 0.430 1</color></diffuse></lambert></technique></profile_COMMON></effect>
<effect id="m1-fx"><profile_COMMON><technique sid="common"><lambert><diffuse><color>0.240 0.250 0.280 1</color></diffuse></lambert></technique></profile_COMMON></effect>
<effect id="m2-fx"><profile_COMMON><technique sid="common"><lambert><diffuse><color>0.200 0.230 0.270 1</color></diffuse></lambert></technique></profile_COMMON></effect>
<effect id="m3-fx"><profile_COMMON><technique sid="common"><lambert><diffuse><color>0.620 0.470 0.340 1</color></diffuse></lambert></technique></profile_COMMON></effect>
<effect id="m4-fx"><profile_COMMON><technique sid="common"><lambert><diffuse><color>0.400 0.300 0.230 1</color></diffuse></lambert></technique></profile_COMMON></effect>
</library_effects><library_materials>
<material id="m0" name="m0"><instance_effect url="#m0-fx"/></material>
<material id="m1" name="m1"><instance_effect url="#m1-fx"/></material>
<material id="m2" name="m2"><instance_effect url="#m2-fx"/></material>
<material id="m3" name="m3"><instance_effect url="#m3-fx"/></material>
<material id="m4" name="m4"><instance_effect url="#m4-fx"/></material>
</library_materials><library_geometries><geometry id="g" name="rifle"><mesh>
<source id="g-p"><float_array id="g-p-a" count="7002">0.2545 -0.0136 0.0985 0.2497 0.0136 0.0985 0.2497 -0.0136 0.0985 0.2545 0.0136 0.0985 0.2545 -0.0136 0.0602 0.2645 -0.0136 0.0985 0.2545 -0.0136 0.0985 0.2645 -0.0136 0.0595 0.2545 0.0097 0.0519 0.2645 -0.0097 0.0511 0.2545 -0.0097 0.0519 0.2645 0.0097 0.0511 0.2645 0.0136 0.0985 0.2645 0.0136 0.0595 0.2545 0.0136 0.0602 0.2545 0.0136 0.0985 0.2545 -0.0097 0.0519 0.2645 -0.0125 0.0536 0.2545 -0.0125 0.0543 0.2645 -0.0097 0.0511 0.2545 -0.0125 0.0543 0.2645 -0.0136 0.0595 0.2545 -0.0136 0.0602 0.2645 -0.0125 0.0536 0.2545 0.0136 0.0602 0.2645 0.0136 0.0595 0.2545 0.0125 0.0543 0.2645 0.0125 0.0536 0.2545 0.0125 0.0543 0.2645 0.0097 0.0511 0.2545 0.0097 0.0519 0.2645 0.0125 0.0536 0.2645 -0.0136 0.0985 0.2645 0.0136 0.0985 0.2397 0.0097 0.0606 0.2397 0.0136 0.069 0.2397 0.0125 0.0631 0.2397 -0.0136 0.069 0.2397 -0.0097 0.0606 0.2397 -0.0125 0.0631 0.2397 -0.0136 0.0884 0.2397 0.0136 0.0884 0.2426 -0.0136 0.0955 0.2497 0.0136 0.0985 0.2426 0.0136 0.0955 0.2497 -0.0136 0.0985 0.2426 -0.0136 0.0955 0.2426 0.0136 0.0955 0.2397 0.0136 0.0884 0.2397 -0.0136 0.0884 0.3962 0.0136 0.0955 0.3992 -0.0136 0.0884 0.3992 0.0136 0.0884 0.3962 -0.0136 0.0955 0.3891 -0.0136 0.0985 0.3962 0.0136 0.0955 0.3891 0.0136 0.0985 0.3962 -0.0136 0.0955 0.2863 0.0136 0.0681 0.2863 0.0136 0.0985 0.3967 -0.0125 0.063 0.2863 -0.0125 0.0622 0.3908 -0.0097 0.0605 0.2863 -0.0097 0.0598 0.3967 -0.0125 0.063 0.2863 -0.0136 0.0681 0.2863 -0.0125 0.0622 0.3992 -0.0136 0.069 0.2863 0.0136 0.0681 0.3967 0.0125 0.063 0.2863 0.0125 0.0622 0.3992 0.0136 0.069 0.3908 0.0097 0.0605 0.2863 0.0097 0.0598 0.2863 0.0125 0.0622 0.3967 0.0125 0.063 0.2545 -0.0125 0.0543 0.2397 -0.0097 0.0606 0.2545 -0.0097 0.0519 0.2397 -0.0125 0.0631 0.2545 -0.0136 0.0602 0.2397 -0.0136 0.069 0.2397 -0.0125 0.0631 0.2545 -0.0125 0.0543 0.2397 0.0125 0.0631 0.2545 0.0136 0.0602 0.2545 0.0125 0.0543 0.2397 0.0136 0.069 0.2545 0.0097 0.0519 0.2397 0.0125 0.0631 0.2545 0.0125 0.0543 0.2397 0.0097 0.0606 0.2863 -0.0125 0.0622 0.2645 -0.0136 0.0595 0.2645 -0.0125 0.0536 0.2863 -0.0136 0.0681 0.2863 0.0125 0.0622 0.2645 0.0097 0.0511 0.2645 0.0125 0.0536 0.2863 0.0097 0.0598 0.2645 -0.0097 0.0511 0.2645 0.0097 0.0511 0.2863 0.0097 0.0598 0.2863 -0.0097 0.0598 0.3992 0.0136 0.069 0.3967 -0.0125 0.063 0.3967 0.0125 0.063 0.3992 -0.0136 0.069 0.3967 0.0125 0.063 0.3908 -0.0097 0.0605 0.3908 0.0097 0.0605 0.3967 -0.0125 0.063 0.0357 0.0105 0.0387 0.0411 0.0074 0.0285 0.0327 0.0105 0.0282 0.0411 0.0074 0.0285 0.0357 0.0105 0.0387 0.0424 0.0074 0.0388 0.0411 -0.0074 0.0285 0.0357 -0.0105 0.0387 0.0327 -0.0105 0.0282 0.0357 -0.0105 0.0387 0.0411 -0.0074 0.0285 0.0424 -0.0074 0.0388 -0.0276 -0.0105 -0.0295 -0.029 -0.0074 -0.0409 -0.0234 -0.0105 -0.0411 -0.0339 -0.0074 -0.0276 -0.029 0.0074 -0.0409 -0.0276 0.0105 -0.0295 -0.0234 0.0105 -0.0411 -0.0339 0.0074 -0.0276 -0.0015 0.0105 -0.0377 -0.0004 0.0074 -0.0483 -0.0076 0.0105 -0.0458 0.0059 0.0074 -0.04 -0.0015 -0.0105 -0.0377 -0.0076 -0.0105 -0.0458 -0.0004 -0.0074 -0.0483 0.0059 -0.0074 -0.04 -0.0111 0.0074 -0.0519 -0.0004 -0.0074 -0.0483 -0.0111 -0.0074 -0.0519 -0.0004 0.0074 -0.0483 -0.0076 -0.0105 -0.0458 -0.02 -0.0074 -0.0492 -0.0111 -0.0074 -0.0519 -0.0234 -0.0105 -0.0411 -0.02 0.0074 -0.0492 -0.0076 0.0105 -0.0458 -0.0111 0.0074 -0.0519 -0.0234 0.0105 -0.0411 -0.029 -0.0074 -0.0409 -0.029 0.0074 -0.0409 -0.02 0.0074 -0.0492 -0.02 -0.0074 -0.0492 0.0187 0.0105 0.0158 0.0059 0.0074 -0.04 -0.0015 0.0105 -0.0377 0.0271 0.0074 0.0162 0.0327 -0.0105 0.0282 0.0187 -0.0105 0.0158 0.0271 -0.0074 0.0162 0.0411 -0.0074 0.0285 -0.0276 -0.0105 -0.0295 -0.0191 -0.0074 0.0138 -0.0339 -0.0074 -0.0276 -0.0121 -0.0105 0.0142 -0.016 0.0074 0.0261 -0.0121 0.0105 0.0142 -0.0191 0.0074 0.0138 -0.009 0.0105 0.0264 0.0327 0.0105 0.0282 0.0271 0.0074 0.0162 0.0187 0.0105 0.0158 0.0411 0.0074 0.0285 0.0059 -0.0074 -0.04 0.0187 -0.0105 0.0158 -0.0015 -0.0105 -0.0377 0.0271 -0.0074 0.0162 -0.0121 -0.0105 0.0142 -0.016 -0.0074 0.0261 -0.0191 -0.0074 0.0138 -0.009 -0.0105 0.0264 -0.0276 0.0105 -0.0295 -0.0191 0.0074 0.0138 -0.0121 0.0105 0.0142 -0.0339 0.0074 -0.0276 -0.0104 0.0105 0.0384 -0.009 0.0105 0.0264 -0.016 0.0074 0.0261 -0.0174 0.0074 0.0383 -0.016 -0.0074 0.0261 -0.0104 -0.0105 0.0384 -0.0174 -0.0074 0.0383 -0.009 -0.0105 0.0264 -0.0076 -0.0105 -0.0458 -0.0111 -0.0074 -0.0519 -0.0004 -0.0074 -0.0483 -0.0076 0.0105 -0.0458 -0.0004 0.0074 -0.0483 -0.0111 0.0074 -0.0519 -0.029 0.0074 -0.0409 -0.0234 0.0105 -0.0411 -0.02 0.0074 -0.0492 -0.029 -0.0074 -0.0409 -0.02 -0.0074 -0.0492 -0.0234 -0.0105 -0.0411 -0.1062 0.0056 0.0226 -0.1275 -0.0056 0.0158 -0.1275 0.0056 0.0158 -0.1062 -0.0056 0.0226 -0.1335 -0.0056 0.0845 -0.2556 -0.0105 0.061 -0.1326 -0.0105 0.0735 -0.2575 -0.0056 0.0719 -0.2432 0.0105 -0.0115 -0.1275 0.0056 0.0158 -0.2413 0.0056 -0.0221 -0.1284 0.0105 0.0267 -0.1275 -0.0056 0.0158 -0.2432 -0.0105 -0.0115 -0.2413 -0.0056 -0.0221 -0.1284 -0.0105 0.0267 -0.1335 0.0056 0.0845 -0.2556 0.0105 0.061 -0.2575 0.0056 0.0719 -0.1326 0.0105 0.0735 -0.1284 0.0105 0.0267 -0.1078 0.0105 0.0333 -0.1062 0.0056 0.0226 -0.1275 0.0056 0.0158 -0.1062 -0.0056 0.0226 -0.1284 -0.0105 0.0267 -0.1275 -0.0056 0.0158 -0.1078 -0.0105 0.0333 -0.1141 -0.0056 0.0765 -0.1335 -0.0056 0.0845 -0.1326 -0.0105 0.0735 -0.1124 -0.0105 0.0652 -0.1326 0.0105 0.0735 -0.1141 0.0056 0.0765 -0.1124 0.0105 0.0652 -0.1335 0.0056 0.0845 -0.031 -0.0105 0.0811 -0.1141 -0.0056 0.0765 -0.1124 -0.0105 0.0652 -0.0319 -0.0056 0.0925 -0.0284 -0.0056 0.0478 -0.1078 -0.0105 0.0333 -0.1062 -0.0056 0.0226 -0.0293 -0.0105 0.0588 -0.1141 0.0056 0.0765 -0.0319 0.0056 0.0925 -0.031 0.0105 0.0811 -0.1124 0.0105 0.0652 -0.1078 0.0105 0.0333 -0.0293 0.0105 0.0588 -0.0284 0.0056 0.0478 -0.1062 0.0056 0.0226 -0.1284 -0.0105 0.0267 -0.2556 -0.0105 0.061 -0.2432 -0.0105 -0.0115 -0.1326 -0.0105 0.0735 -0.1335 -0.0056 0.0845 -0.2575 0.0056 0.0719 -0.2575 -0.0056 0.0719 -0.1335 0.0056 0.0845 -0.1284 0.0105 0.0267 -0.2556 0.0105 0.061 -0.1326 0.0105 0.0735 -0.2432 0.0105 -0.0115 -0.016 -0.0074 0.0261 -0.0191 0.0074 0.0138 -0.0191 -0.0074 0.0138 -0.016 0.0074 0.0261 0.2497 0.0136 0.0985 0.2397 0.0136 0.0884 0.2426 0.0136 0.0955 0.2397 0.0136 0.069 0.2397 -0.0136 0.0884 0.2397 -0.0136 0.069 0.2497 -0.0136 0.0985 0.2426 -0.0136 0.0955 0.3891 0.0136 0.0985 0.3992 0.0136 0.069 0.3992 0.0136 0.0884 0.3962 0.0136 0.0955 0.3891 -0.0136 0.0985 0.2863 0.0136 0.0985 0.2863 -0.0136 0.0985 0.3992 0.0136 0.069 0.3992 -0.0136 0.0884 0.3992 -0.0136 0.069 0.3992 0.0136 0.0884 0.3891 0.0136 0.0985 0.2863 -0.0136 0.0681 0.2863 -0.0136 0.0985 0.2645 0.0136 0.0595 0.2863 0.0136 0.0681 0.2863 0.0125 0.0622 0.2645 0.0125 0.0536 0.2863 -0.0125 0.0622 0.2645 -0.0125 0.0536 0.2645 -0.0097 0.0511 0.2863 -0.0097 0.0598 0.3891 -0.0136 0.0985 0.3992 -0.0136 0.069 0.3992 -0.0136 0.0884 0.3962 -0.0136 0.0955 0.3908 -0.0097 0.0605 0.2863 -0.0097 0.0598 0.3908 0.0097 0.0605 0.2863 0.0097 0.0598 0.2397 0.0097 0.0606 0.2545 -0.0097 0.0519 0.2397 -0.0097 0.0606 0.2545 0.0097 0.0519 -0.0015 -0.0105 -0.0377 -0.0121 -0.0105 0.0142 -0.0276 -0.0105 -0.0295 0.0187 -0.0105 0.0158 -0.0234 0.0105 -0.0411 -0.0015 0.0105 -0.0377 -0.0076 0.0105 -0.0458 -0.0276 0.0105 -0.0295 -0.0121 0.0105 0.0142 0.0187 0.0105 0.0158 0.0327 -0.0105 0.0282 -0.0104 -0.0105 0.0384 -0.009 -0.0105 0.0264 0.0357 -0.0105 0.0387 0.0411 0.0074 0.0285 0.0424 -0.0074 0.0388 0.0411 -0.0074 0.0285 0.0424 0.0074 0.0388 -0.0104 0.0105 0.0384 0.0327 0.0105 0.0282 -0.009 0.0105 0.0264 0.0357 0.0105 0.0387 -0.0339 -0.0074 -0.0276 -0.0191 0.0074 0.0138 -0.0339 0.0074 -0.0276 -0.0191 -0.0074 0.0138 0.0059 0.0074 -0.04 0.0271 -0.0074 0.0162 0.0059 -0.0074 -0.04 0.0271 0.0074 0.0162 -0.0004 0.0074 -0.0483 0.0059 -0.0074 -0.04 -0.0004 -0.0074 -0.0483 0.0059 0.0074 -0.04 -0.02 0.0074 -0.0492 -0.0111 -0.0074 -0.0519 -0.02 -0.0074 -0.0492 -0.0111 0.0074 -0.0519 0.0411 0.0074 0.0285 0.0271 -0.0074 0.0162 0.0271 0.0074 0.0162 0.0411 -0.0074 0.0285 -0.0339 -0.0074 -0.0276 -0.029 0.0074 -0.0409 -0.029 -0.0074 -0.0409 -0.0339 0.0074 -0.0276 -0.0174 -0.0074 0.0383 -0.016 0.0074 0.0261 -0.016 -0.0074 0.0261 -0.0174 0.0074 0.0383 -0.0234 -0.0105 -0.0411 -0.0076 -0.0105 -0.0458 -0.0293 -0.0105 0.0588 -0.1124 -0.0105 0.0652 -0.1078 -0.0105 0.0333 -0.031 -0.0105 0.0811 -0.0293 0.0105 0.0588 -0.1124 0.0105 0.0652 -0.031 0.0105 0.0811 -0.1078 0.0105 0.0333 -0.0284 0.0056 0.0478 -0.1062 -0.0056 0.0226 -0.1062 0.0056 0.0226 -0.0284 -0.0056 0.0478 -0.1141 -0.0056 0.0765 -0.1335 0.0056 0.0845 -0.1335 -0.0056 0.0845 -0.1141 0.0056 0.0765 -0.0319 0.0056 0.0925 -0.1141 -0.0056 0.0765 -0.0319 -0.0056 0.0925 -0.1141 0.0056 0.0765 -0.1275 0.0056 0.0158 -0.2413 -0.0056 -0.0221 -0.2413 0.0056 -0.0221 -0.1275 -0.0056 0.0158 0.2124 0.01 -0.1198 0.1821 -0.01 -0.0917 0.1821 0.01 -0.0917 0.2124 -0.01 -0.1198 0.1879 0.0079 0.0134 0.1901 -0.0087 0.014 0.1879 -0.0079 0.0134 0.1901 0.0087 0.014 0.1685 -0.01 0.0414 0.1171 -0.01 0.0329 0.1695 -0.0111 0.0418 0.1126 -0.0111 0.0324 0.1968 0.0111 -0.0255 0.1994 0.0087 -0.0236 0.1981 0.0079 -0.0241 0.1957 0.01 -0.0258 0.1744 -0.01 0.0138 0.126 -0.01 -0.0057 0.1752 -0.0111 0.0145 0.1216 -0.0111 -0.0071 0.1684 0.01 0.0368 0.1173 0.01 0.0262 0.1694 0.0111 0.0367 0.1128 0.0111 0.025 0.1916 0.01 -0.0196 0.1949 0.0087 -0.0167 0.1922 0.0111 -0.0186 0.194 0.0079 -0.0178 0.1128 0.0111 0.025 0.1173 -0.01 0.0262 0.1128 -0.0111 0.025 0.1173 0.01 0.0262 0.1694 -0.0111 0.0367 0.1128 -0.0111 0.025 0.1173 -0.01 0.0262 0.1684 -0.01 0.0368 0.2212 -0.0087 -0.0518 0.2263 -0.0079 -0.0462 0.228 -0.0087 -0.0448 0.2201 -0.0079 -0.0526 0.1879 0.0079 0.0134 0.1797 0.0079 0.0096 0.1811 0.0087 0.0099 0.1901 0.0087 0.014 0.1171 -0.01 0.0329 0.1126 0.0111 0.0324 0.1126 -0.0111 0.0324 0.1171 0.01 0.0329 0.1534 0.01 -0.0564 0.1968 0.0111 -0.0255 0.1957 0.01 -0.0258 0.1499 0.0111 -0.0595 0.2237 -0.0079 -0.0435 0.2171 -0.0079 -0.0496 0.2179 -0.0087 -0.0485 0.2179 -0.0087 -0.0485 0.2251 -0.0087 -0.0418 0.2237 -0.0079 -0.0435 0.2189 -0.0111 -0.0541 0.1791 -0.0111 -0.0952 0.1821 -0.01 -0.0917 0.218 -0.01 -0.0547 0.1922 0.0111 -0.0186 0.1492 0.01 -0.0501 0.1916 0.01 -0.0196 0.1453 0.0111 -0.0524 0.1769 -0.01 -0.0868 0.2155 -0.0111 -0.0507 0.215 -0.01 -0.0516 0.1734 -0.0111 -0.0897 0.1752 -0.0111 0.0145 0.1772 -0.0079 0.0149 0.1744 -0.01 0.0138 0.1783 -0.0087 0.0157 0.2075 0.0087 -0.0178 0.2054 -0.0079 -0.0188 0.2054 0.0079 -0.0188 0.2075 -0.0087 -0.0178 0.1772 0.0079 0.0149 0.1855 0.0079 0.0183 0.1783 0.0087 0.0157 0.1875 0.0087 0.0195 0.2029 -0.0087 -0.0109 0.2013 0.0079 -0.0126 0.2013 -0.0079 -0.0126 0.2029 0.0087 -0.0109 0.1752 0.0111 0.0145 0.1772 0.0079 0.0149 0.1783 0.0087 0.0157 0.1744 0.01 0.0138 0.1781 -0.0111 0.0085 0.1258 -0.0111 -0.0155 0.1298 -0.01 -0.0133 0.1771 -0.01 0.0084 0.1802 -0.0079 0.0433 0.1825 0.0087 0.0439 0.1802 0.0079 0.0433 0.1825 -0.0087 0.0439 0.1968 -0.0111 -0.0255 0.1981 -0.0079 -0.0241 0.1994 -0.0087 -0.0236 0.1957 -0.01 -0.0258 0.1791 0.0111 -0.0952 0.2189 0.0111 -0.0541 0.1821 0.01 -0.0917 0.218 0.01 -0.0547 0.1694 -0.0111 0.0367 0.1713 -0.0079 0.0374 0.1726 -0.0087 0.0374 0.1684 -0.01 0.0368 0.1694 0.0111 0.0367 0.1713 0.0079 0.0374 0.1684 0.01 0.0368 0.1726 0.0087 0.0374 0.2155 0.0111 -0.0507 0.1769 0.01 -0.0868 0.215 0.01 -0.0516 0.1734 0.0111 -0.0897 0.1801 0.0079 0.0392 0.1713 0.0079 0.0374 0.1726 0.0087 0.0374 0.1824 0.0087 0.0394 0.1916 -0.01 -0.0196 0.1949 -0.0087 -0.0167 0.194 -0.0079 -0.0178 0.1922 -0.0111 -0.0186 0.1791 0.0111 -0.0952 0.1821 -0.01 -0.0917 0.1791 -0.0111 -0.0952 0.1821 0.01 -0.0917 0.1769 -0.01 -0.0868 0.1734 0.0111 -0.0897 0.1734 -0.0111 -0.0897 0.1769 0.01 -0.0868 0.1258 -0.0111 -0.0155 0.1216 0.0111 -0.0071 0.1258 0.0111 -0.0155 0.1216 -0.0111 -0.0071 0.1901 0.0087 0.014 0.1875 -0.0087 0.0195 0.1901 -0.0087 0.014 0.1875 0.0087 0.0195 0.1875 0.0087 0.0195 0.1811 0.0087 0.0099 0.1783 0.0087 0.0157 0.1901 0.0087 0.014 0.1752 -0.0111 0.0145 0.1258 -0.0111 -0.0155 0.1781 -0.0111 0.0085 0.1216 -0.0111 -0.0071 0.1875 -0.0087 0.0195 0.1811 -0.0087 0.0099 0.1901 -0.0087 0.014 0.1783 -0.0087 0.0157 0.1781 0.0111 0.0085 0.1783 0.0087 0.0157 0.1811 0.0087 0.0099 0.1783 0.0087 0.0157 0.1781 0.0111 0.0085 0.1752 0.0111 0.0145 0.1752 0.0111 0.0145 0.1258 0.0111 -0.0155 0.1216 0.0111 -0.0071 0.1781 0.0111 0.0085 0.1783 -0.0087 0.0157 0.1781 -0.0111 0.0085 0.1811 -0.0087 0.0099 0.1781 -0.0111 0.0085 0.1783 -0.0087 0.0157 0.1752 -0.0111 0.0145 0.2029 0.0087 -0.0109 0.2075 -0.0087 -0.0178 0.2075 0.0087 -0.0178 0.2029 -0.0087 -0.0109 0.1949 0.0087 -0.0167 0.2029 0.0087 -0.0109 0.2075 0.0087 -0.0178 0.1994 0.0087 -0.0236 0.1453 -0.0111 -0.0524 0.1968 -0.0111 -0.0255 0.1922 -0.0111 -0.0186 0.1499 -0.0111 -0.0595 0.1453 -0.0111 -0.0524 0.1499 0.0111 -0.0595 0.1499 -0.0111 -0.0595 0.1453 0.0111 -0.0524 0.2075 -0.0087 -0.0178 0.1949 -0.0087 -0.0167 0.1994 -0.0087 -0.0236 0.2029 -0.0087 -0.0109 0.1968 0.0111 -0.0255 0.1922 0.0111 -0.0186 0.1994 0.0087 -0.0236 0.1949 0.0087 -0.0167 0.1994 0.0087 -0.0236 0.1922 0.0111 -0.0186 0.1453 0.0111 -0.0524 0.1922 0.0111 -0.0186 0.1968 0.0111 -0.0255 0.1499 0.0111 -0.0595 0.1994 -0.0087 -0.0236 0.1922 -0.0111 -0.0186 0.1968 -0.0111 -0.0255 0.1922 -0.0111 -0.0186 0.1994 -0.0087 -0.0236 0.1949 -0.0087 -0.0167 0.1791 -0.0111 -0.0952 0.2155 -0.0111 -0.0507 0.1734 -0.0111 -0.0897 0.2189 -0.0111 -0.0541 0.1734 -0.0111 -0.0897 0.1734 0.0111 -0.0897 0.1791 0.0111 -0.0952 0.1791 -0.0111 -0.0952 0.2251 0.0087 -0.0418 0.2251 -0.0087 -0.0418 0.228 -0.0087 -0.0448 0.228 0.0087 -0.0448 0.2179 0.0087 -0.0485 0.2251 0.0087 -0.0418 0.228 0.0087 -0.0448 0.2212 0.0087 -0.0518 0.2179 0.0087 -0.0485 0.2189 0.0111 -0.0541 0.2155 0.0111 -0.0507 0.2189 0.0111 -0.0541 0.2179 0.0087 -0.0485 0.2212 0.0087 -0.0518 0.2179 -0.0087 -0.0485 0.228 -0.0087 -0.0448 0.2251 -0.0087 -0.0418 0.2212 -0.0087 -0.0518 0.2155 0.0111 -0.0507 0.1791 0.0111 -0.0952 0.1734 0.0111 -0.0897 0.2189 0.0111 -0.0541 0.2189 -0.0111 -0.0541 0.2179 -0.0087 -0.0485 0.2155 -0.0111 -0.0507 0.2179 -0.0087 -0.0485 0.2189 -0.0111 -0.0541 0.2212 -0.0087 -0.0518 0.1726 -0.0087 0.0374 0.1695 -0.0111 0.0418 0.1694 -0.0111 0.0367 0.1695 -0.0111 0.0418 0.1726 -0.0087 0.0374 0.1727 -0.0087 0.0423 0.1126 0.0111 0.0324 0.1695 0.0111 0.0418 0.1694 0.0111 0.0367 0.1128 0.0111 0.025 0.1695 0.0111 0.0418 0.1726 0.0087 0.0374 0.1694 0.0111 0.0367 0.1727 0.0087 0.0423 0.1726 0.0087 0.0374 0.1695 0.0111 0.0418 0.1824 -0.0087 0.0394 0.1727 -0.0087 0.0423 0.1726 -0.0087 0.0374 0.1825 -0.0087 0.0439 0.1824 0.0087 0.0394 0.1825 -0.0087 0.0439 0.1824 -0.0087 0.0394 0.1825 0.0087 0.0439 0.1126 -0.0111 0.0324 0.1128 0.0111 0.025 0.1128 -0.0111 0.025 0.1126 0.0111 0.0324 0.1694 -0.0111 0.0367 0.1126 -0.0111 0.0324 0.1128 -0.0111 0.025 0.1695 -0.0111 0.0418 0.1727 0.0087 0.0423 0.1824 0.0087 0.0394 0.1726 0.0087 0.0374 0.1825 0.0087 0.0439 0.1802 0.0079 0.0433 0.1715 0.0079 0.0595 0.1805 0.0079 0.0595 0.1714 0.0079 0.0418 0.1686 -0.01 0.0595 0.1163 -0.01 0.0595 0.1685 -0.01 0.0414 0.1171 -0.01 0.0329 0.1171 0.01 0.0329 0.1163 -0.01 0.0595 0.1163 0.01 0.0595 0.1171 -0.01 0.0329 0.1805 -0.0079 0.0595 0.1802 -0.0079 0.0433 0.1802 0.0079 0.0433 0.1805 0.0079 0.0595 0.1715 -0.0079 0.0595 0.1714 -0.0079 0.0418 0.1802 -0.0079 0.0433 0.1805 -0.0079 0.0595 0.1714 0.0079 0.0418 0.1686 0.01 0.0595 0.1715 0.0079 0.0595 0.1686 0.01 0.0595 0.1714 0.0079 0.0418 0.1685 0.01 0.0414 0.1163 0.01 0.0595 0.1685 0.01 0.0414 0.1171 0.01 0.0329 0.1686 0.01 0.0595 0.1686 -0.01 0.0595 0.1685 -0.01 0.0414 0.1714 -0.0079 0.0418 0.1714 -0.0079 0.0418 0.1715 -0.0079 0.0595 0.1686 -0.01 0.0595 0.1173 -0.01 0.0262 0.1744 -0.01 0.0138 0.1684 -0.01 0.0368 0.126 -0.01 -0.0057 0.1173 0.01 0.0262 0.126 0.01 -0.0057 0.126 -0.01 -0.0057 0.1173 -0.01 0.0262 0.1801 -0.0079 0.0392 0.1855 -0.0079 0.0183 0.1855 0.0079 0.0183 0.1801 0.0079 0.0392 0.1855 0.0079 0.0183 0.1713 0.0079 0.0374 0.1801 0.0079 0.0392 0.1772 0.0079 0.0149 0.1772 0.0079 0.0149 0.1684 0.01 0.0368 0.1713 0.0079 0.0374 0.1684 0.01 0.0368 0.1772 0.0079 0.0149 0.1744 0.01 0.0138 0.1713 -0.0079 0.0374 0.1855 -0.0079 0.0183 0.1801 -0.0079 0.0392 0.1772 -0.0079 0.0149 0.1744 0.01 0.0138 0.1173 0.01 0.0262 0.1684 0.01 0.0368 0.126 0.01 -0.0057 0.1684 -0.01 0.0368 0.1744 -0.01 0.0138 0.1772 -0.0079 0.0149 0.1772 -0.0079 0.0149 0.1713 -0.0079 0.0374 0.1684 -0.01 0.0368 0.1298 0.01 -0.0133 0.1492 0.01 -0.0501 0.1492 -0.01 -0.0501 0.1298 -0.01 -0.0133 0.1713 -0.0079 0.0374 0.1801 -0.0079 0.0392 0.1726 -0.0087 0.0374 0.1824 -0.0087 0.0394 0.1879 -0.0079 0.0134 0.2013 -0.0079 -0.0126 0.2013 0.0079 -0.0126 0.1879 0.0079 0.0134 0.215 0.01 -0.0516 0.2171 0.0079 -0.0496 0.2179 0.0087 -0.0485 0.2155 0.0111 -0.0507 0.2013 0.0079 -0.0126 0.1797 0.0079 0.0096 0.1879 0.0079 0.0134 0.194 0.0079 -0.0178 0.1824 0.0087 0.0394 0.1801 -0.0079 0.0392 0.1801 0.0079 0.0392 0.1824 -0.0087 0.0394 0.1916 -0.01 -0.0196 0.1298 -0.01 -0.0133 0.1492 -0.01 -0.0501 0.1771 -0.01 0.0084 0.218 0.01 -0.0547 0.2212 0.0087 -0.0518 0.2201 0.0079 -0.0526 0.2189 0.0111 -0.0541 0.1797 -0.0079 0.0096 0.194 -0.0079 -0.0178 0.2013 -0.0079 -0.0126 0.1879 -0.0079 0.0134 0.1695 -0.0111 0.0418 0.1727 -0.0087 0.0423 0.1714 -0.0079 0.0418 0.1685 -0.01 0.0414 0.194 0.0079 -0.0178 0.1771 0.01 0.0084 0.1797 0.0079 0.0096 0.1771 0.01 0.0084 0.194 0.0079 -0.0178 0.1916 0.01 -0.0196 0.1781 -0.0111 0.0085 0.1797 -0.0079 0.0096 0.1811 -0.0087 0.0099 0.1771 -0.01 0.0084 0.1916 0.01 -0.0196 0.1298 0.01 -0.0133 0.1771 0.01 0.0084 0.1492 0.01 -0.0501 0.2013 -0.0079 -0.0126 0.194 -0.0079 -0.0178 0.1949 -0.0087 -0.0167 0.2029 -0.0087 -0.0109 0.1771 -0.01 0.0084 0.194 -0.0079 -0.0178 0.1797 -0.0079 0.0096 0.1771 -0.01 0.0084 0.1916 -0.01 -0.0196 0.194 -0.0079 -0.0178 0.1981 -0.0079 -0.0241 0.2054 -0.0079 -0.0188 0.1994 -0.0087 -0.0236 0.2075 -0.0087 -0.0178 0.1994 -0.0087 -0.0236 0.2054 -0.0079 -0.0188 0.2237 -0.0079 -0.0435 0.2054 0.0079 -0.0188 0.2054 -0.0079 -0.0188 0.2237 0.0079 -0.0435 0.1714 0.0079 0.0418 0.1802 0.0079 0.0433 0.1727 0.0087 0.0423 0.1825 0.0087 0.0439 0.2237 0.0079 -0.0435 0.1981 0.0079 -0.0241 0.2054 0.0079 -0.0188 0.2171 0.0079 -0.0496 0.1258 0.0111 -0.0155 0.1298 -0.01 -0.0133 0.1258 -0.0111 -0.0155 0.1298 0.01 -0.0133 0.1534 -0.01 -0.0564 0.215 -0.01 -0.0516 0.1957 -0.01 -0.0258 0.1769 -0.01 -0.0868 0.2237 0.0079 -0.0435 0.2179 0.0087 -0.0485 0.2171 0.0079 -0.0496 0.2179 0.0087 -0.0485 0.2237 0.0079 -0.0435 0.2251 0.0087 -0.0418 0.1534 -0.01 -0.0564 0.1769 0.01 -0.0868 0.1769 -0.01 -0.0868 0.1534 0.01 -0.0564 0.1695 0.0111 0.0418 0.1171 0.01 0.0329 0.1685 0.01 0.0414 0.1126 0.0111 0.0324 0.1981 -0.0079 -0.0241 0.2237 -0.0079 -0.0435 0.2054 -0.0079 -0.0188 0.2171 -0.0079 -0.0496 0.1771 0.01 0.0084 0.1298 0.01 -0.0133 0.1781 0.0111 0.0085 0.1258 0.0111 -0.0155 0.2171 0.0079 -0.0496 0.1957 0.01 -0.0258 0.1981 0.0079 -0.0241 0.1957 0.01 -0.0258 0.2171 0.0079 -0.0496 0.215 0.01 -0.0516 0.126 -0.01 -0.0057 0.1216 0.0111 -0.0071 0.1216 -0.0111 -0.0071 0.126 0.01 -0.0057 0.215 0.01 -0.0516 0.1534 0.01 -0.0564 0.1957 0.01 -0.0258 0.1769 0.01 -0.0868 0.2263 0.0079 -0.0462 0.2201 0.0079 -0.0526 0.2212 0.0087 -0.0518 0.228 0.0087 -0.0448 0.1957 -0.01 -0.0258 0.2171 -0.0079 -0.0496 0.1981 -0.0079 -0.0241 0.2171 -0.0079 -0.0496 0.1957 -0.01 -0.0258 0.215 -0.01 -0.0516 0.1453 -0.0111 -0.0524 0.1492 0.01 -0.0501 0.1453 0.0111 -0.0524 0.1492 -0.01 -0.0501 0.1752 0.0111 0.0145 0.126 0.01 -0.0057 0.1744 0.01 0.0138 0.1216 0.0111 -0.0071 0.24 0.01 -0.0755 0.1821 0.01 -0.0917 0.218 0.01 -0.0547 0.2124 0.01 -0.1198 0.1499 0.0111 -0.0595 0.1534 -0.01 -0.0564 0.1499 -0.0111 -0.0595 0.1534 0.01 -0.0564 0.2463 0.0079 -0.0653 0.2201 0.0079 -0.0526 0.2263 0.0079 -0.0462 0.2416 0.0079 -0.073 0.1855 -0.0079 0.0183 0.1772 -0.0079 0.0149 0.1783 -0.0087 0.0157 0.1875 -0.0087 0.0195 0.218 -0.01 -0.0547 0.2416 -0.0079 -0.073 0.2201 -0.0079 -0.0526 0.2416 -0.0079 -0.073 0.218 -0.01 -0.0547 0.24 -0.01 -0.0755 0.1855 -0.0079 0.0183 0.1875 0.0087 0.0195 0.1855 0.0079 0.0183 0.1875 -0.0087 0.0195 0.1821 -0.01 -0.0917 0.24 -0.01 -0.0755 0.218 -0.01 -0.0547 0.2124 -0.01 -0.1198 0.1695 0.0111 0.0418 0.1714 0.0079 0.0418 0.1727 0.0087 0.0423 0.1685 0.01 0.0414 0.2463 0.0079 -0.0653 0.2263 0.0079 -0.0462 0.2263 -0.0079 -0.0462 0.2463 -0.0079 -0.0653 0.1781 0.0111 0.0085 0.1811 0.0087 0.0099 0.1797 0.0079 0.0096 0.1771 0.01 0.0084 0.2201 -0.0079 -0.0526 0.2463 -0.0079 -0.0653 0.2263 -0.0079 -0.0462 0.2416 -0.0079 -0.073 0.2237 -0.0079 -0.0435 0.2251 0.0087 -0.0418 0.2237 0.0079 -0.0435 0.2251 -0.0087 -0.0418 0.2416 0.0079 -0.073 0.218 0.01 -0.0547 0.2201 0.0079 -0.0526 0.218 0.01 -0.0547 0.2416 0.0079 -0.073 0.24 0.01 -0.0755 0.1916 -0.01 -0.0196 0.1492 -0.01 -0.0501 0.1922 -0.0111 -0.0186 0.1453 -0.0111 -0.0524 0.2569 0.0086 -0.0684 0.2517 0.0086 -0.0767 0.2427 0.0086 -0.0711 0.2479 0.0086 -0.0628 0.2198 -0.0109 -0.128 0.25 -0.0109 -0.0795 0.241 -0.0109 -0.0739 0.2108 -0.0109 -0.1224 0.241 0.0109 -0.0739 0.2198 0.0109 -0.128 0.2108 0.0109 -0.1224 0.25 0.0109 -0.0795 0.2479 0.0086 -0.0628 0.2479 -0.0086 -0.0628 0.2569 -0.0086 -0.0684 0.2569 0.0086 -0.0684 0.25 -0.0109 -0.0795 0.2427 -0.0086 -0.0711 0.241 -0.0109 -0.0739 0.2517 -0.0086 -0.0767 0.25 0.0109 -0.0795 0.2198 -0.0109 -0.128 0.2198 0.0109 -0.128 0.25 -0.0109 -0.0795 0.2517 -0.0086 -0.0767 0.2517 0.0086 -0.0767 0.2569 0.0086 -0.0684 0.2569 -0.0086 -0.0684 0.241 0.0109 -0.0739 0.2124 0.01 -0.1198 0.24 0.01 -0.0755 0.2108 0.0109 -0.1224 0.2463 -0.0079 -0.0653 0.2479 0.0086 -0.0628 0.2463 0.0079 -0.0653 0.2479 -0.0086 -0.0628 0.2416 -0.0079 -0.073 0.241 -0.0109 -0.0739 0.2427 -0.0086 -0.0711 0.24 -0.01 -0.0755 0.2124 -0.01 -0.1198 0.2108 -0.0109 -0.1224 0.2427 -0.0086 -0.0711 0.2569 -0.0086 -0.0684 0.2479 -0.0086 -0.0628 0.2517 -0.0086 -0.0767 0.2108 -0.0109 -0.1224 0.2108 0.0109 -0.1224 0.2198 0.0109 -0.128 0.2198 -0.0109 -0.128 0.2427 0.0086 -0.0711 0.25 0.0109 -0.0795 0.241 0.0109 -0.0739 0.2517 0.0086 -0.0767 0.228 0.0087 -0.0448 0.2263 -0.0079 -0.0462 0.2263 0.0079 -0.0462 0.228 -0.0087 -0.0448 0.2416 0.0079 -0.073 0.2427 0.0086 -0.0711 0.1968 -0.0111 -0.0255 0.1534 -0.01 -0.0564 0.1957 -0.01 -0.0258 0.1499 -0.0111 -0.0595 0.1686 0.01 0.0595 0.1163 -0.01 0.0595 0.1686 -0.01 0.0595 0.1163 0.01 0.0595 0.1715 0.0079 0.0595 0.1715 -0.0079 0.0595 0.2179 -0.0087 -0.0485 0.215 -0.01 -0.0516 0.2155 -0.0111 -0.0507 0.2171 -0.0079 -0.0496 0.218 -0.01 -0.0547 0.2212 -0.0087 -0.0518 0.2189 -0.0111 -0.0541 0.2201 -0.0079 -0.0526 0.2387 0.005 0.1236 0.2096 0.005 0.1236 0.2387 -0.005 0.1236 0.2096 -0.005 0.1236 0.3944 -0.0086 0.1203 0.2387 -0.005 0.1236 0.2387 -0.0086 0.1203 0.3944 -0.005 0.1236 0.3944 -0.0086 0.1203 0.2387 -0.0086 0.1203 0.2387 -0.0101 0.1124 0.3944 -0.0101 0.1124 0.2387 0.0101 0.1124 0.3944 0.0086 0.1203 0.3944 0.0101 0.1124 0.2387 0.0086 0.1203 0.3944 0.0086 0.1203 0.2387 0.005 0.1236 0.3944 0.005 0.1236 0.2387 0.0086 0.1203 0.2096 0.0086 0.1203 0.2096 0.005 0.1236 0.2096 0.0086 0.1203 0.2096 0.0101 0.1124 0.2096 -0.0086 0.1203 0.2096 -0.005 0.1236 0.2096 -0.0086 0.1203 0.2096 -0.0101 0.1124 -0.2409 -0.0066 -0.024 -0.2495 -0.0124 -0.0152 -0.2476 -0.0066 -0.0262 -0.2428 -0.0124 -0.013 -0.263 0.0124 0.0618 -0.2577 0.0066 0.0739 -0.2558 0.0124 0.0625 -0.265 0.0066 0.0731 -0.2577 -0.0066 0.0739 -0.263 -0.0124 0.0618 -0.2558 -0.0124 0.0625 -0.265 -0.0066 0.0731 -0.2495 0.0124 -0.0152 -0.2409 0.0066 -0.024 -0.2476 0.0066 -0.0262 -0.2428 0.0124 -0.013 -0.2409 0.0066 -0.024 -0.2476 -0.0066 -0.0262 -0.2476 0.0066 -0.0262 -0.2409 -0.0066 -0.024 -0.265 0.0066 0.0731 -0.263 -0.0124 0.0618 -0.265 -0.0066 0.0731 -0.2476 -0.0066 -0.0262 -0.2495 0.0124 -0.0152 -0.2476 0.0066 -0.0262 -0.2495 -0.0124 -0.0152 -0.263 0.0124 0.0618 -0.2577 -0.0066 0.0739 -0.265 0.0066 0.0731 -0.265 -0.0066 0.0731 -0.2577 0.0066 0.0739 -0.2428 0.0124 -0.013 -0.263 0.0124 0.0618 -0.2558 0.0124 0.0625 -0.2495 0.0124 -0.0152 -0.263 -0.0124 0.0618 -0.2428 -0.0124 -0.013 -0.2558 -0.0124 0.0625 -0.2495 -0.0124 -0.0152 -0.2558 -0.0124 0.0625 -0.2575 -0.0056 0.0719 -0.2577 -0.0066 0.0739 -0.2575 -0.0056 0.0719 -0.2558 -0.0124 0.0625 -0.2556 -0.0105 0.061 -0.2428 -0.0124 -0.013 -0.2556 -0.0105 0.061 -0.2558 -0.0124 0.0625 -0.2432 -0.0105 -0.0115 -0.2413 0.0056 -0.0221 -0.2413 -0.0056 -0.0221 -0.2409 -0.0066 -0.024 -0.2409 0.0066 -0.024 -0.2577 0.0066 0.0739 -0.2577 -0.0066 0.0739 -0.2575 -0.0056 0.0719 -0.2575 0.0056 0.0719 -0.2428 0.0124 -0.013 -0.2558 0.0124 0.0625 -0.2556 0.0105 0.061 -0.2432 0.0105 -0.0115 0.3944 0.0101 0.0625 0.2387 0.0101 0.0966 0.3944 0.0101 0.0966 0.2387 0.0101 0.0625 0.3944 0.005 0.1236 0.3944 -0.005 0.1236 0.2096 0.0101 0.0625 0.2096 0.0101 0.0966 0.3944 0.0101 0.0625 0.3944 -0.0101 0.0966 0.3944 -0.0101 0.0625 0.3944 0.0101 0.0966 0.3944 0.005 0.1236 0.3944 0.0101 0.1124 0.3944 0.0086 0.1203 0.3944 -0.0101 0.1124 0.3944 -0.005 0.1236 0.3944 -0.0086 0.1203 0.3944 -0.0101 0.0966 0.2387 -0.0101 0.0966 0.3944 -0.0101 0.0625 0.2387 -0.0101 0.0625 0.3944 -0.0101 0.0625 0.2387 -0.0101 0.0625 0.3944 0.0101 0.0625 0.2387 0.0101 0.0625 0.3944 0.0101 0.1124 0.2387 0.0101 0.1124 0.2096 -0.0101 0.0625 0.2096 -0.0101 0.0966 0.2096 -0.0101 0.0625 0.2096 0.0101 0.0625 0.2096 0.0101 0.1124 0.3944 -0.0101 0.1124 0.2387 -0.0101 0.1124 0.2096 -0.0101 0.1124 0.1802 -0.0079 0.0433 0.1714 -0.0079 0.0418 0.1727 -0.0087 0.0423 0.1825 -0.0087 0.0439 0.1797 -0.0079 0.0096 0.1879 -0.0079 0.0134 0.1811 -0.0087 0.0099 0.1901 -0.0087 0.014 0.194 0.0079 -0.0178 0.2013 0.0079 -0.0126 0.1949 0.0087 -0.0167 0.2029 0.0087 -0.0109 0.2054 0.0079 -0.0188 0.1981 0.0079 -0.0241 0.1994 0.0087 -0.0236 0.2075 0.0087 -0.0178 0.1805 0.0079 0.0595 0.1805 -0.0079 0.0595 -0.2575 0.0056 0.0719 -0.2556 0.0105 0.061 -0.2558 0.0124 0.0625 -0.2575 0.0056 0.0719 -0.2558 0.0124 0.0625 -0.2577 0.0066 0.0739 -0.2413 0.0056 -0.0221 -0.2428 0.0124 -0.013 -0.2432 0.0105 -0.0115 -0.2428 0.0124 -0.013 -0.2413 0.0056 -0.0221 -0.2409 0.0066 -0.024 -0.2428 -0.0124 -0.013 -0.2409 -0.0066 -0.024 -0.2413 -0.0056 -0.0221 -0.2428 -0.0124 -0.013 -0.2413 -0.0056 -0.0221 -0.2432 -0.0105 -0.0115 0.6003 -0.0055 0.0928 0.5748 0.0055 0.0928 0.6003 0.0055 0.0928 0.5748 -0.0055 0.0928 0.394 0.0068 0.0813 0.5708 0.0084 0.0862 0.5708 0.0068 0.0813 0.394 0.0084 0.0862 0.5708 0.0068 0.0813 0.394 0.0026 0.0783 0.394 0.0068 0.0813 0.5708 0.0026 0.0783 0.5708 -0.0026 0.0783 0.394 -0.0026 0.0783 0.394 0.0026 0.0783 0.5708 0.0026 0.0783 0.5708 -0.0068 0.0813 0.394 -0.0026 0.0783 0.5708 -0.0026 0.0783 0.394 -0.0068 0.0813 0.5708 -0.0084 0.0862 0.394 -0.0084 0.0862 0.394 -0.0068 0.0813 0.5708 -0.0068 0.0813 0.5708 -0.0084 0.0862 0.394 -0.0068 0.0911 0.394 -0.0084 0.0862 0.5708 -0.0068 0.0911 0.5708 -0.0026 0.0942 0.394 -0.0026 0.0942 0.394 -0.0068 0.0911 0.5708 -0.0068 0.0911 0.5708 -0.0026 0.0942 0.394 0.0026 0.0942 0.394 -0.0026 0.0942 0.5708 0.0026 0.0942 0.5708 0.0026 0.0942 0.394 0.0068 0.0911 0.394 0.0026 0.0942 0.5708 0.0068 0.0911 0.394 0.0068 0.0911 0.5708 0.0068 0.0911 0.5708 0.0084 0.0862 0.394 0.0084 0.0862 0.543 -0.0063 0.0862 0.543 -0.0019 0.0922 0.543 -0.0051 0.0899 0.543 -0.0051 0.0825 0.543 0.0051 0.0825 0.543 0.0019 0.0922 0.543 -0.0019 0.0802 0.543 0.0019 0.0802 0.543 0.0063 0.0862 0.543 0.0051 0.0899 0.543 0.0063 0.0862 0.615 0.0051 0.0899 0.543 0.0051 0.0899 0.615 0.0063 0.0862 0.615 -0.0019 0.0802 0.543 0.0019 0.0802 0.543 -0.0019 0.0802 0.615 0.0019 0.0802 0.543 -0.0051 0.0899 0.615 -0.0051 0.0899 0.543 -0.0063 0.0862 0.615 -0.0063 0.0862 0.543 0.0051 0.0899 0.615 0.0019 0.0922 0.543 0.0019 0.0922 0.615 0.0051 0.0899 0.615 0.0019 0.0802 0.543 0.0051 0.0825 0.543 0.0019 0.0802 0.615 0.0051 0.0825 0.543 -0.0063 0.0862 0.615 -0.0063 0.0862 0.543 -0.0051 0.0825 0.615 -0.0051 0.0825 0.543 0.0019 0.0922 0.615 -0.0019 0.0922 0.543 -0.0019 0.0922 0.615 0.0019 0.0922 0.543 0.0051 0.0825 0.615 0.0063 0.0862 0.543 0.0063 0.0862 0.615 0.0051 0.0825 0.615 -0.0051 0.0825 0.543 -0.0019 0.0802 0.543 -0.0051 0.0825 0.615 -0.0019 0.0802 0.543 -0.0019 0.0922 0.615 -0.0051 0.0899 0.543 -0.0051 0.0899 0.615 -0.0019 0.0922 0.615 0.0026 0.0783 0.615 0.0051 0.0825 0.615 0.0019 0.0802 0.615 0.0068 0.0813 0.615 -0.0026 0.0783 0.615 -0.0019 0.0802 0.615 0.0084 0.0862 0.615 0.0063 0.0862 0.615 -0.0068 0.0813 0.615 -0.0051 0.0825 0.615 -0.0084 0.0862 0.615 -0.0063 0.0862 0.615 -0.0051 0.0899 0.615 -0.0068 0.0911 0.615 -0.0019 0.0922 0.615 -0.0026 0.0942 0.615 0.0019 0.0922 0.615 0.0026 0.0942 0.615 0.0051 0.0899 0.615 0.0068 0.0911 0.394 0.0026 0.0942 0.394 -0.0068 0.0911 0.394 -0.0026 0.0942 0.394 0.0068 0.0911 0.394 0.0084 0.0862 0.394 -0.0084 0.0862 0.394 0.0068 0.0813 0.394 -0.0068 0.0813 0.394 0.0026 0.0783 0.394 -0.0026 0.0783 0.6017 0.0068 0.0911 0.615 0.0084 0.0862 0.6017 0.0084 0.0862 0.615 0.0068 0.0911 0.615 0.0026 0.0942 0.6017 0.0068 0.0911 0.6017 0.0026 0.0942 0.615 0.0068 0.0911 0.615 -0.0026 0.0942 0.6017 0.0026 0.0942 0.6017 -0.0026 0.0942 0.615 0.0026 0.0942 0.615 -0.0026 0.0942 0.6017 -0.0026 0.0942 0.6017 -0.0068 0.0911 0.615 -0.0068 0.0911 0.615 -0.0084 0.0862 0.6017 -0.0068 0.0911 0.6017 -0.0084 0.0862 0.615 -0.0068 0.0911 0.615 -0.0084 0.0862 0.6017 -0.0068 0.0813 0.615 -0.0068 0.0813 0.6017 -0.0084 0.0862 0.615 -0.0068 0.0813 0.6017 -0.0026 0.0783 0.615 -0.0026 0.0783 0.6017 -0.0068 0.0813 0.615 -0.0026 0.0783 0.6017 0.0026 0.0783 0.615 0.0026 0.0783 0.6017 -0.0026 0.0783 0.615 0.0068 0.0813 0.6017 0.0026 0.0783 0.6017 0.0068 0.0813 0.615 0.0026 0.0783 0.6017 0.0068 0.0813 0.615 0.0084 0.0862 0.615 0.0068 0.0813 0.6017 0.0084 0.0862 0.4483 0.0056 0.1065 0.451 0.007 0.1106 0.451 0.0056 0.1065 0.4483 0.007 0.1106 0.4483 -0.0056 0.1065 0.4483 -0.0022 0.104 0.451 -0.0022 0.104 0.451 -0.0056 0.1065 0.4483 -0.0056 0.1147 0.451 -0.0022 0.1172 0.4483 -0.0022 0.1172 0.451 -0.0056 0.1147 0.451 0.007 0.1106 0.4483 0.0056 0.1147 0.451 0.0056 0.1147 0.4483 0.007 0.1106 0.4483 0.0022 0.104 0.451 -0.0022 0.104 0.4483 -0.0022 0.104 0.451 0.0022 0.104 0.4483 -0.0056 0.1147 0.4483 -0.007 0.1106 0.451 -0.007 0.1106 0.451 -0.0056 0.1147 0.4483 0.0022 0.1172 0.451 0.0056 0.1147 0.4483 0.0056 0.1147 0.451 0.0022 0.1172 0.4483 0.0022 0.104 0.4483 0.0056 0.1065 0.451 0.0056 0.1065 0.451 0.0022 0.104 0.4483 -0.0056 0.1065 0.451 -0.007 0.1106 0.4483 -0.007 0.1106 0.451 -0.0056 0.1065 0.4483 0.0026 0.1186 0.4483 -0.0022 0.1172 0.4483 0.0022 0.1172 0.4483 -0.0026 0.1186 0.4483 0.0068 0.1155 0.4483 0.0056 0.1147 0.4483 0.0084 0.1106 0.4483 0.007 0.1106 0.4483 0.0068 0.1057 0.4483 0.0022 0.104 0.4483 0.0026 0.1026 0.4483 0.0056 0.1065 0.4483 -0.0022 0.104 0.4483 -0.0026 0.1026 0.4483 -0.0068 0.1057 0.4483 -0.0056 0.1065 0.4483 -0.007 0.1106 0.4483 -0.0084 0.1106 0.4483 -0.0056 0.1147 0.4483 -0.0068 0.1155 0.4483 0.0022 0.1172 0.4483 -0.0022 0.1172 0.451 -0.0022 0.1172 0.451 0.0022 0.1172 0.394 -0.0026 0.1186 0.394 -0.0084 0.1106 0.394 -0.0068 0.1155 0.394 -0.0068 0.1057 0.394 0.0084 0.1106 0.394 0.0026 0.1186 0.394 0.0068 0.1155 0.394 0.0068 0.1057 0.394 0.0026 0.1026 0.394 -0.0026 0.1026 0.394 0.0068 0.1155 0.4483 0.0084 0.1106 0.394 0.0084 0.1106 0.4483 0.0068 0.1155 0.4483 0.0026 0.1186 0.394 0.0068 0.1155 0.394 0.0026 0.1186 0.4483 0.0068 0.1155 0.4483 -0.0026 0.1186 0.394 0.0026 0.1186 0.394 -0.0026 0.1186 0.4483 0.0026 0.1186 0.4483 -0.0026 0.1186 0.394 -0.0026 0.1186 0.394 -0.0068 0.1155 0.4483 -0.0068 0.1155 0.4483 -0.0084 0.1106 0.394 -0.0068 0.1155 0.394 -0.0084 0.1106 0.4483 -0.0068 0.1155 0.4483 -0.0084 0.1106 0.394 -0.0068 0.1057 0.4483 -0.0068 0.1057 0.394 -0.0084 0.1106 0.4483 -0.0068 0.1057 0.394 -0.0026 0.1026 0.4483 -0.0026 0.1026 0.394 -0.0068 0.1057 0.4483 -0.0026 0.1026 0.394 0.0026 0.1026 0.4483 0.0026 0.1026 0.394 -0.0026 0.1026 0.4483 0.0026 0.1026 0.394 0.0068 0.1057 0.4483 0.0068 0.1057 0.394 0.0026 0.1026 0.394 0.0068 0.1057 0.4483 0.0084 0.1106 0.4483 0.0068 0.1057 0.394 0.0084 0.1106 0.0397 -0.0114 0.0489 -0.0129 -0.0114 0.0393 0.0382 -0.0114 0.04 -0.0214 -0.0114 0.0454 0.0452 0.008 0.0401 0.0452 -0.008 0.0494 0.0452 -0.008 0.0401 0.0452 0.008 0.0494 -0.0129 0.0114 0.0393 0.0397 0.0114 0.0489 0.0382 0.0114 0.04 -0.0214 0.0114 0.0454 0.0357 -0.0105 0.0387 0.0424 -0.0074 0.0388 0.0382 -0.0114 0.04 0.0452 -0.008 0.0401 0.0382 -0.0114 0.04 0.0424 -0.0074 0.0388 0.0382 0.0114 0.04 0.0424 0.0074 0.0388 0.0357 0.0105 0.0387 0.0424 0.0074 0.0388 0.0382 0.0114 0.04 0.0452 0.008 0.0401 -0.0214 -0.0114 0.0454 -0.0205 -0.008 0.0392 -0.0129 -0.0114 0.0393 -0.0285 -0.008 0.045 -0.0214 0.0114 0.0454 -0.0129 0.0114 0.0393 -0.0205 0.008 0.0392 -0.0285 0.008 0.045 -0.0285 -0.008 0.045 -0.0285 0.008 0.045 -0.0205 0.008 0.0392 -0.0205 -0.008 0.0392 -0.0307 -0.0109 0.0423 -0.0307 0.0109 0.0423 -0.0019 0.0109 0.044 -0.0019 -0.0109 0.044 -0.0019 -0.0109 0.044 -0.0309 -0.0127 0.0463 -0.0307 -0.0109 0.0423 -0.0021 -0.0127 0.0481 -0.0021 0.0127 0.0481 0.2304 0.0127 0.0622 0.2303 0.0109 0.0581 -0.0019 0.0109 0.044 0.2303 -0.0109 0.0581 0.2304 -0.0127 0.0622 -0.0309 0.0127 0.0463 -0.0307 0.0109 0.0423 -0.0205 -0.008 0.0392 -0.0205 0.008 0.0392 -0.0174 0.0074 0.0383 -0.0174 -0.0074 0.0383 -0.0205 0.008 0.0392 -0.0129 0.0114 0.0393 -0.0174 0.0074 0.0383 -0.0104 0.0105 0.0384 -0.0174 0.0074 0.0383 -0.0129 0.0114 0.0393 -0.0174 -0.0074 0.0383 -0.0129 -0.0114 0.0393 -0.0205 -0.008 0.0392 -0.0129 -0.0114 0.0393 -0.0174 -0.0074 0.0383 -0.0104 -0.0105 0.0384 0.0397 0.0114 0.0489 0.0452 0.008 0.0401 0.0382 0.0114 0.04 0.0452 0.008 0.0401 0.0397 0.0114 0.0489 0.0452 0.008 0.0494 0.0452 -0.008 0.0401 0.0397 -0.0114 0.0489 0.0382 -0.0114 0.04 0.0397 -0.0114 0.0489 0.0452 -0.008 0.0401 0.0452 -0.008 0.0494 0.0658 -0.002 0.0255 0.0625 -0.002 0.0284 0.0615 -0.002 0.027 0.0668 -0.002 0.0269 0.0658 0.002 0.0255 0.0615 -0.002 0.027 0.0615 0.002 0.027 0.0658 -0.002 0.0255 0.0668 -0.002 0.0269 0.0625 0.002 0.0284 0.0625 -0.002 0.0284 0.0668 0.002 0.0269 0.0658 -0.002 0.0255 0.0668 0.002 0.0269 0.0668 -0.002 0.0269 0.0658 0.002 0.0255 0.0625 -0.002 0.0284 0.0596 0.002 0.0311 0.0596 -0.002 0.0311 0.0625 0.002 0.0284 0.0615 0.002 0.027 0.0578 0.002 0.0297 0.0596 0.002 0.0311 0.0625 0.002 0.0284 0.0596 -0.002 0.0311 0.0578 -0.002 0.0297 0.0658 0.002 0.0255 0.0668 0.002 0.0269 0.0555 -0.002 0.0328 0.0573 -0.002 0.0342 0.0555 0.002 0.0328 0.0578 0.002 0.0297 0.0578 -0.002 0.0297 0.0555 -0.002 0.0328 0.0596 -0.002 0.0311 0.0573 0.002 0.0342 0.0573 -0.002 0.0342 0.0596 0.002 0.0311 0.0615 0.002 0.027 0.0578 -0.002 0.0297 0.0578 0.002 0.0297 0.0615 -0.002 0.027 0.0538 -0.002 0.0364 0.0568 -0.002 0.0366 0.0538 0.002 0.0364 0.0555 0.002 0.0328 0.0555 -0.002 0.0328 0.0538 -0.002 0.0364 0.0573 -0.002 0.0342 0.0568 0.002 0.0366 0.0568 -0.002 0.0366 0.0573 0.002 0.0342 0.0555 0.002 0.0328 0.0573 0.002 0.0342 0.0568 -0.002 0.0366 0.0564 0.002 0.0409 0.0564 -0.002 0.0409 0.0568 0.002 0.0366 0.0564 0.002 0.0409 0.0568 0.002 0.0366 0.0538 0.002 0.0364 0.0527 0.002 0.0407 0.0564 -0.002 0.0409 0.0527 -0.002 0.0407 0.0533 0.002 0.0449 0.0527 0.002 0.0407 0.0527 -0.002 0.0407 0.0533 -0.002 0.0449 0.0533 0.002 0.0449 0.0584 0.002 0.0446 0.0533 -0.002 0.0449 0.0584 -0.002 0.0446 0.0527 0.002 0.0407 0.0538 0.002 0.0364 0.0538 -0.002 0.0364 0.0527 -0.002 0.0407 0.0507 -0.002 0.0493 0.0549 0.002 0.0493 0.0507 0.002 0.0493 0.0549 -0.002 0.0493 0.0533 -0.002 0.0449 0.0507 -0.002 0.0451 0.0507 0.002 0.0451 0.0533 0.002 0.0449 0.0549 0.002 0.0493 0.0631 0.002 0.0493 0.0507 -0.002 0.0493 0.0507 -0.002 0.0451 0.0549 -0.002 0.0493 0.0507 0.002 0.0493 0.0507 0.002 0.0451 0.0507 -0.002 0.0451 0.0507 -0.002 0.0493 0.0631 -0.002 0.0493 0.0631 0.002 0.0493 0.0584 -0.002 0.0446 0.0584 0.002 0.0446 0.0631 -0.002 0.0493 0.0507 0.002 0.0493 0.0507 0.002 0.0451 0.0564 -0.002 0.0409 0.0584 0.002 0.0446 0.0584 -0.002 0.0446 0.0564 0.002 0.0409 0.0631 0.002 0.0493 0.0631 -0.002 0.0493 0.0968 -0.0085 0.0266 0.0968 0.0085 0.0266 0.1091 0.0085 0.0266 0.1091 -0.0085 0.0266 0.1129 0.0085 0.0304 0.1129 -0.0085 0.0304 0.1091 -0.0085 0.0266 0.1091 0.0085 0.0266 0.1129 0.0085 0.0511 0.1129 -0.0085 0.0304 0.1129 0.0085 0.0304 0.1129 -0.0085 0.0511 0.0968 -0.0085 0.0266 0.1129 -0.0085 0.0304 0.0968 -0.0085 0.0511 0.1091 -0.0085 0.0266 0.1129 -0.0085 0.0511 0.0968 0.0085 0.0266 0.1129 0.0085 0.0304 0.1091 0.0085 0.0266 0.0968 0.0085 0.0511 0.1129 0.0085 0.0511 0.0938 -0.0085 0.0511 0.0938 0.0085 0.0511 0.0938 0.0085 0.0266 0.0938 -0.0085 0.0266 0.0938 -0.0085 0.0511 0.0938 -0.0085 0.0266 0.0968 0.0085 0.0511 0.0968 -0.0085 0.0511 0.1129 -0.0085 0.0511 0.1129 0.0085 0.0511 0.0938 -0.0085 0.0511 0.0938 0.0085 0.0511 0.0963 0.0085 0.0222 0.0968 -0.0085 0.0266 0.0963 -0.0085 0.0222 0.0968 0.0085 0.0266 0.0933 0.0085 0.0229 0.0963 0.0085 0.0222 0.0938 0.0085 0.0266 0.0933 -0.0085 0.0229 0.0938 0.0085 0.0266 0.0933 0.0085 0.0229 0.0938 -0.0085 0.0266 0.0938 0.0085 0.0511 0.0908 -0.0085 0.0202 0.0933 0.0085 0.0229 0.0908 0.0085 0.0202 0.0933 -0.0085 0.0229 0.0924 0.0085 0.0175 0.0963 -0.0085 0.0222 0.0924 -0.0085 0.0175 0.0963 0.0085 0.0222 0.0933 -0.0085 0.0229 0.0924 -0.0085 0.0175 0.0963 -0.0085 0.0222 0.0908 -0.0085 0.0202 0.0883 -0.0085 0.0159 0.0883 0.0085 0.0159 0.0924 0.0085 0.0175 0.0924 -0.0085 0.0175 0.0924 0.0085 0.0175 0.0883 0.0085 0.0191 0.0908 0.0085 0.0202 0.0883 0.0085 0.0159 0.0883 -0.0085 0.0159 0.0494 -0.0085 0.0159 0.0883 0.0085 0.0159 0.0494 0.0085 0.0159 0.0494 0.0085 0.0191 0.0494 0.0085 0.0159 0.0883 0.0085 0.0191 0.0494 0.0085 0.0191 0.0883 -0.0085 0.0191 0.0494 -0.0085 0.0191 0.0883 0.0085 0.0191 0.0883 -0.0085 0.0191 0.0908 -0.0085 0.0202 0.0908 0.0085 0.0202 0.0458 -0.0085 0.0195 0.0494 0.0085 0.0191 0.0458 0.0085 0.0195 0.0494 -0.0085 0.0191 0.0454 -0.0085 0.0164 0.0494 -0.0085 0.0191 0.0458 -0.0085 0.0195 0.0494 -0.0085 0.0159 0.0454 -0.0085 0.0164 0.0454 0.0085 0.0164 0.0494 0.0085 0.0159 0.0494 -0.0085 0.0159 0.0883 -0.0085 0.0159 0.0883 -0.0085 0.0191 0.0423 -0.0085 0.0187 0.0423 0.0085 0.0187 0.0454 0.0085 0.0164 0.0454 -0.0085 0.0164 0.0423 0.0085 0.0187 0.0449 0.0085 0.0205 0.0458 0.0085 0.0195 0.0454 0.0085 0.0164 0.0458 0.0085 0.0195 0.0449 -0.0085 0.0205 0.0458 -0.0085 0.0195 0.0449 0.0085 0.0205 0.0438 -0.0085 0.0226 0.0423 -0.0085 0.0187 0.0449 -0.0085 0.0205 0.0407 -0.0085 0.0226 0.0438 0.0085 0.0226 0.0407 0.0085 0.0226 0.0407 -0.0085 0.0226 0.0407 0.0085 0.0226 0.0423 0.0085 0.0187 0.0423 -0.0085 0.0187 0.0438 -0.0085 0.0487 0.0407 -0.0085 0.0487 0.0407 0.0085 0.0487 0.0407 -0.0085 0.0487 0.0438 -0.0085 0.0487 0.0438 0.0085 0.0487 0.0449 0.0085 0.0205 0.0438 -0.0085 0.0226 0.0449 -0.0085 0.0205 0.0438 0.0085 0.0226 0.0407 0.0085 0.0487 0.0438 0.0085 0.0487 0.0438 0.0085 0.0226 0.0438 -0.0085 0.0487 0.0438 -0.0085 0.0226 0.0438 0.0085 0.0487 0.0407 0.0085 0.0226 0.0407 -0.0085 0.0487 0.0407 0.0085 0.0487 0.0407 -0.0085 0.0226 -0.0104 0.0105 0.0384 0.0382 0.0114 0.04 0.0357 0.0105 0.0387 -0.0129 0.0114 0.0393 0.0382 0.0114 0.04 -0.0104 0.0105 0.0384 0.0452 -0.008 0.0494 0.0452 0.008 0.0494 0.0397 0.0114 0.0489 -0.0214 -0.0114 0.0454 -0.0214 0.0114 0.0454 -0.0285 -0.008 0.045 0.0397 0.0114 0.0489 0.0397 -0.0114 0.0489 0.0397 -0.0114 0.0489 -0.0285 0.008 0.045 0.0452 0.008 0.0401 0.0424 -0.0074 0.0388 0.0424 0.0074 0.0388 0.0452 -0.008 0.0401 0.0382 -0.0114 0.04 -0.0129 -0.0114 0.0393 -0.0104 -0.0105 0.0384 0.0382 -0.0114 0.04 -0.0104 -0.0105 0.0384 0.0357 -0.0105 0.0387 -0.0336 0.0127 0.0927 -0.0336 -0.0127 0.0927 -0.0043 -0.0127 0.0927 -0.0043 0.0127 0.0927 -0.0309 0.0127 0.0463 -0.0043 0.0127 0.0927 -0.0021 0.0127 0.0481 -0.0336 0.0127 0.0927 -0.0309 -0.0127 0.0463 -0.0309 0.0127 0.0463 -0.0307 -0.0109 0.0423 -0.0336 -0.0127 0.0927 -0.0336 0.0127 0.0927 -0.0307 0.0109 0.0423 -0.0054 -0.0127 0.1091 -0.0054 0.0127 0.1091 -0.0043 0.0127 0.0927 -0.0043 -0.0127 0.0927 0.2304 -0.0127 0.0622 0.2304 0.0127 0.0622 0.2309 -0.0127 0.0891 0.2303 0.0109 0.0581 0.2303 -0.0109 0.0581 0.2309 0.0127 0.0891 -0.0309 -0.0127 0.0463 -0.0043 -0.0127 0.0927 -0.0336 -0.0127 0.0927 -0.0021 -0.0127 0.0481 0.2303 -0.0109 0.0581 0.2303 0.0109 0.0581 0.2309 -0.0127 0.0891 0.2304 -0.0127 0.0622 0.2312 -0.0127 0.1091 -0.0054 -0.0127 0.1091 0.2312 0.0127 0.1091 -0.0054 0.0127 0.1091 0.2312 -0.0127 0.1091 -0.0054 -0.0127 0.1091 0.2304 0.0127 0.0622 0.2309 0.0127 0.0891 0.2312 0.0127 0.1091 -0.0054 0.0127 0.1091 0.2309 0.0127 0.0891 0.2312 -0.0127 0.1091 0.2309 -0.0127 0.0891 0.2312 0.0127 0.1091 0.4673 -0.003 0.0903 0.4673 0.003 0.0903 0.4699 0.003 0.0889 0.4699 -0.003 0.0889 0.4699 0.003 0.0889 0.5018 0.003 0.0954 0.5027 0.003 0.0894 0.4673 0.003 0.0903 0.5018 0.003 0.0954 0.5027 -0.003 0.0894 0.5027 0.003 0.0894 0.5018 -0.003 0.0954 0.5027 -0.003 0.0894 0.4699 0.003 0.0889 0.5027 0.003 0.0894 0.4699 -0.003 0.0889 0.4627 0.003 0.0984 0.4876 0.003 0.0991 0.5018 0.003 0.0954 0.4876 0.003 0.0991 0.5018 -0.003 0.0954 0.4876 -0.003 0.0991 0.4876 -0.003 0.0991 0.4627 -0.003 0.0984 0.4673 -0.003 0.0903 0.5018 -0.003 0.0954 0.4699 -0.003 0.0889 0.5027 -0.003 0.0894 0.4788 0.003 0.1053 0.4788 -0.003 0.1053 0.4876 -0.003 0.0991 0.4876 0.003 0.0991 0.4788 -0.003 0.1053 0.4542 -0.003 0.1053 0.4542 -0.003 0.1053 0.4542 0.003 0.1053 0.4627 0.003 0.0984 0.4627 -0.003 0.0984 0.4788 0.003 0.1053 0.4542 0.003 0.1053 0.4673 -0.003 0.0903 0.4627 0.003 0.0984 0.4673 0.003 0.0903 0.4627 -0.003 0.0984 0.4788 -0.003 0.1053 0.4542 0.003 0.1053 0.4542 -0.003 0.1053 0.4788 0.003 0.1053 0.6003 0.0016 0.1319 0.5862 0.0016 0.1319 0.5862 0.0016 0.1291 0.6003 0.0016 0.1291 0.6003 -0.0016 0.1319 0.6003 -0.0049 0.1319 0.6003 -0.0049 0.1291 0.6003 -0.0016 0.1291 0.6003 0.0049 0.1319 0.6003 0.0016 0.1319 0.6003 0.0016 0.1291 0.6003 0.0049 0.1291 0.5862 -0.0049 0.1291 0.5862 -0.0016 0.1319 0.5862 -0.0016 0.1291 0.5862 -0.0049 0.1319 0.5862 0.0049 0.1319 0.6003 0.0049 0.1319 0.6003 0.0049 0.1291 0.5862 0.0049 0.1291 0.5862 -0.0016 0.1319 0.6003 -0.0016 0.1319 0.6003 -0.0016 0.1291 0.5862 -0.0016 0.1291 0.6003 -0.0049 0.1319 0.5862 -0.0016 0.1319 0.5862 -0.0049 0.1319 0.6003 -0.0016 0.1319 0.6003 0.0016 0.1319 0.5862 0.0049 0.1319 0.5862 0.0016 0.1319 0.6003 0.0049 0.1319 0.6003 0.0055 0.0928 0.5748 0.0055 0.0928 0.5805 0.0033 0.1099 0.6003 0.0033 0.1099 0.6003 0.0033 0.1099 0.6003 -0.0031 0.1269 0.6003 -0.0033 0.1099 0.5862 -0.0031 0.1269 0.5805 0.0033 0.1099 0.5805 -0.0033 0.1099 0.5862 0.0031 0.1269 0.6003 0.0031 0.1269 0.5862 0.0031 0.1269 0.5862 -0.0031 0.1269 0.5862 0.0049 0.1291 0.6003 -0.0016 0.1291 0.5862 0.0016 0.1291 0.5862 -0.0016 0.1291 0.6003 0.0016 0.1291 0.5862 0.0016 0.1291 0.5862 0.0049 0.1319 0.5862 0.0016 0.1319 0.6003 -0.0049 0.1319 0.5862 -0.0049 0.1291 0.6003 -0.0049 0.1291 0.5862 -0.0049 0.1319 0.6003 -0.0049 0.1291 0.5862 -0.0031 0.1269 0.6003 -0.0031 0.1269 0.5862 -0.0049 0.1291 0.6003 -0.0055 0.0928 0.5805 -0.0033 0.1099 0.5748 -0.0055 0.0928 0.6003 -0.0033 0.1099 0.5748 0.0055 0.0928 0.5748 -0.0055 0.0928 0.6003 0.0033 0.1099 0.5805 0.0033 0.1099 0.5862 0.0031 0.1269 0.6003 0.0031 0.1269 0.6003 -0.0033 0.1099 0.5862 -0.0031 0.1269 0.5805 -0.0033 0.1099 0.6003 -0.0031 0.1269 0.5862 0.0031 0.1269 0.6003 0.0049 0.1291 0.6003 0.0031 0.1269 0.5862 0.0049 0.1291 0.6003 0.0055 0.0928 0.6003 -0.0055 0.0928 0.5708 0.0084 0.0862 0.5723 0.0081 0.0921 0.5723 0.01 0.0862 0.5708 0.0068 0.0911 0.6017 0.0026 0.0942 0.6002 -0.0031 0.0957 0.6017 -0.0026 0.0942 0.6002 0.0031 0.0957 0.5708 -0.0026 0.0783 0.5708 0.0026 0.0783 0.5723 0.0031 0.0768 0.5723 -0.0031 0.0768 0.6002 0.0081 0.0804 0.6002 0.01 0.0862 0.6017 0.0084 0.0862 0.6017 0.0068 0.0813 0.6017 0.0026 0.0942 0.6002 0.0081 0.0921 0.6002 0.0031 0.0957 0.6017 0.0068 0.0911 0.5723 -0.0031 0.0768 0.5723 -0.0081 0.0804 0.5708 -0.0068 0.0813 0.5708 -0.0026 0.0783 0.6017 0.0026 0.0783 0.6002 0.0081 0.0804 0.6017 0.0068 0.0813 0.6002 0.0031 0.0768 0.6017 0.0068 0.0911 0.6017 0.0084 0.0862 0.6002 0.01 0.0862 0.6002 0.0081 0.0921 0.5723 -0.0081 0.0804 0.5723 -0.01 0.0862 0.5708 -0.0084 0.0862 0.5708 -0.0068 0.0813 0.6002 0.0031 0.0768 0.6017 -0.0026 0.0783 0.6002 -0.0031 0.0768 0.6017 0.0026 0.0783 0.5723 0.01 0.0862 0.6002 0.0081 0.0804 0.5723 0.0081 0.0804 0.6002 0.01 0.0862 0.6002 0.0031 0.0768 0.5723 0.0081 0.0804 0.6002 0.0081 0.0804 0.5723 0.0031 0.0768 0.6002 -0.0031 0.0768 0.5723 -0.0031 0.0768 0.5723 0.0031 0.0768 0.6002 0.0031 0.0768 0.6002 -0.0031 0.0768 0.5723 -0.0081 0.0804 0.5723 -0.0031 0.0768 0.6002 -0.0081 0.0804 0.6002 -0.0081 0.0804 0.5723 -0.01 0.0862 0.5723 -0.0081 0.0804 0.6002 -0.01 0.0862 0.6002 -0.0081 0.0921 0.5723 -0.01 0.0862 0.6002 -0.01 0.0862 0.5723 -0.0081 0.0921 0.6002 -0.0081 0.0921 0.5723 -0.0031 0.0957 0.5723 -0.0081 0.0921 0.6002 -0.0031 0.0957 0.6002 -0.0031 0.0957 0.5723 0.0031 0.0957 0.5723 -0.0031 0.0957 0.6002 0.0031 0.0957 0.6002 0.0031 0.0957 0.5723 0.0081 0.0921 0.5723 0.0031 0.0957 0.6002 0.0081 0.0921 0.5723 0.01 0.0862 0.6002 0.0081 0.0921 0.6002 0.01 0.0862 0.5723 0.0081 0.0921 0.5708 0.0068 0.0813 0.5723 0.0031 0.0768 0.5708 0.0026 0.0783 0.5723 0.0081 0.0804 0.6017 -0.0026 0.0942 0.6002 -0.0081 0.0921 0.6017 -0.0068 0.0911 0.6002 -0.0031 0.0957 0.5708 0.0068 0.0911 0.5708 0.0026 0.0942 0.5723 0.0031 0.0957 0.5723 0.0081 0.0921 0.5708 0.0084 0.0862 0.5723 0.0081 0.0804 0.5708 0.0068 0.0813 0.5723 0.01 0.0862 0.6002 -0.01 0.0862 0.6017 -0.0068 0.0911 0.6002 -0.0081 0.0921 0.6017 -0.0084 0.0862 0.5723 -0.0031 0.0957 0.5708 0.0026 0.0942 0.5708 -0.0026 0.0942 0.5723 0.0031 0.0957 0.6017 -0.0084 0.0862 0.6002 -0.0081 0.0804 0.6017 -0.0068 0.0813 0.6002 -0.01 0.0862 0.5723 -0.0031 0.0957 0.5708 -0.0068 0.0911 0.5723 -0.0081 0.0921 0.5708 -0.0026 0.0942 0.6002 -0.0081 0.0804 0.6017 -0.0026 0.0783 0.6017 -0.0068 0.0813 0.6002 -0.0031 0.0768 0.5723 -0.0081 0.0921 0.5708 -0.0084 0.0862 0.5723 -0.01 0.0862 0.5708 -0.0068 0.0911 0.4784 -0.0096 0.1106 0.451 -0.0096 0.1106 0.4784 -0.0078 0.1049 0.451 -0.0078 0.1049 0.4784 0.003 0.1198 0.451 0.003 0.1198 0.4784 -0.003 0.1198 0.451 -0.003 0.1198 0.4784 0.0078 0.1049 0.451 0.0096 0.1106 0.4784 0.0096 0.1106 0.451 0.0078 0.1049 0.4784 -0.0078 0.1049 0.451 -0.0078 0.1049 0.4784 -0.003 0.1014 0.451 -0.003 0.1014 0.4784 -0.003 0.1198 0.451 -0.003 0.1198 0.4784 -0.0078 0.1163 0.451 -0.0078 0.1163 0.4784 0.0096 0.1106 0.451 0.0078 0.1163 0.4784 0.0078 0.1163 0.451 0.0096 0.1106 0.4784 -0.003 0.1014 0.451 0.003 0.1014 0.4784 0.003 0.1014 0.451 -0.003 0.1014 0.4784 -0.0078 0.1163 0.451 -0.0078 0.1163 0.4784 -0.0096 0.1106 0.451 -0.0096 0.1106 0.4784 0.0078 0.1163 0.451 0.0078 0.1163 0.4784 0.003 0.1198 0.451 0.003 0.1198 0.4784 -0.0096 0.1106 0.4784 -0.003 0.1014 0.4784 -0.0078 0.1163 0.4784 -0.0078 0.1049 0.4784 -0.003 0.1198 0.4784 0.003 0.1014 0.4784 0.003 0.1198 0.4784 0.0078 0.1163 0.4784 0.0096 0.1106 0.4784 0.0078 0.1049 0.451 -0.003 0.1198 0.451 0.003 0.1198 0.451 0.0022 0.1172 0.451 -0.0022 0.1172 0.451 0.007 0.1106 0.451 0.0078 0.1049 0.451 0.0056 0.1065 0.451 0.0096 0.1106 0.451 -0.0078 0.1049 0.451 -0.0022 0.104 0.451 -0.003 0.1014 0.451 -0.0056 0.1065 0.451 -0.0078 0.1163 0.451 -0.0056 0.1147 0.451 0.0078 0.1163 0.451 0.0056 0.1147 0.451 0.0022 0.104 0.451 0.003 0.1014 0.451 -0.007 0.1106 0.451 -0.0096 0.1106 0.4784 0.003 0.1014 0.451 0.0078 0.1049 0.4784 0.0078 0.1049 0.451 0.003 0.1014 -0.0282 -0.0121 0.107 -0.0282 0.0121 0.107 -0.0348 0.0121 0.0892 -0.0348 -0.0121 0.0892 -0.0205 -0.0159 0.107 -0.0227 -0.0078 0.111 -0.0282 -0.0121 0.107 -0.015 -0.0116 0.111 -0.0205 0.0159 0.107 -0.0227 0.0078 0.111 -0.015 0.0116 0.111 -0.0282 0.0121 0.107 -0.027 -0.0159 0.0892 -0.0282 -0.0121 0.107 -0.0348 -0.0121 0.0892 -0.0205 -0.0159 0.107 -0.0282 0.0121 0.107 -0.027 0.0159 0.0892 -0.0348 0.0121 0.0892 -0.0205 0.0159 0.107 -0.0039 -0.0078 0.1249 -0.015 -0.0116 0.111 -0.0057 -0.0116 0.1178 -0.0227 -0.0078 0.111 -0.015 0.0116 0.111 -0.0039 0.0078 0.1249 -0.0057 0.0116 0.1178 -0.0227 0.0078 0.111 0.2108 -0.0116 0.1178 -0.0039 -0.0078 0.1249 -0.0057 -0.0116 0.1178 0.2108 -0.0078 0.1249 -0.0039 0.0078 0.1249 0.2108 0.0078 0.1249 0.2108 0.0116 0.1178 -0.0057 0.0116 0.1178 0.2108 -0.0159 0.107 -0.015 -0.0116 0.111 -0.0205 -0.0159 0.107 0.2108 -0.0116 0.111 0.2108 0.0159 0.107 -0.015 0.0116 0.111 0.2108 0.0116 0.111 -0.0205 0.0159 0.107 -0.0227 0.0078 0.111 -0.0227 -0.0078 0.111 -0.0039 -0.0078 0.1249 -0.0039 0.0078 0.1249 0.2108 0.0159 0.0892 -0.027 -0.0159 0.0892 -0.027 0.0159 0.0892 -0.0348 0.0121 0.0892 -0.0348 -0.0121 0.0892 0.2108 -0.0159 0.0892 0.2108 0.0159 0.0892 -0.027 0.0159 0.0892 -0.0205 0.0159 0.107 0.2108 0.0159 0.107 0.2108 -0.0159 0.107 0.2108 0.0116 0.111 0.2108 -0.0116 0.111 0.2108 0.0159 0.107 0.2108 -0.0159 0.0892 0.2108 0.0159 0.0892 -0.0282 0.0121 0.107 -0.0282 -0.0121 0.107 0.2108 0.0116 0.1178 0.2108 -0.0116 0.1178 0.2108 0.0078 0.1249 0.2108 -0.0078 0.1249 0.2108 0.0078 0.1249 -0.0039 -0.0078 0.1249 0.2108 -0.0078 0.1249 -0.0039 0.0078 0.1249 0.2108 -0.0116 0.111 -0.0057 -0.0116 0.1178 -0.015 -0.0116 0.111 0.2108 -0.0116 0.1178 0.2108 0.0116 0.111 -0.015 0.0116 0.111 -0.0057 0.0116 0.1178 0.2108 0.0116 0.1178 0.2108 -0.0159 0.0892 -0.0205 -0.0159 0.107 -0.027 -0.0159 0.0892 0.2108 -0.0159 0.107 0.2861 0.0136 0.119 0.2861 0.0085 0.13 0.2861 0.0121 0.1268 0.2861 -0.0136 0.119 0.2861 -0.0085 0.13 0.2861 -0.0121 0.1268 0.2861 0.0136 0.1117 0.2861 -0.0136 0.1117 0.3959 0.0136 0.1038 0.388 -0.0136 0.1005 0.388 0.0136 0.1005 0.3959 -0.0136 0.1038 0.3992 0.0136 0.1117 0.3959 -0.0136 0.1038 0.3959 0.0136 0.1038 0.3992 -0.0136 0.1117 0.2861 -0.0136 0.1117 0.2894 0.0136 0.1038 0.2894 -0.0136 0.1038 0.2861 0.0136 0.1117 0.2973 0.0136 0.1005 0.2894 -0.0136 0.1038 0.2894 0.0136 0.1038 0.2973 -0.0136 0.1005 0.388 -0.0136 0.1005 0.2973 -0.0136 0.1005 0.2973 0.0136 0.1005 0.388 0.0136 0.1005 0.2861 0.0136 0.119 0.3992 0.0121 0.1237 0.3992 0.0136 0.1158 0.2861 0.0121 0.1268 0.3992 0.0085 0.1269 0.2861 0.0121 0.1268 0.2861 0.0085 0.13 0.3992 0.0121 0.1237 0.3992 -0.0085 0.1269 0.2861 -0.0085 0.13 0.2861 -0.0121 0.1268 0.3992 -0.0121 0.1237 0.3992 -0.0121 0.1237 0.2861 -0.0136 0.119 0.3992 -0.0136 0.1158 0.2861 -0.0121 0.1268 0.3992 -0.0085 0.1269 0.2861 0.0085 0.13 0.2861 -0.0085 0.13 0.3992 0.0085 0.1269 0.2861 0.0136 0.1117 0.2973 0.0136 0.1005 0.2894 0.0136 0.1038 0.2861 0.0136 0.119 0.388 0.0136 0.1005 0.3992 0.0136 0.1158 0.3992 0.0136 0.1117 0.3959 0.0136 0.1038 0.3992 -0.0136 0.1158 0.3992 -0.0085 0.1269 0.3992 -0.0121 0.1237 0.3992 0.0136 0.1158 0.3992 0.0085 0.1269 0.3992 0.0121 0.1237 0.3992 -0.0136 0.1117 0.3992 0.0136 0.1117 0.3992 -0.0136 0.1117 0.388 -0.0136 0.1005 0.3959 -0.0136 0.1038 0.2973 -0.0136 0.1005 0.2861 -0.0136 0.119 0.2861 -0.0136 0.1117 0.2894 -0.0136 0.1038 0.3992 -0.0136 0.1158</float_array><technique_common><accessor source="#g-p-a" count="2334" stride="3"><param name="X" type="float"/><param name="Y" type="float"/><param name="Z" type="float"/></accessor></technique_common></source>
<source id="g-n"><float_array id="g-n-a" count="7002">0 0 1 0 0 1 0 0 1 0 0 1 0 -1 0 0 -1 0 0 -1 0 0 -1 0 -0.075 0 -0.997 -0.075 0 -0.997 -0.075 0 -0.997 -0.075 0 -0.997 0 1 0 0 1 0 0 1 0 0 1 0 -0.056 -0.667 -0.743 -0.056 -0.667 -0.743 -0.056 -0.667 -0.743 -0.056 -0.667 -0.743 -0.014 -0.982 -0.188 -0.014 -0.982 -0.188 -0.014 -0.982 -0.188 -0.014 -0.982 -0.188 -0.014 0.982 -0.188 -0.014 0.982 -0.188 -0.014 0.982 -0.188 -0.014 0.982 -0.188 -0.056 0.667 -0.743 -0.056 0.667 -0.743 -0.056 0.667 -0.743 -0.056 0.667 -0.743 0 0 1 0 0 1 -1 0 0 -1 0 0 -1 0 0 -1 0 0 -1 0 0 -1 0 0 -1 0 0 -1 0 0 -0.383 0 0.924 -0.383 0 0.924 -0.383 0 0.924 -0.383 0 0.924 -0.924 0 0.383 -0.924 0 0.383 -0.924 0 0.383 -0.924 0 0.383 0.924 0 0.383 0.924 0 0.383 0.924 0 0.383 0.924 0 0.383 0.383 0 0.924 0.383 0 0.924 0.383 0 0.924 0.383 0 0.924 0 1 0 0 1 0 0.006 -0.668 -0.744 0.006 -0.668 -0.744 0.006 -0.668 -0.744 0.006 -0.668 -0.744 0.001 -0.982 -0.188 0.001 -0.982 -0.188 0.001 -0.982 -0.188 0.001 -0.982 -0.188 0.001 0.982 -0.188 0.001 0.982 -0.188 0.001 0.982 -0.188 0.001 0.982 -0.188 0.006 0.668 -0.744 0.006 0.668 -0.744 0.006 0.668 -0.744 0.006 0.668 -0.744 -0.4 -0.612 -0.682 -0.4 -0.612 -0.682 -0.4 -0.612 -0.682 -0.4 -0.612 -0.682 -0.11 -0.976 -0.187 -0.11 -0.976 -0.187 -0.11 -0.976 -0.187 -0.11 -0.976 -0.187 -0.11 0.976 -0.187 -0.11 0.976 -0.187 -0.11 0.976 -0.187 -0.11 0.976 -0.187 -0.4 0.612 -0.682 -0.4 0.612 -0.682 -0.4 0.612 -0.682 -0.4 0.612 -0.682 0.074 -0.98 -0.187 0.074 -0.98 -0.187 0.074 -0.98 -0.187 0.074 -0.98 -0.187 0.283 0.641 -0.714 0.283 0.641 -0.714 0.283 0.641 -0.714 0.283 0.641 -0.714 0.368 0 -0.93 0.368 0 -0.93 0.368 0 -0.93 0.368 0 -0.93 0.924 0 -0.382 0.924 0 -0.382 0.924 0 -0.382 0.924 0 -0.382 0.389 0 -0.921 0.389 0 -0.921 0.389 0 -0.921 0.389 0 -0.921 0.356 0.929 -0.102 0.356 0.929 -0.102 0.356 0.929 -0.102 0.428 0.902 -0.057 0.428 0.902 -0.057 0.428 0.902 -0.057 0.356 -0.929 -0.102 0.356 -0.929 -0.102 0.356 -0.929 -0.102 0.428 -0.902 -0.057 0.428 -0.902 -0.057 0.428 -0.902 -0.057 -0.491 -0.852 -0.18 -0.491 -0.852 -0.18 -0.491 -0.852 -0.18 -0.491 -0.852 -0.18 -0.491 0.852 -0.18 -0.491 0.852 -0.18 -0.491 0.852 -0.18 -0.491 0.852 -0.18 0.317 0.917 -0.24 0.317 0.917 -0.24 0.317 0.917 -0.24 0.317 0.917 -0.24 0.317 -0.917 -0.24 0.317 -0.917 -0.24 0.317 -0.917 -0.24 0.317 -0.917 -0.24 0.313 0 -0.95 0.313 0 -0.95 0.313 0 -0.95 0.313 0 -0.95 -0.119 -0.908 -0.402 -0.119 -0.908 -0.402 -0.119 -0.908 -0.402 -0.119 -0.908 -0.402 -0.119 0.908 -0.402 -0.119 0.908 -0.402 -0.119 0.908 -0.402 -0.119 0.908 -0.402 -0.684 0 -0.729 -0.684 0 -0.729 -0.684 0 -0.729 -0.684 0 -0.729 0.354 0.926 -0.134 0.354 0.926 -0.134 0.354 0.926 -0.134 0.354 0.926 -0.134 0.341 -0.857 -0.386 0.341 -0.857 -0.386 0.341 -0.857 -0.386 0.341 -0.857 -0.386 -0.413 -0.899 0.147 -0.413 -0.899 0.147 -0.413 -0.899 0.147 -0.413 -0.899 0.147 -0.413 0.905 0.104 -0.413 0.905 0.104 -0.413 0.905 0.104 -0.413 0.905 0.104 0.341 0.857 -0.386 0.341 0.857 -0.386 0.341 0.857 -0.386 0.341 0.857 -0.386 0.354 -0.926 -0.134 0.354 -0.926 -0.134 0.354 -0.926 -0.134 0.354 -0.926 -0.134 -0.413 -0.905 0.104 -0.413 -0.905 0.104 -0.413 -0.905 0.104 -0.413 -0.905 0.104 -0.413 0.899 0.147 -0.413 0.899 0.147 -0.413 0.899 0.147 -0.413 0.899 0.147 -0.409 0.911 -0.046 -0.409 0.911 -0.046 -0.409 0.911 -0.046 -0.409 0.911 -0.046 -0.409 -0.911 -0.046 -0.409 -0.911 -0.046 -0.409 -0.911 -0.046 -0.409 -0.911 -0.046 0.175 -0.83 -0.53 0.175 -0.83 -0.53 0.175 -0.83 -0.53 0.175 0.83 -0.53 0.175 0.83 -0.53 0.175 0.83 -0.53 -0.448 0.755 -0.478 -0.448 0.755 -0.478 -0.448 0.755 -0.478 -0.448 -0.755 -0.478 -0.448 -0.755 -0.478 -0.448 -0.755 -0.478 0.304 0 -0.953 0.304 0 -0.953 0.304 0 -0.953 0.304 0 -0.953 -0.041 -0.914 0.405 -0.041 -0.914 0.405 -0.041 -0.914 0.405 -0.041 -0.914 0.405 0.133 0.908 -0.398 0.133 0.908 -0.398 0.133 0.908 -0.398 0.133 0.908 -0.398 0.133 -0.908 -0.398 0.133 -0.908 -0.398 0.133 -0.908 -0.398 0.133 -0.908 -0.398 -0.041 0.914 0.405 -0.041 0.914 0.405 -0.041 0.914 0.405 -0.041 0.914 0.405 0.127 0.908 -0.399 0.127 0.908 -0.399 0.127 0.908 -0.399 0.127 0.908 -0.399 0.127 -0.908 -0.399 0.127 -0.908 -0.399 0.127 -0.908 -0.399 0.127 -0.908 -0.399 0.169 -0.894 0.414 0.169 -0.894 0.414 0.169 -0.894 0.414 0.169 -0.894 0.414 0.169 0.894 0.414 0.169 0.894 0.414 0.169 0.894 0.414 0.169 0.894 0.414 -0.076 -0.918 0.389 -0.076 -0.918 0.389 -0.076 -0.918 0.389 -0.076 -0.918 0.389 0.129 -0.908 -0.399 0.129 -0.908 -0.399 0.129 -0.908 -0.399 0.129 -0.908 -0.399 -0.076 0.918 0.389 -0.076 0.918 0.389 -0.076 0.918 0.389 -0.076 0.918 0.389 0.129 0.908 -0.399 0.129 0.908 -0.399 0.129 0.908 -0.399 0.129 0.908 -0.399 0 -1 0 0 -1 0 0 -1 0 0 -1 0 -0.1 0 0.995 -0.1 0 0.995 -0.1 0 0.995 -0.1 0 0.995 0 1 0 0 1 0 0 1 0 0 1 0 -0.97 0 0.245 -0.97 0 0.245 -0.97 0 0.245 -0.97 0 0.245 0 1 0 0 1 0 0 1 0 0 1 0 0 -1 0 0 -1 0 0 -1 0 0 -1 0 0 1 0 0 1 0 0 1 0 0 1 0 0 0 1 0 0 1 0 0 1 1 0 0 1 0 0 1 0 0 1 0 0 0 0 1 0 -1 0 0 -1 0 0.074 0.98 -0.187 0.074 0.98 -0.187 0.074 0.98 -0.187 0.074 0.98 -0.187 0.283 -0.641 -0.714 0.283 -0.641 -0.714 0.283 -0.641 -0.714 0.283 -0.641 -0.714 0 -1 0 0 -1 0 0 -1 0 0 -1 0 0.008 0 -1 0.008 0 -1 0.008 0 -1 0.008 0 -1 -0.506 0 -0.862 -0.506 0 -0.862 -0.506 0 -0.862 -0.506 0 -0.862 0 -1 0 0 -1 0 0 -1 0 0 -1 0 0 1 0 0 1 0 0 1 0 0 1 0 0 1 0 0 1 0 0 -1 0 0 -1 0 0 -1 0 0 -1 0 0.991 0 -0.132 0.991 0 -0.132 0.991 0 -0.132 0.991 0 -0.132 0 1 0 0 1 0 0 1 0 0 1 0 -0.942 0 0.335 -0.942 0 0.335 -0.942 0 0.335 -0.942 0 0.335 0.936 0 -0.353 0.936 0 -0.353 0.936 0 -0.353 0.936 0 -0.353 0.798 0 -0.603 0.798 0 -0.603 0.798 0 -0.603 0.798 0 -0.603 -0.283 0 -0.959 -0.283 0 -0.959 -0.283 0 -0.959 -0.283 0 -0.959 0.662 0 -0.749 0.662 0 -0.749 0.662 0 -0.749 0.662 0 -0.749 -0.939 0 -0.344 -0.939 0 -0.344 -0.939 0 -0.344 -0.939 0 -0.344 -0.994 0 -0.112 -0.994 0 -0.112 -0.994 0 -0.112 -0.994 0 -0.112 0 -1 0 0 -1 0 0 -1 0 0 -1 0 0 -1 0 0 -1 0 0 1 0 0 1 0 0 1 0 0 1 0 0.308 0 -0.951 0.308 0 -0.951 0.308 0 -0.951 0.308 0 -0.951 0.378 0 0.926 0.378 0 0.926 0.378 0 0.926 0.378 0 0.926 -0.191 0 0.982 -0.191 0 0.982 -0.191 0 0.982 -0.191 0 0.982 0.316 0 -0.949 0.316 0 -0.949 0.316 0 -0.949 0.316 0 -0.949 -0.68 0 -0.734 -0.68 0 -0.734 -0.68 0 -0.734 -0.68 0 -0.734 0.276 0 -0.961 0.276 0 -0.961 0.276 0 -0.961 0.276 0 -0.961 -0.158 0.236 0.959 -0.158 0.236 0.959 -0.158 0.236 0.959 -0.158 0.236 0.959 0.44 -0.219 -0.871 0.44 -0.219 -0.871 0.44 -0.219 -0.871 0.44 -0.219 -0.871 -0.356 0.307 0.883 -0.356 0.307 0.883 -0.356 0.307 0.883 -0.356 0.307 0.883 0.197 -0.234 -0.952 0.197 -0.234 -0.952 0.197 -0.234 -0.952 0.197 -0.234 -0.952 -0.688 -0.216 0.693 -0.688 -0.216 0.693 -0.688 -0.216 0.693 -0.688 -0.216 0.693 0.257 0 -0.967 0.257 0 -0.967 0.257 0 -0.967 0.257 0 -0.967 0.197 0.234 -0.952 0.197 0.234 -0.952 0.197 0.234 -0.952 0.197 0.234 -0.952 0.686 0.294 -0.666 0.686 0.294 -0.666 0.686 0.294 -0.666 0.686 0.294 -0.666 0.387 -0.379 -0.841 0.387 -0.379 -0.841 0.387 -0.379 -0.841 0.387 -0.379 -0.841 -0.106 0 0.994 -0.106 0 0.994 -0.106 0 0.994 -0.106 0 0.994 0.55 -0.351 -0.758 0.55 -0.351 -0.758 0.55 -0.351 -0.758 0.55 -0.351 -0.758 -0.65 0.294 0.701 -0.65 0.294 0.701 -0.65 0.294 0.701 -0.65 0.293 0.701 -0.65 0.293 0.701 -0.65 0.293 0.701 0.697 0.236 -0.677 0.697 0.236 -0.677 0.697 0.236 -0.677 0.697 0.236 -0.677 -0.547 -0.351 0.76 -0.547 -0.351 0.76 -0.547 -0.351 0.76 -0.547 -0.351 0.76 -0.66 0.236 0.713 -0.66 0.236 0.713 -0.66 0.236 0.713 -0.66 0.236 0.713 -0.489 0.191 0.851 -0.489 0.191 0.851 -0.489 0.191 0.851 -0.489 0.191 0.851 0.436 0 -0.9 0.436 0 -0.9 0.436 0 -0.9 0.436 0 -0.9 -0.346 -0.378 0.859 -0.346 -0.378 0.859 -0.346 -0.378 0.859 -0.346 -0.378 0.859 -0.715 0 0.699 -0.715 0 0.699 -0.715 0 0.699 -0.715 0 0.699 -0.489 -0.191 0.851 -0.489 -0.191 0.851 -0.489 -0.191 0.851 -0.489 -0.191 0.851 0.397 0.308 -0.865 0.397 0.308 -0.865 0.397 0.308 -0.865 0.397 0.308 -0.865 -0.272 0 0.962 -0.272 0 0.962 -0.272 0 0.962 -0.272 0 0.962 0.44 0.219 -0.871 0.44 0.219 -0.871 0.44 0.219 -0.871 0.44 0.219 -0.871 0.697 -0.236 -0.677 0.697 -0.236 -0.677 0.697 -0.236 -0.677 0.697 -0.236 -0.677 0.098 0.146 -0.984 0.098 0.146 -0.984 0.098 0.146 -0.984 0.098 0.146 -0.984 0.098 -0.146 -0.984 0.098 -0.146 -0.984 0.098 -0.146 -0.984 0.098 -0.146 -0.984 -0.66 -0.236 0.713 -0.66 -0.236 0.713 -0.66 -0.236 0.713 -0.66 -0.236 0.713 0.194 -0.292 -0.937 0.194 -0.292 -0.937 0.194 -0.292 -0.937 0.194 -0.292 -0.937 -0.688 0.216 0.693 -0.688 0.216 0.693 -0.688 0.216 0.693 -0.688 0.216 0.693 0.756 0 -0.654 0.756 0 -0.654 0.756 0 -0.654 0.756 0 -0.654 -0.637 0 0.771 -0.637 0 0.771 -0.637 0 0.771 -0.637 0 0.771 -0.894 0 -0.447 -0.894 0 -0.447 -0.894 0 -0.447 -0.894 0 -0.447 0.904 0 0.428 0.904 0 0.428 0.904 0 0.428 0.904 0 0.428 0 1 0 0 1 0 0 1 0 0 1 0 0 -1 0 0 -1 0 0 -1 0 0 -1 0 0 -1 0 0 -1 0 0 -1 0 0 -1 0 0.523 0.814 0.251 0.523 0.814 0.251 0.523 0.814 0.251 0.522 0.815 0.251 0.522 0.815 0.251 0.522 0.815 0.251 0 1 0 0 1 0 0 1 0 0 1 0 0.523 -0.814 0.251 0.523 -0.814 0.251 0.523 -0.814 0.251 0.522 -0.815 0.251 0.522 -0.815 0.251 0.522 -0.815 0.251 0.835 0 0.551 0.835 0 0.551 0.835 0 0.551 0.835 0 0.551 0 1 0 0 1 0 0 1 0 0 1 0 0 -1 0 0 -1 0 0 -1 0 0 -1 0 -0.834 0 -0.552 -0.834 0 -0.552 -0.834 0 -0.552 -0.834 0 -0.552 0 -1 0 0 -1 0 0 -1 0 0 -1 0 0.483 0.815 0.319 0.483 0.815 0.319 0.483 0.815 0.319 0.483 0.816 0.319 0.483 0.816 0.319 0.483 0.816 0.319 0 1 0 0 1 0 0 1 0 0 1 0 0.483 -0.815 0.319 0.483 -0.815 0.319 0.483 -0.815 0.319 0.483 -0.816 0.319 0.483 -0.816 0.319 0.483 -0.816 0.319 0 -1 0 0 -1 0 0 -1 0 0 -1 0 -0.691 0 -0.723 -0.691 0 -0.723 -0.691 0 -0.723 -0.691 0 -0.723 0.721 0 0.693 0.721 0 0.693 0.721 0 0.693 0.721 0 0.693 0 1 0 0 1 0 0 1 0 0 1 0 0.414 0.814 0.408 0.414 0.814 0.408 0.414 0.814 0.408 0.416 0.813 0.408 0.416 0.813 0.408 0.416 0.813 0.408 0 -1 0 0 -1 0 0 -1 0 0 -1 0 0 1 0 0 1 0 0 1 0 0 1 0 0.414 -0.814 0.408 0.414 -0.814 0.408 0.414 -0.814 0.408 0.416 -0.813 0.408 0.416 -0.813 0.408 0.416 -0.813 0.408 0.587 -0.81 -0.003 0.587 -0.81 -0.003 0.587 -0.81 -0.003 0.585 -0.811 -0.005 0.585 -0.811 -0.005 0.585 -0.811 -0.005 0 1 0 0 1 0 0 1 0 0 1 0 0.587 0.81 -0.003 0.587 0.81 -0.003 0.587 0.81 -0.003 0.585 0.811 -0.005 0.585 0.811 -0.005 0.585 0.811 -0.005 0 -1 0 0 -1 0 0 -1 0 0 -1 0 1 0 -0.019 1 0 -0.019 1 0 -0.019 1 0 -0.019 -1 0 -0.028 -1 0 -0.028 -1 0 -0.028 -1 0 -0.028 0 -1 0 0 -1 0 0 -1 0 0 -1 0 0 1 0 0 1 0 0 1 0 0 1 0 0 1 0 0 1 0 0 1 0 0 1 0 0 -1 0 0 -1 0 0 -1 0 0 -1 0 -1 0 -0.028 -1 0 -0.028 -1 0 -0.028 -1 0 -0.028 1 0 -0.019 1 0 -0.019 1 0 -0.019 1 0 -0.019 0 -1 0 0 -1 0 0 -1 0 0 -1 0 0.578 0.816 -0.005 0.578 0.816 -0.005 0.578 0.816 -0.005 0.585 0.811 -0.003 0.585 0.811 -0.003 0.585 0.811 -0.003 0 1 0 0 1 0 0 1 0 0 1 0 0.585 -0.811 -0.003 0.585 -0.811 -0.003 0.585 -0.811 -0.003 0.578 -0.816 -0.005 0.578 -0.816 -0.005 0.578 -0.816 -0.005 0 -1 0 0 -1 0 0 -1 0 0 -1 0 -0.965 0 -0.263 -0.965 0 -0.263 -0.965 0 -0.263 -0.965 0 -0.263 0.968 0 0.249 0.968 0 0.249 0.968 0 0.249 0.968 0 0.249 0 1 0 0 1 0 0 1 0 0 1 0 0.56 0.815 0.146 0.56 0.815 0.146 0.56 0.815 0.146 0.563 0.813 0.147 0.563 0.813 0.147 0.563 0.813 0.147 0 -1 0 0 -1 0 0 -1 0 0 -1 0 0 1 0 0 1 0 0 1 0 0 1 0 0.563 -0.813 0.147 0.563 -0.813 0.147 0.563 -0.813 0.147 0.56 -0.815 0.146 0.56 -0.815 0.146 0.56 -0.815 0.146 -0.884 0 -0.467 -0.884 0 -0.467 -0.884 0 -0.467 -0.884 0 -0.467 0.194 0.292 -0.937 0.194 0.292 -0.937 0.194 0.292 -0.937 0.194 0.292 -0.937 0.888 0 0.46 0.888 0 0.46 0.888 0 0.46 0.888 0 0.46 -0.744 -0.144 0.652 -0.744 -0.144 0.652 -0.744 -0.144 0.652 -0.744 -0.144 0.652 0 1 0 0 1 0 0 1 0 0 1 0 0.088 0 -0.996 0.088 0 -0.996 0.088 0 -0.996 0.088 0 -0.996 0 -1 0 0 -1 0 0 -1 0 0 -1 0 0.634 -0.144 -0.759 0.634 -0.144 -0.759 0.634 -0.144 -0.759 0.634 -0.144 -0.759 0 -1 0 0 -1 0 0 -1 0 0 -1 0 -0.259 0.142 0.955 -0.259 0.142 0.955 -0.259 0.142 0.955 -0.259 0.142 0.955 0.515 0.814 0.268 0.515 0.814 0.268 0.515 0.814 0.268 0.517 0.813 0.269 0.517 0.813 0.269 0.517 0.813 0.269 0.284 0.189 -0.94 0.284 0.189 -0.94 0.284 0.189 -0.94 0.284 0.189 -0.94 0 1 0 0 1 0 0 1 0 0 1 0 -0.528 0.429 0.733 -0.528 0.429 0.733 -0.528 0.429 0.733 -0.528 0.429 0.733 0.515 -0.814 0.268 0.515 -0.814 0.268 0.515 -0.814 0.268 0.517 -0.813 0.269 0.517 -0.813 0.269 0.517 -0.813 0.269 0.53 0.429 -0.732 0.53 0.429 -0.732 0.53 0.429 -0.732 0.53 0.428 -0.732 0.53 0.428 -0.732 0.53 0.428 -0.732 0.804 0 0.595 0.804 0 0.595 0.804 0 0.595 0.804 0 0.595 -0.155 -0.294 0.943 -0.155 -0.294 0.943 -0.155 -0.294 0.943 -0.155 -0.294 0.943 0 1 0 0 1 0 0 1 0 0 1 0 0.485 0 -0.874 0.485 0 -0.874 0.485 0 -0.874 0.485 0 -0.874 0 -1 0 0 -1 0 0 -1 0 0 -1 0 -0.65 -0.294 0.701 -0.65 -0.294 0.701 -0.65 -0.294 0.701 -0.65 -0.293 0.701 -0.65 -0.293 0.701 -0.65 -0.293 0.701 -0.791 0 -0.612 -0.791 0 -0.612 -0.791 0 -0.612 -0.791 0 -0.612 -0.158 -0.236 0.959 -0.158 -0.236 0.959 -0.158 -0.236 0.959 -0.158 -0.236 0.959 0 -1 0 0 -1 0 0 -1 0 0 -1 0 0.397 -0.308 -0.865 0.397 -0.308 -0.865 0.397 -0.308 -0.865 0.397 -0.308 -0.865 0.464 0.816 0.346 0.464 0.816 0.346 0.464 0.816 0.346 0.467 0.812 0.349 0.467 0.812 0.349 0.467 0.812 0.349 -0.304 0 0.953 -0.304 0 0.953 -0.304 0 0.953 -0.304 0 0.953 0 1 0 0 1 0 0 1 0 0 1 0 0.686 -0.294 -0.666 0.686 -0.294 -0.666 0.686 -0.294 -0.666 0.686 -0.294 -0.666 0.464 -0.816 0.346 0.464 -0.816 0.346 0.464 -0.816 0.346 0.467 -0.812 0.349 0.467 -0.812 0.349 0.467 -0.812 0.349 -0.511 0 0.859 -0.511 0 0.859 -0.511 0 0.859 -0.511 0 0.859 -0.356 -0.307 0.883 -0.356 -0.307 0.883 -0.356 -0.307 0.883 -0.356 -0.307 0.883 0 1 0 0 1 0 0 1 0 0 1 0 0.655 0 -0.756 0.655 0 -0.756 0.655 0 -0.756 0.655 0 -0.756 0 1 0 0 1 0 0 1 0 0 1 0 -0.346 0.378 0.859 -0.346 0.378 0.859 -0.346 0.378 0.859 -0.346 0.378 0.859 0.401 -0.813 0.423 0.401 -0.813 0.423 0.401 -0.813 0.423 0.403 -0.81 0.426 0.403 -0.81 0.426 0.403 -0.81 0.426 -0.51 0 0.86 -0.51 0 0.86 -0.51 0 0.86 -0.51 0 0.86 0 -1 0 0 -1 0 0 -1 0 0 -1 0 -0.259 -0.142 0.955 -0.259 -0.142 0.955 -0.259 -0.142 0.955 -0.259 -0.142 0.955 0.691 0 0.723 0.691 0 0.723 0.691 0 0.723 0.691 0 0.723 0.284 -0.189 -0.94 0.284 -0.189 -0.94 0.284 -0.189 -0.94 0.284 -0.189 -0.94 0 -1 0 0 -1 0 0 -1 0 0 -1 0 -0.759 0 0.651 -0.759 0 0.651 -0.759 0 0.651 -0.759 0 0.651 0.401 0.813 0.423 0.401 0.813 0.423 0.401 0.813 0.423 0.403 0.81 0.426 0.403 0.81 0.426 0.403 0.81 0.426 -0.547 0.351 0.76 -0.547 0.351 0.76 -0.547 0.351 0.76 -0.547 0.351 0.76 0 1 0 0 1 0 0 1 0 0 1 0 0 -1 0 0 -1 0 0 -1 0 0 -1 0 0 1 0 0 1 0 0 1 0 0 1 0 0.528 0 0.849 0.528 0 0.849 0.528 0 0.849 0.528 0 0.849 0.305 -0.816 0.491 0.305 -0.816 0.491 0.305 -0.816 0.491 0.305 -0.816 0.491 0.849 0 -0.528 0.849 0 -0.528 0.849 0 -0.528 0.849 0 -0.528 0.849 0 -0.528 0.849 0 -0.528 0.849 0 -0.528 0.849 0 -0.528 -0.849 0 0.528 -0.849 0 0.528 -0.849 0 0.528 -0.849 0 0.528 -0.849 0 0.528 -0.849 0 0.528 -0.849 0 0.528 -0.849 0 0.528 -0.849 0 0.528 -0.849 0 0.528 -0.849 0 0.528 -0.849 0 0.528 -0.849 0 0.528 -0.849 0 0.528 0 -1 0 0 -1 0 0 -1 0 0 -1 0 -0.528 0 -0.849 -0.528 0 -0.849 -0.528 0 -0.849 -0.528 0 -0.849 0.305 0.816 0.491 0.305 0.816 0.491 0.305 0.816 0.491 0.305 0.816 0.491 0.633 0 -0.774 0.633 0 -0.774 0.633 0 -0.774 0.633 0 -0.774 -0.849 0 0.528 -0.849 0 0.528 0.55 0.351 -0.758 0.55 0.351 -0.758 0.55 0.351 -0.758 0.55 0.351 -0.758 0 0 1 0 0 1 0 0 1 0 0 1 0 0 1 0 0 1 -0.744 0.144 0.652 -0.744 0.144 0.652 -0.744 0.144 0.652 -0.744 0.144 0.652 0.634 0.144 -0.759 0.634 0.144 -0.759 0.634 0.144 -0.759 0.634 0.144 -0.759 0 0 1 0 0 1 0 0 1 0 0 1 0 -0.668 0.744 0 -0.668 0.744 0 -0.668 0.744 0 -0.668 0.744 0 -0.982 0.188 0 -0.982 0.188 0 -0.982 0.188 0 -0.982 0.188 0 0.982 0.188 0 0.982 0.188 0 0.982 0.188 0 0.982 0.188 0 0.668 0.744 0 0.668 0.744 0 0.668 0.744 0 0.668 0.744 0 0.668 0.744 0 0.668 0.744 0 0.982 0.188 0 0.982 0.188 0 -0.668 0.744 0 -0.668 0.744 0 -0.982 0.188 0 -0.982 0.188 0.147 -0.886 -0.441 0.147 -0.886 -0.441 0.147 -0.886 -0.441 0.147 -0.886 -0.441 -0.045 0.893 0.448 -0.045 0.893 0.448 -0.045 0.893 0.448 -0.045 0.893 0.448 -0.045 -0.893 0.448 -0.045 -0.893 0.448 -0.045 -0.893 0.448 -0.045 -0.893 0.448 0.147 0.886 -0.441 0.147 0.886 -0.441 0.147 0.886 -0.441 0.147 0.886 -0.441 0.316 0 -0.949 0.316 0 -0.949 0.316 0 -0.949 0.316 0 -0.949 -0.985 0 -0.173 -0.985 0 -0.173 -0.985 0 -0.173 -0.985 0 -0.173 -0.985 0 -0.173 -0.985 0 -0.173 -0.985 0 -0.173 -0.985 0 -0.173 -0.1 0 0.995 -0.1 0 0.995 -0.1 0 0.995 -0.1 0 0.995 0 1 0 0 1 0 0 1 0 0 1 0 0 -1 0 0 -1 0 0 -1 0 0 -1 0 0.988 0.069 0.135 0.988 0.069 0.135 0.988 0.069 0.135 0.988 0.053 0.146 0.988 0.053 0.146 0.988 0.053 0.146 0.983 0.072 0.169 0.983 0.072 0.169 0.983 0.072 0.169 0.983 0.072 0.169 0.971 0 0.239 0.971 0 0.239 0.971 0 0.239 0.971 0 0.239 0.995 0 0.1 0.995 0 0.1 0.995 0 0.1 0.995 0 0.1 0.983 -0.072 0.169 0.983 -0.072 0.169 0.983 -0.072 0.169 0.983 -0.072 0.169 0 1 0 0 1 0 0 1 0 0 1 0 0 0 1 0 0 1 0 1 0 0 1 0 1 0 0 1 0 0 1 0 0 1 0 0 1 0 0 1 0 0 1 0 0 1 0 0 1 0 0 1 0 0 0 -1 0 0 -1 0 0 -1 0 0 -1 0 0 0 -1 0 0 -1 0 0 -1 0 0 -1 0 1 0 0 1 0 0 -1 0 0 -1 0 0 0 -1 0 0 -1 0 1 0 0 -1 0 0 -1 0 0 -1 0 -0.155 0.294 0.943 -0.155 0.294 0.943 -0.155 0.294 0.943 -0.155 0.294 0.943 0.387 0.379 -0.841 0.387 0.379 -0.841 0.387 0.379 -0.841 0.387 0.379 -0.841 -0.528 -0.429 0.733 -0.528 -0.429 0.733 -0.528 -0.429 0.733 -0.528 -0.429 0.733 0.53 -0.429 -0.732 0.53 -0.429 -0.732 0.53 -0.429 -0.732 0.53 -0.429 -0.732 0 0 1 0 0 1 0.988 -0.053 0.146 0.988 -0.053 0.146 0.988 -0.053 0.146 0.988 -0.069 0.135 0.988 -0.069 0.135 0.988 -0.069 0.135 0.98 -0.053 0.193 0.98 -0.053 0.193 0.98 -0.053 0.193 0.977 -0.068 0.204 0.977 -0.068 0.204 0.977 -0.068 0.204 0.977 0.068 0.204 0.977 0.068 0.204 0.977 0.068 0.204 0.98 0.053 0.193 0.98 0.053 0.193 0.98 0.053 0.193 0 0 -1 0 0 -1 0 0 -1 0 0 -1 0 0.951 -0.309 0 0.951 -0.309 0 0.951 -0.309 0 0.951 -0.309 0 0.588 -0.809 0 0.588 -0.809 0 0.588 -0.809 0 0.588 -0.809 0 0 -1 0 0 -1 0 0 -1 0 0 -1 0 -0.588 -0.809 0 -0.588 -0.809 0 -0.588 -0.809 0 -0.588 -0.809 0 -0.951 -0.309 0 -0.951 -0.309 0 -0.951 -0.309 0 -0.951 -0.309 0 -0.951 0.309 0 -0.951 0.309 0 -0.951 0.309 0 -0.951 0.309 0 -0.588 0.809 0 -0.588 0.809 0 -0.588 0.809 0 -0.588 0.809 0 0 1 0 0 1 0 0 1 0 0 1 0 0.588 0.809 0 0.588 0.809 0 0.588 0.809 0 0.588 0.809 0 0.951 0.309 0 0.951 0.309 0 0.951 0.309 0 0.951 0.309 1 0 0 1 0 0 1 0 0 1 0 0 1 0 0 1 0 0 1 0 0 1 0 0 1 0 0 1 0 0 0 -0.951 -0.309 0 -0.951 -0.309 0 -0.951 -0.309 0 -0.951 -0.309 0 0 1 0 0 1 0 0 1 0 0 1 0 0.951 -0.309 0 0.951 -0.309 0 0.951 -0.309 0 0.951 -0.309 0 -0.588 -0.809 0 -0.588 -0.809 0 -0.588 -0.809 0 -0.588 -0.809 0 -0.588 0.809 0 -0.588 0.809 0 -0.588 0.809 0 -0.588 0.809 0 0.951 0.309 0 0.951 0.309 0 0.951 0.309 0 0.951 0.309 0 0 -1 0 0 -1 0 0 -1 0 0 -1 0 -0.951 0.309 0 -0.951 0.309 0 -0.951 0.309 0 -0.951 0.309 0 0.588 0.809 0 0.588 0.809 0 0.588 0.809 0 0.588 0.809 0 0.588 -0.809 0 0.588 -0.809 0 0.588 -0.809 0 0.588 -0.809 1 0 0 1 0 0 1 0 0 1 0 0 1 0 0 1 0 0 1 0 0 1 0 0 1 0 0 1 0 0 1 0 0 1 0 0 1 0 0 1 0 0 1 0 0 1 0 0 1 0 0 1 0 0 1 0 0 1 0 0 -1 0 0 -1 0 0 -1 0 0 -1 0 0 -1 0 0 -1 0 0 -1 0 0 -1 0 0 -1 0 0 -1 0 0 0 0.951 0.309 0 0.951 0.309 0 0.951 0.309 0 0.951 0.309 0 0.588 0.809 0 0.588 0.809 0 0.588 0.809 0 0.588 0.809 0 0 1 0 0 1 0 0 1 0 0 1 0 -0.588 0.809 0 -0.588 0.809 0 -0.588 0.809 0 -0.588 0.809 0 -0.951 0.309 0 -0.951 0.309 0 -0.951 0.309 0 -0.951 0.309 0 -0.951 -0.309 0 -0.951 -0.309 0 -0.951 -0.309 0 -0.951 -0.309 0 -0.588 -0.809 0 -0.588 -0.809 0 -0.588 -0.809 0 -0.588 -0.809 0 0 -1 0 0 -1 0 0 -1 0 0 -1 0 0.588 -0.809 0 0.588 -0.809 0 0.588 -0.809 0 0.588 -0.809 0 0.951 -0.309 0 0.951 -0.309 0 0.951 -0.309 0 0.951 -0.309 0 0.951 -0.309 0 0.951 -0.309 0 0.951 -0.309 0 0.951 -0.309 0 -0.588 -0.809 0 -0.588 -0.809 0 -0.588 -0.809 0 -0.588 -0.809 0 -0.588 0.809 0 -0.588 0.809 0 -0.588 0.809 0 -0.588 0.809 0 0.951 0.309 0 0.951 0.309 0 0.951 0.309 0 0.951 0.309 0 0 -1 0 0 -1 0 0 -1 0 0 -1 0 -0.951 0.309 0 -0.951 0.309 0 -0.951 0.309 0 -0.951 0.309 0 0.588 0.809 0 0.588 0.809 0 0.588 0.809 0 0.588 0.809 0 0.588 -0.809 0 0.588 -0.809 0 0.588 -0.809 0 0.588 -0.809 0 -0.951 -0.309 0 -0.951 -0.309 0 -0.951 -0.309 0 -0.951 -0.309 1 0 0 1 0 0 1 0 0 1 0 0 1 0 0 1 0 0 1 0 0 1 0 0 1 0 0 1 0 0 1 0 0 1 0 0 1 0 0 1 0 0 1 0 0 1 0 0 1 0 0 1 0 0 1 0 0 1 0 0 0 0 1 0 0 1 0 0 1 0 0 1 -1 0 0 -1 0 0 -1 0 0 -1 0 0 -1 0 0 -1 0 0 -1 0 0 -1 0 0 -1 0 0 -1 0 0 0 0.951 0.309 0 0.951 0.309 0 0.951 0.309 0 0.951 0.309 0 0.588 0.809 0 0.588 0.809 0 0.588 0.809 0 0.588 0.809 0 0 1 0 0 1 0 0 1 0 0 1 0 -0.588 0.809 0 -0.588 0.809 0 -0.588 0.809 0 -0.588 0.809 0 -0.951 0.309 0 -0.951 0.309 0 -0.951 0.309 0 -0.951 0.309 0 -0.951 -0.309 0 -0.951 -0.309 0 -0.951 -0.309 0 -0.951 -0.309 0 -0.588 -0.809 0 -0.588 -0.809 0 -0.588 -0.809 0 -0.588 -0.809 0 0 -1 0 0 -1 0 0 -1 0 0 -1 0 0.588 -0.809 0 0.588 -0.809 0 0.588 -0.809 0 0.588 -0.809 0 0.951 -0.309 0 0.951 -0.309 0 0.951 -0.309 0 0.951 -0.309 0 -1 0 0 -1 0 0 -1 0 0 -1 0 1 0 0 1 0 0 1 0 0 1 0 0 0 1 0 0 1 0 0 1 0 0 1 0 0.245 -0.508 -0.826 0.245 -0.508 -0.826 0.245 -0.508 -0.826 0.263 -0.522 -0.811 0.263 -0.522 -0.811 0.263 -0.522 -0.811 0.245 0.508 -0.826 0.245 0.508 -0.826 0.245 0.508 -0.826 0.263 0.522 -0.811 0.263 0.522 -0.811 0.263 0.522 -0.811 -0.355 -0.798 -0.488 -0.355 -0.798 -0.488 -0.355 -0.798 -0.488 -0.355 -0.798 -0.488 -0.355 0.798 -0.488 -0.355 0.798 -0.488 -0.355 0.798 -0.488 -0.355 0.798 -0.488 -0.588 0 -0.809 -0.588 0 -0.809 -0.588 0 -0.809 -0.588 0 -0.809 0.061 0 -0.998 0.061 0 -0.998 0.061 0 -0.998 0.061 0 -0.998 0.025 -0.908 -0.418 0.025 -0.908 -0.418 0.025 -0.908 -0.418 0.025 -0.908 -0.418 0.025 0.908 -0.418 0.025 0.908 -0.418 0.025 0.908 -0.418 0.025 0.908 -0.418 0.025 -0.908 -0.418 0.025 -0.908 -0.418 0.025 0.908 -0.418 0.025 0.908 -0.418 -0.281 0 -0.96 -0.281 0 -0.96 -0.281 0 -0.96 -0.281 0 -0.96 -0.177 0.417 -0.892 -0.177 0.417 -0.892 -0.177 0.417 -0.892 -0.182 0.421 -0.889 -0.182 0.421 -0.889 -0.182 0.421 -0.889 -0.177 -0.417 -0.892 -0.177 -0.417 -0.892 -0.177 -0.417 -0.892 -0.182 -0.421 -0.889 -0.182 -0.421 -0.889 -0.182 -0.421 -0.889 0.436 0.897 -0.076 0.436 0.897 -0.076 0.436 0.897 -0.076 0.528 0.849 0 0.528 0.849 0 0.528 0.849 0 0.436 -0.897 -0.076 0.436 -0.897 -0.076 0.436 -0.897 -0.076 0.528 -0.849 0 0.528 -0.849 0 0.528 -0.849 0 0 -1 0 0 -1 0 0 -1 0 0 -1 0 -0.347 0 -0.938 -0.347 0 -0.938 -0.347 0 -0.938 -0.347 0 -0.938 0.347 0 0.938 0.347 0 0.938 0.347 0 0.938 0.347 0 0.938 0.801 0 -0.599 0.801 0 -0.599 0.801 0 -0.599 0.801 0 -0.599 0.669 0 0.743 0.669 0 0.743 0.669 0 0.743 0.669 0 0.743 0 1 0 0 1 0 0 1 0 0 1 0 0 -1 0 0 -1 0 0 1 0 0 1 0 0 -1 0 0 -1 0 -0.804 0 -0.595 -0.804 0 -0.595 -0.804 0 -0.595 -0.804 0 -0.595 0.804 0 0.595 0.804 0 0.595 0.804 0 0.595 0.804 0 0.595 -0.588 0 -0.809 -0.588 0 -0.809 -0.588 0 -0.809 -0.588 0 -0.809 0 -1 0 0 -1 0 -0.898 0 -0.44 -0.898 0 -0.44 -0.898 0 -0.44 -0.898 0 -0.44 0.98 0 0.199 0.98 0 0.199 0.98 0 0.199 0.98 0 0.199 0 1 0 0 1 0 0.995 0 0.095 0.995 0 0.095 0.995 0 0.095 0.995 0 0.095 0 1 0 0 1 0 0 1 0 0 1 0 0 -1 0 0 -1 0 -0.992 0 0.128 -0.992 0 0.128 -0.992 0 0.128 -0.992 0 0.128 0 1 0 0 1 0 0 -1 0 0 -1 0 -0.972 0 -0.234 -0.972 0 -0.234 -0.972 0 -0.234 -0.972 0 -0.234 0 0 1 0 0 1 0 0 1 0 0 1 -0.058 0 -0.998 -0.058 0 -0.998 -0.058 0 -0.998 -0.058 0 -0.998 0 1 0 0 1 0 0 -1 0 0 -1 0 0 -1 0 -1 0 0 -1 0 0 -1 0 0 -1 0 0 0 -1 0 0.701 0 -0.713 0.701 0 -0.713 0.701 0 -0.713 0.701 0 -0.713 0 1 0 0 1 0 0.884 0 -0.468 0.884 0 -0.468 0.884 0 -0.468 0.884 0 -0.468 0 0 1 0 0 1 0 0 -1 0 0 -1 0 0 -1 0 0 -1 0.707 0 -0.707 0.707 0 -0.707 0.707 0 -0.707 0.707 0 -0.707 1 0 0 1 0 0 1 0 0 1 0 0 0 -1 0 0 -1 0 0 -1 0 0 -1 0 0 -1 0 0 1 0 0 1 0 0 1 0 0 1 0 0 1 0 -1 0 0 -1 0 0 -1 0 0 -1 0 0 0 -1 0 0 -1 0 0 0 1 0 0 1 0 0 1 0 0 1 0 0 1 0 0 1 0.994 0 -0.106 0.994 0 -0.106 0.994 0 -0.106 0.994 0 -0.106 0 1 0 0 1 0 0 1 0 -0.992 0 0.126 -0.992 0 0.126 -0.992 0 0.126 -0.992 0 0.126 0 1 0 -0.73 0 0.683 -0.73 0 0.683 -0.73 0 0.683 -0.73 0 0.683 0.761 0 -0.648 0.761 0 -0.648 0.761 0 -0.648 0.761 0 -0.648 0 -1 0 0 -1 0 0 -1 0 0 -1 0 0.363 0 -0.932 0.363 0 -0.932 0.363 0 -0.932 0.363 0 -0.932 0 1 0 0 1 0 0 1 0 0 1 0 0 0 -1 0 0 -1 0 0 -1 0 0 -1 0 1 0 0 1 0 0 0 1 0 0 1 0 0 1 0 0 1 -0.422 0 0.906 -0.422 0 0.906 -0.422 0 0.906 -0.422 0 0.906 0.122 0 0.993 0.122 0 0.993 0.122 0 0.993 0.122 0 0.993 0 -1 0 0 -1 0 0 -1 0 0 -1 0 -0.113 0 -0.994 -0.113 0 -0.994 -0.113 0 -0.994 -0.113 0 -0.994 0 -1 0 0 -1 0 -0.602 0 -0.799 -0.602 0 -0.799 -0.602 0 -0.799 -0.602 0 -0.799 0 1 0 0 1 0 0 1 0 0 1 0 0.759 0 0.651 0.759 0 0.651 0.759 0 0.651 0.759 0 0.651 0 -1 0 0 -1 0 0 -1 0 0 -1 0 0 1 0 0 1 0 -0.922 0 -0.388 -0.922 0 -0.388 -0.922 0 -0.388 -0.922 0 -0.388 0 -1 0 0 -1 0 0 0 1 0 0 1 0 0 1 0 0 1 0.893 0 0.451 0.893 0 0.451 0.893 0 0.451 0.893 0 0.451 0 1 0 0 1 0 1 0 0 1 0 0 1 0 0 1 0 0 -1 0 0 -1 0 0 -1 0 0 -1 0 0 0.005 0.813 -0.583 0.005 0.813 -0.583 0.005 0.813 -0.583 0.009 0.739 -0.673 0.009 0.739 -0.673 0.009 0.739 -0.673 -0.098 0 0.995 -0.098 0 0.995 -0.098 0 0.995 -0.056 0 0.998 -0.056 0 0.998 -0.056 0 0.998 -0.056 0 0.998 -0.056 0 0.998 -0.098 0 0.995 -0.056 0 0.998 0.423 0 -0.906 0.423 0 -0.906 0.423 0 -0.906 0.423 0 -0.906 0.009 -0.739 -0.673 0.009 -0.739 -0.673 0.009 -0.739 -0.673 0.005 -0.813 -0.583 0.005 -0.813 -0.583 0.005 -0.813 -0.583 0 0 1 0 0 1 0 0 1 0 0 1 0 1 0 0 1 0 0 1 0 0 1 0 -0.998 0 -0.056 -0.998 0 -0.056 -0.998 0 -0.056 -0.998 0 -0.056 -0.998 0 -0.056 -0.998 0 -0.056 -0.998 0 -0.063 -0.998 0 -0.063 -0.998 0 -0.063 -0.998 0 -0.063 1 0 -0.02 1 0 -0.02 1 0 -0.02 1 0 -0.02 1 0 -0.02 1 0 -0.02 0 -1 0 0 -1 0 0 -1 0 0 -1 0 0.061 0 -0.998 0.061 0 -0.998 0 -1 0 0 -1 0 0 -1 0 0 -1 0 0 0 1 0 0 1 0 0 1 0 0 1 0 1 0 0 1 0 0 1 0 0 1 0 1 0 -0.013 1 0 -0.013 1 0 -0.013 1 0 -0.013 -0.479 0 -0.878 -0.479 0 -0.878 -0.479 0 -0.878 -0.479 0 -0.878 0 1 0 0 1 0 0 1 0 0 1 0 0.989 0 0.151 0.989 0 0.151 0.989 0 0.151 0.989 0 0.151 0.014 0 -1 0.014 0 -1 0.014 0 -1 0.014 0 -1 0 1 0 0 1 0 0.248 0 0.969 0.248 0 0.969 0.248 0 0.969 0.248 0 0.969 0 -1 0 0 -1 0 0 -1 0 0 -1 0 0 -1 0 0 -1 0 0.577 0 0.817 0.577 0 0.817 0.577 0 0.817 0.577 0 0.817 0 -1 0 0 -1 0 -0.624 0 -0.781 -0.624 0 -0.781 -0.624 0 -0.781 -0.624 0 -0.781 0 1 0 0 1 0 -0.871 0 -0.491 -0.871 0 -0.491 -0.871 0 -0.491 -0.871 0 -0.491 0 0 1 0 0 1 0 0 1 0 0 1 0 -1 0 0 -1 0 0 -1 0 0 -1 0 1 0 0 1 0 0 1 0 0 1 0 0 1 0 0 1 0 0 1 0 0 1 0 0 -1 0 0 -1 0 0 -1 0 0 -1 0 0 0 1 0 0 1 0 0 1 0 0 1 0 0 1 0 0 1 0 0 1 0 0 1 0 0 0 1 0 0 1 0 0 1 0 0 1 0 0 1 0 0 1 0 0 1 0 0 1 0 0.992 0.127 0 0.992 0.127 0 0.992 0.127 0 0.992 0.127 1 0 0 1 0 0 1 0 0 -0.948 0 0.319 -0.948 0 0.319 -0.948 0 0.319 -0.948 0 0.319 1 0 0 -1 0 0 -1 0 0 -1 0 0 0 0 1 0 0 1 0 0 1 0 0 1 -1 0 0 -1 0 0 -1 0 0 0 -1 0 0 -1 0 0 -1 0 0 -1 0 0 -0.776 -0.631 0 -0.776 -0.631 0 -0.776 -0.631 0 -0.776 -0.631 0 -0.992 0.127 0 -0.992 0.127 0 -0.992 0.127 0 -0.992 0.127 -0.948 0 0.319 -0.948 0 0.319 0 1 0.013 0 1 0.013 0 1 0.013 0 1 0.013 0 -1 0.013 0 -1 0.013 0 -1 0.013 0 -1 0.013 0 0.776 -0.631 0 0.776 -0.631 0 0.776 -0.631 0 0.776 -0.631 1 0 0 1 0 0 -0.718 0.662 0.215 -0.718 0.662 0.215 -0.718 0.662 0.215 -0.718 0.662 0.215 0.718 0 0.696 0.718 0 0.696 0.718 0 0.696 0.718 0 0.696 -0.718 0 -0.696 -0.718 0 -0.696 -0.718 0 -0.696 -0.718 0 -0.696 0.718 0.662 -0.215 0.718 0.662 -0.215 0.718 0.662 -0.215 0.718 0.662 -0.215 0.718 0.409 0.563 0.718 0.409 0.563 0.718 0.409 0.563 0.718 0.409 0.563 -0.718 -0.409 -0.563 -0.718 -0.409 -0.563 -0.718 -0.409 -0.563 -0.718 -0.409 -0.563 0.718 0.409 -0.563 0.718 0.409 -0.563 0.718 0.409 -0.563 0.718 0.409 -0.563 0.718 0.662 0.215 0.718 0.662 0.215 0.718 0.662 0.215 0.718 0.662 0.215 -0.718 -0.662 -0.215 -0.718 -0.662 -0.215 -0.718 -0.662 -0.215 -0.718 -0.662 -0.215 0.718 0 -0.696 0.718 0 -0.696 0.718 0 -0.696 0.718 0 -0.696 0 0.951 -0.309 0 0.951 -0.309 0 0.951 -0.309 0 0.951 -0.309 0 0.588 -0.809 0 0.588 -0.809 0 0.588 -0.809 0 0.588 -0.809 0 0 -1 0 0 -1 0 0 -1 0 0 -1 0 -0.588 -0.809 0 -0.588 -0.809 0 -0.588 -0.809 0 -0.588 -0.809 0 -0.951 -0.309 0 -0.951 -0.309 0 -0.951 -0.309 0 -0.951 -0.309 0 -0.951 0.309 0 -0.951 0.309 0 -0.951 0.309 0 -0.951 0.309 0 -0.588 0.809 0 -0.588 0.809 0 -0.588 0.809 0 -0.588 0.809 0 0 1 0 0 1 0 0 1 0 0 1 0 0.588 0.809 0 0.588 0.809 0 0.588 0.809 0 0.588 0.809 0 0.951 0.309 0 0.951 0.309 0 0.951 0.309 0 0.951 0.309 -0.718 0.409 -0.563 -0.718 0.409 -0.563 -0.718 0.409 -0.563 -0.718 0.409 -0.563 0.718 -0.409 0.563 0.718 -0.409 0.563 0.718 -0.409 0.563 0.718 -0.409 0.563 -0.718 0.409 0.563 -0.718 0.409 0.563 -0.718 0.409 0.563 -0.718 0.409 0.563 -0.718 0.662 -0.215 -0.718 0.662 -0.215 -0.718 0.662 -0.215 -0.718 0.662 -0.215 0.718 -0.662 0.215 0.718 -0.662 0.215 0.718 -0.662 0.215 0.718 -0.662 0.215 -0.718 0 0.696 -0.718 0 0.696 -0.718 0 0.696 -0.718 0 0.696 0.718 -0.662 -0.215 0.718 -0.662 -0.215 0.718 -0.662 -0.215 0.718 -0.662 -0.215 -0.718 -0.409 0.563 -0.718 -0.409 0.563 -0.718 -0.409 0.563 -0.718 -0.409 0.563 0.718 -0.409 -0.563 0.718 -0.409 -0.563 0.718 -0.409 -0.563 0.718 -0.409 -0.563 -0.718 -0.662 0.215 -0.718 -0.662 0.215 -0.718 -0.662 0.215 -0.718 -0.662 0.215 0 -0.951 -0.309 0 -0.951 -0.309 0 -0.951 -0.309 0 -0.951 -0.309 0 0 1 0 0 1 0 0 1 0 0 1 0 0.951 -0.309 0 0.951 -0.309 0 0.951 -0.309 0 0.951 -0.309 0 -0.588 -0.809 0 -0.588 -0.809 0 -0.588 -0.809 0 -0.588 -0.809 0 -0.588 0.809 0 -0.588 0.809 0 -0.588 0.809 0 -0.588 0.809 0 0.951 0.309 0 0.951 0.309 0 0.951 0.309 0 0.951 0.309 0 0 -1 0 0 -1 0 0 -1 0 0 -1 0 -0.951 0.309 0 -0.951 0.309 0 -0.951 0.309 0 -0.951 0.309 0 0.588 0.809 0 0.588 0.809 0 0.588 0.809 0 0.588 0.809 1 0 0 1 0 0 1 0 0 1 0 0 1 0 0 1 0 0 1 0 0 1 0 0 1 0 0 1 0 0 -1 0 0 -1 0 0 -1 0 0 -1 0 0 -1 0 0 -1 0 0 -1 0 0 -1 0 0 -1 0 0 -1 0 0 -1 0 0 -1 0 0 -1 0 0 -1 0 0 -1 0 0 -1 0 0 -1 0 0 -1 0 0 -1 0 0 -1 0 0 0 0.588 -0.809 0 0.588 -0.809 0 0.588 -0.809 0 0.588 -0.809 -0.938 0 0.345 -0.938 0 0.345 -0.938 0 0.345 -0.938 0 0.345 -0.239 -0.482 0.843 -0.239 -0.482 0.843 -0.239 -0.482 0.843 -0.239 -0.482 0.843 -0.239 0.482 0.843 -0.239 0.482 0.843 -0.239 0.482 0.843 -0.239 0.482 0.843 -0.438 -0.884 0.161 -0.438 -0.884 0.161 -0.438 -0.884 0.161 -0.438 -0.884 0.161 -0.438 0.884 0.161 -0.438 0.884 0.161 -0.438 0.884 0.161 -0.438 0.884 0.161 -0.38 -0.766 0.518 -0.38 -0.766 0.518 -0.38 -0.766 0.518 -0.38 -0.766 0.518 -0.38 0.766 0.518 -0.38 0.766 0.518 -0.38 0.766 0.518 -0.38 0.766 0.518 0 -0.878 0.478 0 -0.878 0.478 0 -0.878 0.478 0 -0.878 0.478 0 0.878 0.478 0 0.878 0.478 0 0.878 0.478 0 0.878 0.478 0 -0.682 0.732 0 -0.682 0.732 0 -0.682 0.732 0 -0.682 0.732 0 0.682 0.732 0 0.682 0.732 0 0.682 0.732 0 0.682 0.732 -0.591 0 0.807 -0.591 0 0.807 -0.591 0 0.807 -0.591 0 0.807 0 0 -1 0 0 -1 0 0 -1 0 0 -1 0 0 -1 0 0 -1 0 1 0 0 1 0 0 1 0 0 1 0 1 0 0 1 0 0 1 0 0 1 0 0 1 0 0 1 0 0 -0.591 0 0.807 -0.591 0 0.807 1 0 0 1 0 0 1 0 0 1 0 0 0 0 1 0 0 1 0 0 1 0 0 1 0 -1 0 0 -1 0 0 -1 0 0 -1 0 0 1 0 0 1 0 0 1 0 0 1 0 0 -1 0 0 -1 0 0 -1 0 0 -1 0 -1 0 0 -1 0 0 -1 0 0 -1 0 0 -1 0 0 -1 0 0 -1 0 0 -1 0 0 0.383 0 -0.924 0.383 0 -0.924 0.383 0 -0.924 0.383 0 -0.924 0.924 0 -0.383 0.924 0 -0.383 0.924 0 -0.383 0.924 0 -0.383 -0.924 0 -0.383 -0.924 0 -0.383 -0.924 0 -0.383 -0.924 0 -0.383 -0.383 0 -0.924 -0.383 0 -0.924 -0.383 0 -0.924 -0.383 0 -0.924 0 0 -1 0 0 -1 0 0 -1 0 0 -1 0.005 0.982 0.188 0.005 0.982 0.188 0.005 0.982 0.188 0.005 0.982 0.188 0.021 0.668 0.744 0.021 0.668 0.744 0.021 0.668 0.744 0.021 0.668 0.744 0.021 -0.668 0.744 0.021 -0.668 0.744 0.021 -0.668 0.744 0.021 -0.668 0.744 0.005 -0.982 0.188 0.005 -0.982 0.188 0.005 -0.982 0.188 0.005 -0.982 0.188 0.028 0 1 0.028 0 1 0.028 0 1 0.028 0 1 0 1 0 0 1 0 0 1 0 0 1 0 0 1 0 0 1 0 0 1 0 0 1 0 1 0 0 1 0 0 1 0 0 1 0 0 1 0 0 1 0 0 1 0 0 1 0 0 0 -1 0 0 -1 0 0 -1 0 0 -1 0 0 -1 0 0 -1 0 0 -1 0 0 -1 0</float_array><technique_common><accessor source="#g-n-a" count="2334" stride="3"><param name="X" type="float"/><param name="Y" type="float"/><param name="Z" type="float"/></accessor></technique_common></source>
<vertices id="g-v"><input semantic="POSITION" source="#g-p"/><input semantic="NORMAL" source="#g-n"/></vertices>
<triangles material="m0" count="230"><input semantic="VERTEX" source="#g-v" offset="0"/><p>1856 1857 1858 1858 1859 1856 1860 1861 1862 1861 1860 1863 1864 1865 1866 1867 1865 1864 1868 1869 1870 1869 1868 1871 1872 1873 1863 1861 1863 1873 1874 1875 1876 1877 1876 1875 1878 1879 1880 1880 1881 1878 1881 1882 1883 1882 1881 1880 1884 1885 1886 1887 1884 1886 1888 1889 1879 1879 1878 1888 1890 1891 1892 1893 1890 1892 1894 1872 1895 1872 1894 1873 1896 1897 1898 1897 1896 1899 1900 1901 1902 1901 1900 1903 1904 1905 1906 1904 1906 1907 1908 1909 1910 1908 1910 1911 1912 1913 1914 1912 1914 1915 1916 1917 1918 1917 1916 1919 1920 1921 1922 1920 1922 1923 1924 1925 1926 1924 1926 1927 1928 1929 1930 1929 1928 1931 1932 1933 1934 1933 1932 1935 1936 1937 1938 1938 1939 1936 1940 1941 1942 1943 1944 1945 1946 1944 1943 1941 1940 1947 1947 1910 1941 1910 1947 1915 1916 1948 1949 1916 1950 1948 1951 1952 1953 1952 1951 1954 1955 1956 1950 1956 1955 1957 1958 1959 1960 1958 1961 1959 1962 1963 1964 1962 1965 1963 1966 1967 1968 1967 1966 1969 1970 1971 1945 1944 1970 1945 1972 1973 1974 1974 1975 1972 1976 1977 1978 1977 1976 1979 1980 1981 1982 1981 1980 1983 1984 1942 1985 1942 1984 1940 1986 1987 1988 1987 1986 1989 1990 1991 1992 1991 1990 1993 1994 1995 1996 1994 1996 1997 1998 1999 2000 1998 2000 2001 2002 2003 2004 2003 2002 2005 2006 2007 2008 2006 2008 2009 2010 2011 2012 2011 2010 2013 2014 2015 2016 2014 2016 2017 2018 2019 2020 2018 2020 2021 2022 2023 2024 2023 2022 2025 2026 2027 2028 2026 2029 2027 2030 2031 2032 2030 2033 2031 2034 2035 2036 2034 2036 2037 2038 2039 2040 2039 2038 2041 2042 2043 2044 2043 2042 2045 2046 2047 2048 2046 2049 2047 2050 2051 2052 2051 2050 2053 2054 2055 2056 2055 2054 2057 2058 2059 2060 2059 2058 2061 2062 2063 2064 2063 2062 2065 2066 2067 2068 2067 2066 2069 2070 2071 2072 2071 2070 2073 2074 2075 2076 2076 2077 2074 2078 2079 2080 2079 2078 2081 2082 2083 2084 2083 2082 2085 2086 2087 2088 2086 2089 2087 2090 2091 2092 2091 2090 2093 2094 2095 2096 2095 2094 2097 2098 2099 2100 2098 2101 2099 2102 2103 2104 2103 2102 2105 2106 2107 2108 2109 2108 2107 2110 2111 2112 2113 2112 2111 2114 2115 2116 2115 2114 2117 2118 2119 2120 2121 2120 2119 2122 2123 2124 2125 2124 2123 2126 2127 2128 2127 2126 2129 2130 2131 2132 2131 2130 2133 2134 2135 2136 2137 2136 2135 2138 2139 2140 2141 2140 2139 2142 2143 2144 2143 2142 2145 2143 2146 2144 2146 2147 2148 2148 2147 2149 2147 2146 2143 2147 2150 2149 2150 2147 2151 2152 2153 2154 2152 2154 2155 2156 2157 2158 2157 2156 2159 2160 2161 2162 2161 2160 2163 2155 2164 2152 2164 2155 2165 2156 2166 2159 2166 2156 2167 2161 2168 2169 2161 2169 2162 2165 2170 2171 2165 2171 2164 2167 2154 2153 2167 2153 2166 2157 2169 2168 2157 2168 2158 2172 2173 2174 2173 2172 2175 2160 2171 2170 2160 2170 2163 2176 2177 2178 2176 2178 2179 2180 2181 2182 2183 2181 2180 2184 2185 2186 2185 2184 2187 2188 2189 2190 2189 2188 2191 2192 2193 2194 2193 2192 2195 2196 2197 2198 2196 2199 2197 2200 2201 2202 2201 2200 2203 2204 2205 2206 2205 2204 2207 2208 2209 2210 2208 2210 2211 2212 2213 2214 2213 2212 2215 2216 2217 2218 2216 2219 2217 2220 2221 2222 2223 2220 2222 2224 2225 2226 2227 2225 2228 2225 2224 2229 2225 2227 2226 2230 2231 2232 2232 2233 2230 2234 2235 2236 2234 2237 2235 2237 2238 2239 2237 2234 2238 2240 2241 2221 2221 2220 2240 2242 2243 2235 2243 2244 2245 2243 2242 2244 2236 2235 2243 2246 2247 2248 2247 2246 2249 2250 2251 2252 2251 2250 2253 2254 2255 2256 2256 2257 2254 2258 2259 2260 2259 2258 2261</p></triangles>
<triangles material="m1" count="400"><input semantic="VERTEX" source="#g-v" offset="0"/><p>1188 1189 1190 1189 1188 1191 1192 1193 1194 1193 1192 1195 1196 1197 1198 1197 1196 1199 1200 1201 1202 1200 1202 1203 1204 1205 1206 1204 1207 1205 1208 1209 1210 1208 1210 1211 1212 1213 1214 1213 1212 1215 1216 1217 1218 1216 1218 1219 1220 1221 1222 1221 1220 1223 1224 1225 1226 1225 1224 1227 1228 1229 1230 1228 1230 1231 1232 1233 1234 1235 1233 1232 1233 1235 1236 1233 1236 1237 1236 1238 1239 1236 1235 1238 1237 1240 1241 1240 1237 1236 1242 1243 1244 1243 1242 1245 1246 1247 1248 1247 1246 1249 1250 1251 1252 1253 1252 1251 1254 1255 1256 1255 1254 1257 1258 1259 1260 1259 1258 1261 1262 1263 1264 1265 1264 1263 1266 1267 1268 1267 1266 1269 1270 1271 1272 1271 1270 1273 1274 1275 1276 1275 1274 1277 1278 1279 1280 1279 1278 1281 1282 1283 1284 1282 1285 1283 1286 1284 1287 1286 1282 1284 1283 1288 1289 1288 1283 1285 1290 1287 1291 1287 1290 1286 1292 1290 1291 1292 1291 1293 1292 1294 1295 1294 1292 1293 1295 1296 1297 1296 1295 1294 1298 1297 1296 1297 1298 1299 1299 1300 1301 1300 1299 1298 1301 1289 1288 1289 1301 1300 1302 1303 1304 1305 1303 1302 1303 1305 1306 1306 1307 1303 1308 1309 1307 1308 1307 1306 1309 1310 1311 1310 1309 1308 1312 1313 1314 1312 1315 1313 1316 1317 1318 1317 1316 1319 1320 1321 1322 1321 1320 1323 1324 1325 1326 1324 1326 1327 1328 1329 1330 1329 1328 1331 1332 1333 1334 1332 1335 1333 1336 1337 1338 1336 1339 1337 1340 1341 1342 1340 1343 1341 1344 1345 1346 1345 1344 1347 1348 1349 1350 1349 1348 1351 1352 1353 1354 1353 1352 1355 1356 1357 1358 1359 1356 1358 1360 1361 1362 1361 1360 1363 1364 1365 1366 1365 1364 1367 1368 1369 1370 1369 1368 1371 1372 1373 1374 1375 1372 1374 1376 1377 1378 1377 1376 1379 1380 1381 1382 1383 1380 1382 1384 1385 1386 1385 1384 1387 1388 1389 1390 1388 1391 1389 1392 1388 1390 1390 1393 1392 1393 1394 1392 1394 1393 1395 1396 1397 1398 1397 1396 1399 1400 1398 1397 1398 1400 1401 1396 1395 1399 1395 1396 1394 1402 1400 1403 1400 1402 1401 1404 1402 1403 1402 1404 1405 1405 1406 1407 1406 1405 1404 1408 1409 1410 1411 1408 1410 1412 1413 1414 1412 1415 1413 1416 1417 1418 1417 1419 1412 1419 1417 1416 1415 1420 1421 1415 1412 1419 1420 1415 1419 1422 1423 1424 1422 1425 1423 1426 1427 1428 1427 1426 1429 1407 1389 1391 1389 1407 1406 1430 1431 1432 1431 1430 1433 1434 1435 1436 1434 1436 1437 1438 1439 1440 1439 1438 1441 1442 1443 1444 1442 1445 1443 1446 1447 1448 1446 1449 1447 1450 1451 1452 1450 1453 1451 1454 1455 1456 1454 1457 1455 1458 1459 1460 1459 1458 1461 1462 1463 1464 1463 1462 1465 1466 1467 1468 1467 1466 1469 1470 1471 1472 1471 1470 1473 1474 1475 1476 1477 1478 1479 1480 1481 1482 1483 1484 1485 1486 1487 1488 1487 1486 1489 1490 1491 1492 1492 1493 1490 1494 1495 1496 1496 1497 1494 1498 1499 1500 1501 1498 1500 1502 1503 1504 1503 1502 1505 1506 1507 1508 1506 1508 1509 1510 1505 1502 1505 1510 1511 1512 1506 1509 1512 1509 1513 1514 1515 1516 1516 1517 1514 1518 1519 1520 1521 1522 1523 1524 1525 1526 1527 1528 1529 1530 1531 1532 1533 1534 1535 1536 1537 1538 1539 1540 1541 1542 1543 1544 1543 1542 1545 1546 1547 1548 1547 1546 1549 1550 1551 1552 1551 1550 1553 1554 1555 1556 1555 1554 1557 1558 1559 1560 1559 1558 1561 1562 1563 1564 1562 1564 1565 1566 1544 1543 1544 1566 1567 1565 1568 1562 1568 1565 1569 1570 1566 1571 1566 1570 1567 1572 1573 1574 1575 1572 1574 1576 1577 1578 1577 1576 1579 1580 1581 1582 1581 1580 1583 1584 1571 1585 1570 1571 1584 1586 1587 1588 1589 1586 1588 1590 1591 1592 1591 1590 1593 1564 1594 1595 1594 1564 1563 1596 1597 1598 1597 1596 1599 1600 1601 1602 1603 1600 1602 1584 1604 1605 1604 1584 1585 1595 1602 1601 1602 1595 1594 1606 1607 1608 1609 1606 1608 1610 1600 1603 1600 1610 1611 1612 1605 1604 1613 1612 1604 1614 1615 1616 1617 1614 1616 1618 1619 1620 1619 1618 1621 1622 1623 1624 1622 1624 1625 1626 1611 1610 1611 1626 1627 1628 1629 1612 1630 1628 1612 1631 1632 1633 1634 1631 1633 1630 1612 1613 1635 1630 1613 1636 1637 1638 1637 1636 1639 1610 1640 1626 1640 1610 1641 1642 1643 1644 1643 1642 1645 1646 1621 1647 1621 1646 1619 1648 1649 1650 1651 1648 1650 1652 1653 1654 1652 1654 1655 1656 1657 1658 1656 1659 1657 1660 1661 1662 1661 1660 1663 1664 1662 1661 1665 1666 1667 1666 1668 1669 1668 1666 1665 1670 1671 1672 1670 1672 1673 1660 1674 1675 1674 1660 1662 1676 1677 1678 1679 1676 1678 1680 1676 1681 1676 1680 1677 1682 1683 1684 1683 1682 1685 1686 1665 1687 1665 1686 1688 1689 1690 1691 1690 1689 1692 1693 1665 1688 1668 1665 1693 1694 1695 1696 1695 1694 1697 1698 1699 1700 1699 1698 1701 1702 1703 1704 1660 1675 1702 1660 1702 1704 1703 1702 1705 1706 1707 1708 1708 1709 1706 1710 1711 1712 1711 1710 1713 1687 1710 1686 1686 1710 1712 1714 1715 1716 1717 1716 1715 1713 1718 1711 1718 1713 1719 1720 1721 1722 1723 1722 1721 1724 1725 1726 1726 1727 1724 1728 1729 1730 1729 1728 1731 1732 1733 1734 1733 1732 1735 1736 1737 1738 1738 1739 1736 1740 1703 1741 1741 1703 1705 1741 1735 1740 1735 1741 1733 1742 1743 1744 1744 1745 1742 1746 1747 1748 1748 1749 1746 1750 1751 1752 1751 1750 1753 1749 1718 1719 1718 1749 1748 1754 1755 1756 1757 1755 1754 1746 1758 1747 1758 1746 1759 1760 1761 1762 1760 1762 1763 1734 1755 1732 1755 1734 1756 1757 1764 1765 1764 1757 1754 1766 1767 1768 1768 1769 1766 1770 1771 1772 1771 1770 1773 1758 1774 1775 1774 1758 1759 1776 1777 1778 1777 1776 1779 1780 1781 1782 1781 1780 1783 1784 1785 1786 1787 1788 1789 1790 1791 1792 1793 1794 1795 1796 1793 1797 1792 1798 1790 1794 1793 1796 1799 1795 1794 1800 1801 1802 1801 1800 1803 1804 1805 1806 1807 1808 1809 1810 1811 1812 1813 1810 1812 1814 1815 1816 1815 1814 1817 1818 1819 1820 1821 1819 1818 1819 1821 1822 1820 1819 1823 1824 1825 1826 1824 1826 1827 1828 1829 1830 1828 1831 1829 1831 1828 1832 1830 1829 1833 1834 1835 1836 1835 1834 1837 1838 1501 1839 1500 1839 1501 1840 1835 1841 1837 1841 1835 1842 1835 1840 1835 1842 1843 1844 1845 1846 1847 1846 1845 1848 1815 1849 1815 1848 1816 1815 1850 1849 1850 1815 1851 1852 1853 1854 1853 1852 1855</p></triangles>
<triangles material="m2" count="402"><input semantic="VERTEX" source="#g-v" offset="0"/><p>394 395 396 395 394 397 398 399 400 399 398 401 402 403 404 405 404 403 406 407 408 406 408 409 410 411 412 413 412 411 414 415 416 417 416 415 418 419 420 419 418 421 422 423 424 423 422 425 426 427 428 426 428 429 430 431 432 431 430 433 434 435 436 436 437 434 438 439 440 439 438 441 442 443 444 443 442 445 446 447 448 449 450 451 452 453 454 452 454 455 456 457 458 456 459 457 460 461 462 461 460 463 464 465 466 464 467 465 468 469 470 468 471 469 472 473 474 475 474 473 476 477 478 476 479 477 480 481 482 481 480 483 484 485 486 484 486 487 488 489 490 489 488 491 492 493 494 493 492 495 496 497 498 498 497 499 500 501 502 501 500 503 504 505 506 504 507 505 508 509 510 508 511 509 512 513 514 514 515 512 516 517 518 517 516 519 520 521 522 521 520 523 524 525 526 525 524 527 528 529 530 529 528 531 532 533 534 533 532 535 536 537 538 537 536 539 540 541 542 541 540 543 544 545 546 545 544 547 548 549 550 551 552 553 554 555 556 555 554 557 558 559 560 561 562 563 564 565 566 564 567 565 568 569 570 571 568 570 572 573 574 573 572 575 576 577 578 576 579 577 580 581 582 581 580 583 584 585 586 587 588 589 590 591 592 592 593 590 594 595 596 597 598 599 600 601 602 601 600 603 604 605 606 606 607 604 608 609 610 608 610 611 612 613 614 614 615 612 616 617 618 619 620 621 622 623 624 623 622 625 626 627 628 627 626 629 630 631 632 633 634 635 636 637 638 639 640 641 642 643 644 644 645 642 646 647 648 649 650 651 652 653 654 653 652 655 656 657 658 657 656 659 660 661 662 661 660 663 664 665 666 665 664 667 668 669 670 668 671 669 672 673 674 673 672 675 676 677 678 679 678 677 680 681 682 681 680 683 684 685 686 687 684 686 688 689 690 690 691 688 692 693 694 695 696 697 698 699 700 699 698 701 702 703 704 705 706 707 708 709 710 711 709 708 712 713 714 715 712 714 716 717 718 719 716 718 720 721 722 721 720 723 724 725 726 727 728 729 730 731 732 730 733 731 734 735 736 735 734 737 738 739 740 741 742 743 744 745 746 746 747 744 748 749 750 751 750 749 752 753 754 755 752 754 756 757 758 756 758 759 760 761 762 761 760 763 764 765 766 764 767 765 768 769 770 769 768 771 772 773 774 773 772 775 776 777 778 776 778 779 780 781 782 780 782 783 784 785 786 787 788 789 790 791 792 791 790 793 794 795 796 795 794 797 798 799 800 800 801 798 802 803 804 805 806 807 808 809 810 811 812 813 814 815 816 815 814 817 818 819 820 821 820 819 822 823 824 823 822 825 826 827 828 827 826 829 830 831 832 831 830 833 834 835 836 837 838 839 840 841 842 840 843 841 844 845 846 844 847 845 848 849 850 849 848 851 852 853 854 855 854 853 856 857 858 859 860 861 862 863 864 863 862 865 866 867 868 867 866 869 870 871 872 872 873 870 874 875 876 877 878 879 880 881 882 881 880 883 884 885 886 884 887 885 888 889 890 889 888 891 892 893 894 893 892 895 896 897 898 897 896 899 900 901 902 902 903 900 904 905 906 907 908 909 910 911 912 911 910 913 914 915 916 915 914 917 918 919 920 919 918 921 922 923 924 922 924 925 926 927 928 926 928 929 930 931 932 931 930 933 934 935 936 935 934 937 938 939 940 941 942 943 944 945 946 947 946 945 948 949 950 948 950 951 952 953 954 952 954 955 956 957 958 957 956 959 960 961 962 962 963 960 964 965 966 967 965 964 968 969 970 971 969 968 972 968 973 968 972 971 974 975 972 974 972 973 976 977 978 976 979 977 980 981 982 981 980 983 984 985 986 985 984 987 988 979 989 988 977 979 980 984 986 986 983 980 990 991 992 991 990 993 994 995 996 996 997 994 998 999 1000 999 998 1001 1002 1003 1004 1002 1005 1003 976 1006 1007 1006 976 978 1008 1009 1010 1008 1011 1009 1012 1013 1014 1012 1015 1013 1016 1014 1017 1012 1014 1016 1018 1019 1020 1019 1018 1021 1022 1023 1024 1023 1022 1025 1006 982 1007 981 1007 982 1026 1027 1028 1029 1028 1027 1030 1031 1032 1031 1030 1033 1034 1035 1036 1034 1036 1037 1038 1039 1040 1039 1038 1041 1042 1043 1044 1042 1045 1043 1043 1046 1047 1046 1043 1045 1048 1038 1049 1048 1041 1038 1031 1050 1032 1031 1051 1050 1036 1052 1053 1052 1036 1035 1054 1055 1056 1055 1054 1057 1058 1059 1060 1059 1058 1061 1062 1063 1064 1063 1062 1065 1066 1067 1068 1067 1066 1069 1070 1071 1072 1071 1070 1073 1074 1075 1076 1077 1078 1079 1078 1080 1081 1075 1074 1081 1080 1078 1077 1080 1075 1081 1082 1083 1084 1083 1082 1085 1086 1087 1088 1087 1086 1089 1090 1091 1092 1090 1093 1091 1094 1095 1096 1097 1098 1099 1100 1101 1102 1101 1100 1103 1104 1105 1106 1104 1106 1107 1108 1109 1110 1108 1110 1111 1112 1113 1114 1112 1114 1115 1116 1117 1118 1117 1116 1119 1120 1028 1121 1028 1120 1026 1122 1117 1119 1117 1122 1123 1124 1125 1126 1125 1124 1127 1128 1129 1130 1127 1131 1125 1129 1131 1127 1131 1132 1133 1132 1131 1129 1132 1129 1128 1134 1135 1136 1137 1136 1135 1138 1139 1140 1141 1140 1139 1117 1142 1118 1142 1117 1143 1144 1135 1145 1135 1144 1137 1146 1147 1141 1139 1146 1141 1123 1143 1117 1143 1123 1148 1149 1135 1134 1135 1149 1150 1150 1145 1135 1145 1150 1151 989 985 988 988 985 987 1152 1153 1154 1154 1155 1152 1156 1157 1158 1159 1158 1157 1160 1161 1162 1163 1162 1161 1164 1165 1166 1166 1167 1164 1168 1017 1169 1016 1017 1168 1170 1171 1172 1173 1174 1175 1176 1177 1178 1179 1180 1181 1182 1183 1184 1185 1186 1187</p></triangles>
<triangles material="m3" count="218"><input semantic="VERTEX" source="#g-v" offset="0"/><p>0 1 2 1 0 3 4 5 6 5 4 7 8 9 10 9 8 11 12 13 14 14 15 12 16 17 18 17 16 19 20 21 22 21 20 23 24 25 26 27 26 25 28 29 30 29 28 31 3 0 32 32 33 3 34 35 36 37 34 38 37 38 39 35 34 37 40 35 37 40 41 35 42 43 44 43 42 45 46 47 48 46 48 49 50 51 52 51 50 53 54 55 56 55 54 57 58 12 59 12 58 13 60 61 62 62 61 63 64 65 66 65 64 67 68 69 70 68 71 69 72 73 74 74 75 72 76 77 78 76 79 77 80 81 82 82 83 80 84 85 86 85 84 87 88 89 90 88 91 89 92 93 94 93 92 95 96 97 98 97 96 99 100 101 102 103 100 102 104 105 106 104 107 105 108 109 110 108 111 109 112 113 114 115 116 117 118 119 120 121 122 123 124 125 126 125 124 127 128 129 130 129 128 131 132 133 134 133 132 135 136 137 138 138 139 136 140 141 142 141 140 143 144 145 146 144 147 145 148 149 150 149 148 151 152 153 154 155 152 154 156 157 158 157 156 159 160 161 162 162 163 160 164 165 166 165 164 167 168 169 170 169 168 171 172 173 174 173 172 175 176 177 178 176 179 177 180 181 182 181 180 183 184 185 186 185 184 187 188 189 190 190 191 188 192 193 194 193 192 195 196 197 198 199 200 201 202 203 204 205 206 207 208 209 210 209 208 211 212 213 214 213 212 215 216 217 218 216 219 217 220 221 222 221 220 223 224 225 226 225 224 227 228 229 230 228 230 231 232 233 234 233 232 235 236 237 238 236 238 239 240 241 242 241 240 243 244 245 246 245 244 247 248 249 250 249 248 251 252 253 254 254 255 252 256 257 258 256 258 259 260 261 262 261 260 263 264 265 266 265 264 267 268 269 270 269 268 271 272 273 274 273 272 275 276 277 278 15 277 276 277 14 279 277 15 14 4 280 281 282 280 6 280 4 6 280 282 283 58 284 285 286 284 287 284 286 285 284 58 59 288 289 290 291 292 293 292 291 294 289 288 295 290 33 32 33 290 289 5 7 296 297 5 296 298 299 300 298 300 301 302 303 304 302 304 305 306 296 307 306 308 309 306 307 308 306 297 296 310 311 312 313 312 311 314 315 316 315 314 317 318 319 320 319 318 321 322 323 324 323 322 325 326 323 325 327 323 326 328 329 330 329 328 331 332 333 334 333 332 335 336 337 338 336 339 337 338 337 327 338 327 326 340 341 342 341 340 343 344 345 346 345 344 347 348 349 350 349 348 351 352 353 354 353 352 355 356 357 358 357 356 359 360 361 362 363 361 360 321 330 319 330 321 328 364 365 366 367 365 364 318 320 368 318 368 369 370 371 372 371 370 373 374 375 376 375 374 377 378 379 380 379 378 381 382 383 384 383 382 385 371 260 372 260 371 263 386 387 388 386 389 387 390 391 392 391 390 393 375 377 268 268 270 375</p></triangles>
<triangles material="m4" count="44"><input semantic="VERTEX" source="#g-v" offset="0"/><p>2262 2263 2264 2262 2265 2263 2266 2265 2267 2265 2266 2263 2265 2262 2268 2265 2268 2269 2270 2271 2272 2271 2270 2273 2274 2275 2276 2274 2277 2275 2278 2279 2280 2278 2281 2279 2282 2283 2284 2283 2282 2285 2286 2287 2288 2286 2288 2289 2290 2291 2292 2291 2290 2293 2294 2295 2296 2295 2294 2297 2298 2299 2300 2298 2300 2301 2302 2303 2304 2302 2305 2303 2306 2307 2308 2307 2306 2309 2310 2311 2312 2311 2313 2314 2313 2311 2310 2314 2315 2316 2314 2316 2317 2315 2314 2313 2318 2319 2320 2318 2321 2319 2322 2321 2323 2321 2322 2319 2321 2324 2325 2321 2318 2324 2326 2327 2328 2329 2330 2331 2329 2331 2332 2333 2327 2326 2327 2330 2329 2330 2327 2333</p></triangles>
</mesh></geometry></library_geometries><library_visual_scenes><visual_scene id="Scene"><node id="n" name="rifle"><instance_geometry url="#g"><bind_material><technique_common>
<instance_material symbol="m0" target="#m0"/>
<instance_material symbol="m1" target="#m1"/>
<instance_material symbol="m2" target="#m2"/>
<instance_material symbol="m3" target="#m3"/>
<instance_material symbol="m4" target="#m4"/>
</technique_common></bind_material></instance_geometry></node></visual_scene></library_visual_scenes><scene><instance_visual_scene url="#Scene"/></scene></COLLADA>
